=== CAMADA OCULTA ===

Neuronio Oculto 0
Pesos: [0.45810163020665584, -0.11459216545141548, -0.06625117982060735, -0.028574521897489547, -0.06459566580855758, -0.35612360874380433, -0.1756995370456198, 0.19958869972745463, -0.387441563767861, 0.4790580644748291, -0.04065077076153234, -0.18176564691461772, 0.26036590528950554, 0.43795652293022047, -0.2029262052956412, 0.0006302789831855726, -0.031423373240089814, -0.3846291378096095, 0.27234953483487734, 0.24890320279738487, -0.31799310479808385, 0.24378453669700373, -0.37509852104992314, -0.1080340204580964, 0.4254213473671491, -0.48126146469106723, -0.3650423565192811, 0.42653812349079545, 0.4157780522588035, 0.18395501871575104, 0.2158141619993459, -0.04263363943963716, -0.4303664976016107, -0.06626888119167429, -0.08629489466996176, -0.3796847050467842, -0.05283380798359283, 0.4257439965873935, 0.11207722710806534, -0.2948453156642039, -0.4634581510780911, 0.14800893964810902, -0.3821503264221695, -0.061446074846760346, 0.32482405843671913, 0.27355078611895234, -0.4245764567627073, -0.4357004087174754, -0.3069830961996415, -0.14935227994395872, 0.09539316708421941, 0.1319729996920871, -0.1895258851255115, -0.26922231089093485, -0.07999145549943099, -0.41120171913017534, -0.3661933145989227, -0.2113591907794613, 0.0036061682556147723, 0.15464554474098102, 0.4440406870194461, 0.3784551049433815, -0.32886414824928734, 0.34799784444828796, -0.44134253336676954, -0.1292390858461261, 0.07245009027917793, 0.2823196296161202, 0.046036331167518596, -0.321925229951192, -0.4931651764491649, -0.24276067026072312, 0.11016084771870449, 0.13409457399764446, 0.22558330737380627, -0.20465397003898733, -0.34224366158118824, 0.31699885441082953, -0.44886241285778494, 0.3582620276963301, -0.14486441982108278, 0.10414547143196318, 0.29031774994865267, -0.16844411024887596, 0.4403291747027499, -0.17876576797805133, 0.13589668239215058, -0.21089099106386922, -0.3708241739621111, 0.47361611016434446, -0.2744669218712469, -0.3143934542435708, 0.41561208837933794, 0.35124389474867557, -0.16253700703986262, -0.34364937365959336, 0.3979147328392626, -0.47791922984362445, -0.3897144401565251, -0.38184222889987973, -0.2599523297303131, 0.08200099642838687, -0.1711679257260702, 0.05880607531898274, 0.4085219049292639, -0.17401377517359884, -0.3228380351954253, 0.0558287491319428, -0.026857156888545064, -0.45001256569636494, -0.3637944859288508, 0.22656851783419796, 0.09169546719829191, -0.0316348474673559, -0.33144075868289136, 0.43371309706728145, 0.45748176122479445, -0.2651385171575187, -0.4718149852652208, 0.01631001889884809]
Bias: 0.4516902441478452

Neuronio Oculto 1
Pesos: [-0.4017794108536804, -0.05190930628753787, -0.037887435047532336, 0.2693733296773545, 0.21667896823941424, -0.001264054220641686, -0.3484249370317415, 0.34942049450754464, 0.32450204494011914, 0.26041218423610324, 0.38913612482276216, -0.24079861191377872, 0.40144815908439835, -0.22773822690947398, 0.4504603265658943, 0.07303488917321266, -0.05186819852001712, -0.38125975574539894, 0.2725841358536031, -0.289242649784217, -0.37337303704719016, -0.14966131366607094, -0.37735688600385475, -0.38673159196213924, 0.09764368467505258, 0.110357404866257, -0.050956266697565256, -0.18375194089552016, -0.28416523239613733, -0.4073567426042922, 0.3302673938562326, -0.4326918345260926, -0.3846641588776576, 0.14622385525095227, 0.112579359533993, 0.1457558469137662, -0.38674972536540875, -0.004058905860132578, -0.22396282053931416, 0.12183698780095509, 0.3259205262577296, -0.2664284597105363, -0.3338480328296808, 0.1761227775328158, 0.4469051772754151, -0.3181925683926671, -0.36405809984120907, -0.1666955929806364, -0.30076396709446096, 0.4830830228214691, 0.3465950262182369, -0.2668271821786856, -0.19466566200838586, -0.033077616797164144, -0.33614817675657727, 0.37158381886228053, -0.1958786904403197, 0.16681621597775287, 0.43066668299417765, -0.2983463826824767, -0.11386119980692955, 0.07706100996770748, -0.1027527466967848, -0.36036683279815984, -0.4422761663049528, -0.12028751252853354, 0.25683737761404046, -0.07863469160074832, -0.21397545614698632, 0.3945982896815978, -0.011620269642929948, -0.23479072043233007, -0.37699824907151147, 0.1658525407061302, 0.2890019537978398, 0.24482454212681048, -0.4742504935512427, 0.2787410067657612, -0.4438345148498217, 0.17195128921344427, -0.020065716965943614, -0.28179574132390484, 0.2942626248969, -0.3654303134644833, -0.05175583135029105, 0.406478284380109, 0.28074038591827355, -0.04790311348200882, 0.10860533142803108, 0.4367097635874161, -0.4313346039100524, -0.05998980608755711, 0.4749639784274249, -0.11335872069817965, 0.29619881186571506, -0.38414886719409524, 0.3138094636025486, -0.385424572122843, 0.18711375278963227, 0.4507328893839161, -0.19070571653254909, -0.18852155665852732, -0.3242218361609662, -0.352844503204344, 0.40905904930426185, -0.35561515321539494, 0.3335412914603274, -0.4085490248206112, -0.30102693015960347, -0.31681035024639703, -0.1863019629872601, -0.2972623632520017, -0.08608951669191267, -0.32009723121818334, 0.027720786968765343, 0.3024731491589445, 0.48666597285879365, 0.2776715839396584, 0.24930183968754038, 0.42459530106821597]
Bias: 0.23571893120994314

Neuronio Oculto 2
Pesos: [0.106523987529759, -0.15974889956579308, -0.15167281614579542, -0.2600812026953495, -0.022862043121197884, 0.18452011835649174, -0.11667068145981907, 0.36877220047454184, 0.060480435746509964, -0.3825869080625457, -0.45973621130587705, 0.24630000566848786, 0.369189943657133, 0.33067476880809943, 0.47978485143324034, -0.030134863564336922, -0.3308459357485476, 0.2624905740629895, -0.24363743758074785, 0.29063509556857337, 0.08352447124298779, -0.48831516846946166, 0.37058033848962535, 0.4936247849883204, -0.14136205134208135, -0.0438877138752658, 0.2690335159992788, 0.3089447922130103, -0.34100432649628143, -0.47279250438455056, -0.15530303898365205, 0.09519869630955569, -0.1987632720697231, 0.49822371151163103, 0.43539805908702056, 0.1896527950072724, 0.3915665561454539, 0.21992803296632968, -0.10021724000350052, -0.3423800305015522, 0.46634250705835767, -0.02138535504729988, 0.17798705498026524, -0.3110923942266073, -0.3399868332510365, -0.4797147306916867, 0.40416715169790696, -0.3323098604398653, 0.33429978616450073, 0.2015893236270322, -0.4814778315961419, 0.11437456011000724, 0.2090788692566402, -0.11035367532503582, 0.4322455608489909, 0.1000224992773524, -0.21885747668476185, -0.10858958912720196, 0.07819544626189312, 0.12855799453387873, 0.4941240957797366, 0.4083208824071861, -0.4702172928888606, -0.22356834678832382, 0.09166526872356451, -0.4044346529618542, 0.05277360736541148, 0.19565923945269437, 0.255141852182295, 0.13531490217650755, -0.3638214941743433, 0.016581441043031275, -0.24360093697657392, -0.3081010489892051, -0.2278743496215957, -0.13529842259735503, -0.42375963079380974, 0.27066281621577015, 0.09344155552760369, -0.16356453599902443, -0.2908760436322746, 0.4250060534068556, 0.00044205890723481023, 0.2935510141871759, -0.42584159178574577, 0.007899057798512521, 0.3453077398967189, -0.4309789646011615, 0.3976830180779096, -0.3933706775929149, 0.09566632163854083, -0.008785312555773306, -0.4542361820394729, -0.15482663275497877, 0.16924091732203994, -0.22704726148853727, -0.22214542704686113, -0.002203721358991606, -0.01870633752982198, 0.3628022922521065, -0.396754058055122, -0.11134962878763421, 0.37413360203497426, 0.20604963306223845, 0.3877098777347012, -0.28822583303633564, 0.18864703054612642, 0.28595637098234483, -0.2038839276345894, 0.21403193660162445, 0.379794835918678, -0.17922786347251085, -0.16808625241241204, 0.3955601991840879, -0.18167786860833457, 0.3944223683007446, -0.45058533004366286, 0.3705605327321061, -0.4053087846640733, -0.31404515161974833]
Bias: -0.4127475566993063

Neuronio Oculto 3
Pesos: [0.3931548006626009, -0.39877169807361335, 0.26872709259802685, 0.4723896894531536, 0.031684940924954996, 0.4232337520009516, 0.04514991203546648, 0.24260189940733667, 0.1747695006940574, 0.29669283384406375, -0.48105763255880973, -0.051041983854866246, 0.2665049435293513, 0.09668768033009845, 0.20365428681040065, 0.24962325834264643, 0.09221387869212927, -0.2560297043908649, -0.3666831104077086, -0.2943840870427019, 0.3218313902554786, -0.4555164997271194, 0.12125987623375012, 0.34778956175009534, 0.06618922929447513, -0.028175864000560047, -0.12493493509248554, -0.280552332365556, -0.03991722278004217, -0.24842237592589744, 0.36520941301481147, 0.1659781449412957, 0.41678950141247617, -0.4549517119886207, -0.18422851743821245, 0.38924222772543315, 0.2059297220037336, -0.47677512579181025, -0.3917640870552904, -0.48981606755947404, -0.011856847002832738, 0.2753201769594191, -0.3659369208487441, -0.45246891821057444, -0.04423839924653994, -0.3661346793305361, 0.349209929798711, 0.10603331149533002, 0.044933619082147325, -0.25149773905784323, -0.2440898709274023, -0.48087238857615977, -0.3566888728353953, -0.2341646871729921, 0.43275255600262585, -0.3589030216152468, -0.172016266319714, 0.2691235948090017, -0.1447454066571937, 0.04216638614472845, -0.4775656150965085, -0.35567817232293697, -0.47834441612223466, -0.4316824721320184, -0.17460178454154518, 0.4057661885422854, -0.4244320519474978, 0.10107354643900046, -0.1248275658456649, -0.164143663787658, 0.04496200783717097, -0.13909143222148956, -0.49881950050806867, 0.32882819494707494, -0.1598340822087253, -0.42554912198214323, 0.37273804993088355, 0.16564010561410147, 0.3528460906764228, -0.10235995023782207, -0.31242572177878725, 0.43985212481538205, 0.25442326356215506, 0.31718889690929175, -0.030295612107683723, -0.11376434670798274, 0.16901210888328622, -0.3955393989975311, -0.2622848143877905, -0.18190023476159256, 0.36021849736078515, 0.1341618394603602, -0.4707626570977207, -0.33407551900569743, 0.15054373653921227, -0.3117338083356608, 0.460211512869512, -0.35861316535293053, 0.014024234342115416, -0.3733774368181124, -0.3376694133791647, 0.44990958700246453, -0.2232690809650738, -0.3772719903389923, -0.39904472073242636, -0.47415703938018916, -0.382345244021273, -0.4351970352354142, 0.48672992612341803, -0.009278681675198852, 0.08062443049072743, -0.10329708001339666, 0.4756619931202002, -0.37853940098954864, 0.23303064356445613, 0.48597958519983364, 0.0888267498018721, 0.35415391230472715, -0.2719394166652309, -0.06025903498354224]
Bias: 0.29595367325583477

Neuronio Oculto 4
Pesos: [0.3047871617628677, -0.46400099405684914, -0.4864707267727417, 0.0907453230222226, 0.19101068856552506, -0.05295004515597945, -0.44580797218446777, 0.30844442209415035, -0.1689266730400596, -0.07346122966346413, -0.1136431171855462, 0.218367884904629, -0.4555904153494449, -0.0355923014114945, 0.31688426751928434, -0.33200429555732225, -0.21417811081608706, 0.34451464849191216, -0.3874154867135343, 0.4228930870326988, 0.3991382473305919, -0.23138194869188444, -0.1617859651435617, 0.148112350125841, 0.4037145281454749, -0.1338277212719311, 0.38314774396683726, 0.3624434806766864, 0.1489113236420001, -0.46707543003823504, -0.17425020713057449, 0.3874356389478847, -0.10388088293421438, 0.25664383065196483, 0.28799286949596714, -0.24620854448030915, 0.20332583138265736, -0.4671428649378019, -0.10551292554806779, -0.35860038068476885, 0.2740942190802398, 0.08746734927016853, 0.15981953602406507, 0.0663372730262628, 0.3387016291007502, 0.1228052176711768, 0.1517865167265403, -0.12644036902666367, 0.22878457453551082, 0.0016592031757718395, -0.15936394270292098, 0.30813471308814366, 0.467997538133744, -0.42224445296043867, 0.4719652238080979, 0.08576046842933072, 0.060888473464903115, 0.23671459872527856, 0.3125353705731151, -0.4961726931003355, 0.07132736601668221, 0.28813063536646255, 0.18617600948025825, 0.1372522654258792, 0.03222102010718242, 0.13601766637305113, 0.17655293098215874, -0.2603916116476911, -0.2978643948006062, 0.21184649269189737, 0.420940812708979, -0.2779497685554171, -0.10151748309982556, 0.3701582604900513, -0.49327173324679363, 0.2729235479074944, -0.37078289358826544, 0.2734449420258236, 0.4775980570599777, 0.18692290511029208, 0.05128165435663423, -0.49607291702382805, -0.020890888627331683, -0.3540693271351141, -0.21341160639162093, 0.07594569562227649, 0.4839876820062514, -0.23203272945709874, -0.30624986550829403, -0.12724242700750954, -0.4027982227845275, -0.4662418274394651, 0.3957589995738193, 0.19102425639918597, 0.4360504089494893, -0.2492778465368387, -0.4752049818242432, -0.06571747972275244, 0.1334102843934052, -0.0573168578462524, -0.31227197559613995, 0.014570732908502748, -0.23879139887519574, 0.49088273441208086, -0.34604433800361467, 0.036716322301539206, -0.3504688382366219, 0.025416178072076523, 0.33695772616854935, 0.07220307230506862, -0.28260753606234457, 0.24231646533729878, 0.49426766650467724, -0.39090967459795567, -0.175797897996944, 0.05320071787084368, -0.46296080773885073, -0.4830160645955467, 0.2122529418970832, -0.32473161103835835]
Bias: 0.49157266064236993

Neuronio Oculto 5
Pesos: [0.05397803367123244, -0.16612799071818007, -0.30049746843205827, 0.4820647865541289, 0.0007959696595823962, 0.4167348192244049, -0.16898228746071398, 0.3177632145793673, -0.013368445718619837, 0.40855551419022806, 0.043907223776299076, -0.38701690106521636, -0.016011128675717412, -0.3385947834827079, -0.3686699124532349, -0.4823763219426941, 0.1851177939297386, 0.4324729042048151, -0.32484702533369114, 0.3094685268559674, -0.1371725356568262, 0.2904360103541912, 0.4426233451407452, -0.04698073732794206, 0.05033203242207529, -0.07071467815727017, 0.31167655308888853, 0.22453151556369755, 0.32183788368973065, 0.268110142861525, -0.24299324977758663, 0.4690952542502046, -0.052767926634973095, -0.0600671786754986, -0.22968416619108334, -0.4164592986984569, -0.043336473993992874, 0.05067711341674108, -0.4069741844878666, -0.13386472161130314, 0.24468829302319328, 0.027582258506162693, -0.30675233140961256, -0.42574316814532165, -0.035642016243451535, 0.23925447301653768, -0.36257523718032003, -0.18237166895044632, 0.3912280015071061, 0.07603510006134495, -0.09155155056073405, -0.027836332832203103, 0.21287964798704118, 0.04090180488767381, 0.17625070287546707, 0.4880641520814236, -0.11887578012214683, -0.3436957095989436, -0.4221420281236299, -0.36796713738518794, -0.36699019430802027, -0.08663745255918742, 0.34119425149713023, -0.12332675072607135, -0.015658155515286376, 0.06697637491099506, -0.1423280266908744, 0.010905708818364501, -0.4681314833987362, 0.35699471951871997, 0.15910154545355049, -0.2319106304009786, -0.20103368971124924, 0.4429477646386426, -0.10411629412228163, 0.1549802863059221, 0.4355871204957378, -0.464471481211047, -0.48009121520405973, 0.4082772073133395, -0.2905067773666148, -0.45586696103282576, -0.4487170971049653, 0.20147484887216072, -0.08314098896378186, -0.23995658115529495, 0.44195298996078414, 0.40246095277917115, 0.19622075283780993, 0.046746612620732764, -0.15175877257674686, 0.4258414566224973, 0.12154765437486859, -0.2307994097484234, 0.04453089013073419, -0.2893543416127906, -0.06516164491897469, -0.3571529457351962, -0.2248799358144431, -0.044669275479660375, -0.20792305604441452, -0.3435089598144969, -0.412923359306978, 0.022291146711650556, 0.3306217797531742, 0.4446038757759775, -0.3887240813355983, -0.4858954798143855, 0.018130360057415862, -0.31985379900746547, 0.4699650900661223, 0.1842378789413025, -0.39172848966982354, 0.3102839615552869, 0.15555795061977673, 0.42086165460947267, -0.04638380378829321, -0.3965152453783901, 0.16173368234675056, 0.47535371485859623]
Bias: -0.2582743679740407

Neuronio Oculto 6
Pesos: [-0.017369022777533494, -0.33414081456609557, -0.4213097980153927, 0.39300814848963894, 0.23926318487716502, -0.28234645690556004, 0.39015445831756246, -0.025929603682421032, 0.08051494334421394, 0.35070846353781004, 0.23261160756542376, -0.11656220038488407, 0.05885636938864269, -0.2386081083123659, 0.27845971155258376, -0.3208678933632191, 0.41491041371965687, 0.3668604379845072, -0.16377774428101222, 0.04369618177099144, -0.05450064516171016, 0.047803214098417035, -0.33318686815058796, 0.39327583041359526, -0.35927220651860803, -0.27009175561528576, -0.20817893907961804, -0.31866449156970666, 0.49292645979929783, -0.1507299584297701, -0.11099568329659193, -0.09217962037617433, -0.11898346419978756, 0.39809270595735613, -0.41027888416971625, -0.4045820769644508, -0.268030273846125, 0.41376336035186945, -0.39335731962536613, 0.2140509907876349, 0.4467243297027005, -0.06186279763585012, -0.08010557003221241, -0.45657068120027133, -0.01133884758874959, -0.08314867527728698, -0.036026867468199386, 0.49026358078332544, 0.38305200105357395, -0.2880771952416056, -0.06439956316036488, 0.47415093300763933, 0.41977371592120816, 0.31546519659553307, -0.29200739580733304, 0.06498271701438985, -0.3344755032171509, -0.24891226858149385, -0.1907709649126943, 0.10768285313361159, 0.03740587081528335, -0.10627189269260529, -0.21234466568641597, 0.1411768106774316, -0.3521748941679179, -0.366754526452716, -0.3512720820291151, -0.027393450441749456, -0.09592472656190243, -0.04496760049955595, 0.4006534619361791, 0.21555877004900947, -0.14265397524387846, 0.26399511083174654, 0.39589444787924266, -0.29237501953308886, -0.355934599302262, -0.34699285981853645, 0.05625541115340549, 0.23360051098992873, -0.47386353502646295, 0.27793052246536754, 0.05275193284508595, 0.17632480221799018, 0.2615298649646234, -0.24572231322428006, -0.23001182469972936, -0.09414200641530512, 0.21157725915501746, -0.36216647434161153, 0.1671788468693609, 0.047539944661139644, 0.4414778539340044, 0.1430090280441647, -0.13322517547053048, 0.11997030287399135, 0.138520625177584, -0.17410268783055516, -0.2016799214602869, 0.3941050961344197, -0.43848392868242625, 0.04556034955317123, 0.490615607471104, -0.23378025932001856, 0.16694939541256115, 0.1192292991008449, 0.1087716945444911, 0.4531710963928419, -0.25422576004388, -0.3514702340185675, 0.13683250327036978, -0.318372515516014, -0.06736092327227661, -0.402697440797689, 0.2629312967557451, 0.08810793861364064, -0.21670429510545197, 0.4179552126394578, 0.4361441713425299, -0.37752107885577835]
Bias: -0.06948194635811722

Neuronio Oculto 7
Pesos: [0.14485798210113376, -0.36363505945228525, 0.08279174384077082, -0.3118605855714649, -0.19645364413942867, 0.19099439575077448, 0.31383491379000283, -0.12245166386351847, 0.16501248420991022, 0.2933667230495941, -0.24199755597850447, 0.23948594521995437, 0.15718085074985033, -0.18985235005531542, 0.4395416512260649, -0.4804842355579154, -0.18571333008413138, -0.3044999955796992, -0.08150179829301718, -0.4987102159243245, 0.05298451549447436, -0.156431197826432, -0.2807136493192096, 0.05558121953219208, -0.3314564805891954, -0.4815529285655219, 0.4629100302840169, -0.4255167516215044, 0.3815682854932353, 0.06175911602718742, 0.2977455720923696, -0.03641875548051465, 0.13781708319024955, -0.1221745245141116, -0.3423530044398392, 0.4473536523609656, -0.20279547130890485, -0.09642110290050832, -0.3480207847131431, -0.03051290581742261, -0.0335478560026774, 0.2923340384161712, 0.003845235723336504, 0.2186510564944042, -0.06000267550925631, -0.4256864646431521, 0.34162885815785804, -0.3162733458632938, -0.38044900152224725, 0.3228506894697677, 0.4695727922842865, 0.0392942677279855, -0.4937741837736249, -0.28153181494133195, -0.20041620450530462, -0.3137724159294787, 0.16322294897759415, 0.2609453753250025, -0.4403924982280911, 0.20078802070197777, 0.20939555650992803, -0.3144715587032012, 0.23798701151368862, 0.08686983909713197, -0.355767303782654, -0.3836147966004899, -0.29444140054449164, -0.4861374998804153, -0.3701661039287728, 0.33948687236929054, 0.2544139658071106, -0.1928095697424882, -0.4384476234388047, -0.03338800550655374, 0.47888563453834543, -0.34839530986329814, -0.4186685521157356, -0.12464437516324134, 0.039200125229210236, -0.05016799394453475, 0.1015138576613176, -0.2764495714838181, -0.03731143511629509, 0.25399908148001815, -0.13468934990210324, 0.21358888922201968, -0.10160461050766811, -0.22039234644344574, 0.20969366142754242, -0.32243442492479524, 0.04648684841653872, -0.289652517480524, 0.0018608049913297897, 0.24117516445296194, -0.4000237906178181, 0.24078320784630247, 0.06211897962500801, -0.027578887810540853, 0.13107454796510543, -0.29584341100859557, 0.3165430254836883, 0.2617417189669947, -0.05545085854901022, -0.16662229521424698, 0.43149239601317446, 0.14828938913884426, -0.11074655747270945, -0.2648181687422978, 0.01623698958119424, -0.12511718926842363, -0.16909541280472795, 0.45403370207938853, 0.2660781500961349, 0.29230544386745394, -0.46995817160572684, 0.016822714974961128, -0.09195269562548825, -0.41204812203904706, 0.26126708775646146, 0.13422557824183035]
Bias: -0.07971538061170247

Neuronio Oculto 8
Pesos: [-0.13523237755485917, -0.38520382501367867, 0.28314866786608484, 0.04671127453592139, 0.1532770389146627, 0.004589827618806663, -0.33287366523521633, -0.28234792002252507, 0.20959673419947444, 0.28258559489807156, 0.053911698376972406, 0.4419710494940503, 0.49017839401698093, -0.16502742231590262, 0.3382832476052531, -0.10408124991210166, 0.18357662335315927, -0.1130979052942841, -0.3662186028929981, 0.03064886472938566, -0.12122984369631307, 0.04625802051246264, 0.1783984472556578, 0.3805591908170536, 0.246943625020974, 0.34414449340788034, 0.45694010932517026, -0.3045434802312894, 0.14319418026765607, 0.48887444073298725, -0.4100317852848757, 0.15055279983552905, 0.21751907249479163, -0.11340298034720031, 0.3669502786914164, 0.46910265857841627, 0.3660491652631249, -0.04650562871732067, 0.2588151127915763, 0.09815117074846902, -0.45662717689149, 0.25000811107951315, -0.34659704695149274, -0.4730278920341917, -0.128257950986169, 0.3821728452718878, 0.3807300035345883, -0.4366823319890134, -0.2206531069455564, 0.28210576787737673, 0.1367511832685412, -0.43776661592451716, 0.16243747365408223, 0.18815318438684092, -0.49458781638117244, -0.12074868971241814, 0.10287116006257258, 0.49740554534260173, -0.08758634403877474, 0.023694731078557574, -0.1172853049757897, -0.03606747725644732, -0.39975232203061095, -0.38834308500316206, 0.42157407677311065, 0.10500317529168124, 0.2594888005357522, 0.34606354646083837, 0.04496499618290706, -0.016451712362644755, -0.04828881681354669, -0.3168209850692624, 0.09384977175299547, 0.36383960765865964, 0.050778668030871055, 0.4777399994389696, 0.08639861928034065, -0.20671768274360514, -0.29152126913247567, 0.4994443054349631, -0.10583681670528078, 0.295117476434242, -0.23915755806104244, -0.4032860001350079, -0.37497443387332297, 0.3079316232650572, -0.005040864446196225, 0.4678622705977724, -0.13150760453132126, 0.3847744261365238, 0.34966083779896595, -0.361720397120708, -0.43996992856946215, -0.21852809329670664, -0.09757688120323127, 0.08378526433610989, -0.08080699671555003, 0.2560993149887447, 0.10400077799127339, -0.053828507096375766, 0.07051947768486444, 0.4072405222919233, 0.1473411310833339, 0.3094810570079507, -0.21889028277022193, 0.48707417811346065, 0.007011434734581545, 0.31953199539457855, 0.21714908137221367, 0.35266234936076857, 0.2071419628149812, -0.4555248255888742, 0.3486127248948443, -0.15564226060415098, 0.3953951391403099, 0.4388577293443454, -0.22927258120950034, 0.09419534360289461, 0.3638052536953442, -0.47944930414969955]
Bias: 0.1963839369518342

Neuronio Oculto 9
Pesos: [-0.2857600908033492, -0.2558504912635774, 0.2299698078253537, -0.046996078304940014, -0.28817124308164144, 0.3957976654845461, -0.4716670826528423, 0.15423869114390265, 0.020813913927247074, -0.0975210143208669, -0.18459331186838446, 0.022742356766830008, 0.060831074940548735, 0.07376047361928495, 0.2763074841425661, 0.38064962438156347, -0.36002491991128316, 0.3630422226052751, 0.12548655438016065, -0.47245226200773394, 0.3464531146648434, -0.3287989673707815, -0.4537673158453177, -0.2082918783082719, -0.0840798894984488, 0.31642617039876086, 0.24753437542778522, 0.17858108365947978, -0.3415431552799696, -0.1503892265537372, 0.48679122717004997, -0.45775090347623504, 0.3590143753587909, -0.4229619878402624, -0.466341257463191, -0.39665542486280925, 0.3294280639437944, 0.2308554210728163, -0.04597532187416309, 0.3519473876565983, -0.3234887263617513, 0.18150052492844726, 0.24368492031862599, -0.06724652576717649, 0.17107329484923695, -0.4884783950323378, -0.19571680884920095, -0.05965191612856635, 0.1670243895933453, 0.1838023362283514, -0.12284556892926812, -0.3977970883169313, -0.48377583810814084, -0.06492450565026442, -0.13228765357336125, -0.3532920022476942, -0.1930256776538346, 0.028922772105312577, -0.47331330308118524, -0.0289187212569062, -0.3266489571754392, -0.4013575925751768, -0.021857306917737906, 0.027101491904976238, -0.3420760750874464, -0.38002266902904447, -0.48876982846626293, 0.27481956497405335, 0.30167237282825954, -0.32705926198401325, 0.14013493095845608, 0.22563128826934875, -0.37795777197740077, 0.02612298674580038, 0.42070187062130615, 0.3960893233216217, 0.29659889571171316, -0.17933019862877309, 0.2563867860142671, -0.27209148714258846, 0.18738868455808433, -0.07490119635480497, -0.13837960163198948, -0.3472831947695083, 0.31832957365475967, 0.3013815759816819, -0.2766238376538499, 0.17730997418601735, -0.22557277326579894, 0.21818625231219813, -0.39658295600164417, -0.06554126308206143, -0.028475264702984004, -0.30949823956089817, -0.14097161920107015, -0.31667454417168295, 0.36601505953672575, -0.19350773175963953, -0.48760966788387394, -0.2568234269671973, -0.09489610439653617, 0.1936205025641793, 0.062287116283493815, 0.16839134137466705, 0.004438488156848219, 0.1073080844716352, -0.29100778270989536, -0.14090175547420358, 0.2795063917744204, -0.012714640425897539, 0.37137523291755414, -0.05621917669693377, 0.4198436566361231, 0.22967360724378305, -0.2578214786587253, -0.21124281775873477, -0.26188088148631716, 0.3679198879182961, 0.38570229916084686, -0.021675549930132987]
Bias: -0.1862147543186733

Neuronio Oculto 10
Pesos: [-0.10039663728167869, -0.17789561552306388, -0.16586931185124232, 0.2583225380232469, -0.3004866169730954, -0.3604553549731272, 0.06885004018259155, 0.34327817027932506, -0.29213864943487944, -0.3619750749738022, -0.15663629100758047, -0.19381627021647763, -0.24254114732240073, -0.26619392045361867, 0.4131919110675938, 0.4027942068061553, -0.273292116453431, -0.14391187951451512, -0.18165274548390697, -0.306019937623752, -0.3948172746149252, -0.36539601288237544, -0.33974130555476556, -0.37411383230741246, 0.34638284873284875, -0.12858504067409005, -0.10214192452046755, -0.081986310688559, 0.03592109763014706, -0.08620122400221564, -0.011759379901916334, -0.18153592804837126, -0.4339109025419545, 0.28806425810825287, -0.05340132458860547, 0.4288187056238374, -0.44148770012859007, 0.12285014465281507, 0.49021321372746085, 0.07282389793545463, 0.08129671247521508, 0.20993900592298542, -0.19048064629645645, -0.2355790359657478, 0.38906624854395566, -0.08648062594274897, 0.20817365718953396, 0.14147713096028103, -0.1958038893205366, 0.09512249085342794, 0.12047607341001998, -0.319116107330643, -0.043361833181768006, -0.22484425683234677, 0.3010377850980728, -0.4226302024980937, 0.2591823699081449, 0.355137437183194, -0.31996389994354224, -0.1005120054866957, -0.18774071594884434, 0.40981607846638823, 0.45016038394035673, 0.007462065077136093, -0.07401709684855118, 0.055584094994522104, -0.2560828036255334, -0.1810032889628509, 0.049705569153665974, -0.046989141214358265, -0.32799705045060146, -0.3109353942145143, -0.24711512505299338, -0.47570467763467417, 0.2596644192745545, 0.4330125099690839, 0.2637798640543265, -0.03678465668660691, 0.48723647334788034, 0.03956248121696193, -0.37372210446803855, 0.3352806906866054, -0.020981588969897547, -0.4592146226816999, -0.13605819532121355, -0.15056174049715265, 0.2866372649756942, 0.2901831799318322, -0.44421539025702383, -0.32755054356904967, -0.4396662758890788, -0.0607537191339248, -0.24038204817887465, -0.2716055884683831, -0.2845365782348177, -0.28652673248076166, 0.43671995853315204, -0.20987795653153207, 0.10350656359359234, -0.3821805444860572, 0.19817456968162983, 0.41127766448478564, 0.2537793154751793, -0.3768282536431248, -0.12024043081824476, 0.4703377732703806, 0.27554977152263416, -0.3674286961293445, -0.15707109883387305, -0.21395591468791408, 0.30568241373954674, -0.15379189015272243, -0.39653718398579973, -0.31700563230403733, -0.03160047730929039, -0.39831242162565095, 0.10960545982603465, -0.05417385416000309, -0.39129744001805145, 0.20799337772395055]
Bias: -0.24223265723674758

Neuronio Oculto 11
Pesos: [0.40077589301395744, -0.3039425894496718, -0.01837802928916321, -0.09164529918007369, -0.4382091006065899, -0.439016658559477, -0.2208124777822813, 0.44085292135377785, -0.19497381857662754, 0.41441246807892185, 0.17417100892496462, -0.44084251594631374, 0.30630260575389934, 0.19608081609748695, -0.4617631033748809, -0.049805882599703866, -0.05726802691886623, 0.38495941636664743, -0.4944621702746401, -0.2517483212430468, 0.13481887389014935, -0.36553535927103364, 0.1738409435424978, -0.14406684560205585, -0.2951266794461139, 0.15193315466650015, 0.16981731780690357, 0.3412243811114528, -0.1796089582537863, 0.2759177997654544, 0.10360991292400257, 0.36443745195403776, -0.14059144694171577, 0.3824805463392802, 0.2890256438317801, 0.38628219987131995, -0.43707566161783706, -0.001465136514707921, 0.45179296952211656, 0.2136302195150217, -0.03134264414236987, 0.10217007358740782, 0.2645204750678033, -0.26819326818553035, 0.2169039097241794, -0.3789874136010817, 0.37842678083555914, -0.2620170458903853, 0.12670873085083922, 0.13500151653363235, -0.3560737190134732, -0.09889707967230454, -0.36538686879432036, -0.28687566674611054, -0.2351175646420678, -0.46050590639149513, -0.37217405146832516, 0.08480526976699088, 0.3740659186585028, -0.027644946379931534, -0.002208924299703763, 0.32210072547142543, 0.28463589052535343, -0.11490867342944455, 0.3832379333422916, -0.1011772713746899, 0.3417337215934654, 0.2582841156263038, 0.0506819642302585, 0.25108603228995297, 0.19404344291014974, 0.3388497396265647, 0.36949783186529506, 0.463394908070374, -0.41451223566966755, -0.2996550901274829, -0.33114850073475854, -0.39166874141037755, 0.4944046589544159, 0.30361046434307726, -0.393049454050472, 0.3861148325779127, 0.0009042175822071563, 0.24224428387290675, 0.465056820481063, -0.42328551966904826, 0.1455664332533293, 0.49967202221199747, 0.2703352361545407, 0.007226888496713824, -0.4965401813264242, 0.2849610987368457, -0.43304689487207904, 0.10714053456478934, -0.28019392662919773, -0.40642748438030396, 0.3991829297576016, 0.45743970914865606, 0.4534809455146711, 0.3330497822329349, 0.489881483761757, 0.1109936460669122, -0.1336294215433298, 0.07698636096547029, -0.060903915725500246, 0.35008745565140653, -0.33912554777632786, 0.3044895540066187, -0.05340044410114697, -0.34804971810948937, -0.4349601382322704, -0.4019588203806802, 0.25587490681787295, 0.4750723179422547, -0.36954158164829753, -0.29212878459234703, -0.28998898532775186, -0.4772971749766245, -0.48857216513496027, 0.3243178105521961]
Bias: 0.3766953648390369

Neuronio Oculto 12
Pesos: [-0.05193162487930891, 0.18499990364145413, -0.012626806209566688, 0.23114911084796697, -0.19723902554683392, -0.2820621321126492, -0.1829623470063163, 0.1989489323320136, 0.3709779576449036, -0.21539709605792856, -0.18541902387295295, 0.47771302344953714, -0.12639278863311343, -0.38138396463853796, -0.3384137624025728, -0.028289320358206194, 0.12005352963238558, -0.31156959138267504, 0.32907961224700466, 0.39271666201171296, 0.4848730652972004, -0.06588310395099639, -0.3460860268901018, 0.44762957200684883, -0.4133733516978918, -0.39402876469359305, -0.30655360875948445, 8.951705042281599e-05, 0.3221841648453476, 0.4380218545889045, 0.19280017166043106, -0.22167488285194548, -0.03589595826611203, 0.15668634654927516, 0.4528151945243103, 0.34785140781851853, 0.018705885844611636, 0.4896993871959553, -0.04453607217684119, -0.12703342728063105, 0.47468809767621023, -0.4408211391687915, -0.13645392271521384, 0.3301941150446269, 0.19069513742916822, 0.23923215479543625, -0.27757146063276505, 0.41512218221768693, -0.38738820903249394, 0.4314893086729703, -0.49716420060366584, -0.17748487886651565, 0.09494101598987792, -0.30732276851260343, -0.2929934006086511, -0.4101477615662664, -0.09777360315480788, 0.470103435168963, 0.41794321036337534, -0.21190416518640376, -0.4580261044207412, 0.010027250460038495, -0.06548363416158265, 0.06603342649972099, -0.03676563790919629, -0.4797769836079657, 0.24680479823995982, 0.1816791480882487, -0.36498888197207313, -0.0862685186580564, -0.2992503953372627, -0.2981602429879425, -0.2950746185347467, 0.39953129808152976, 0.2653036590111092, 0.27893715185790624, 0.39493580913583926, 0.15436314302783372, -0.23097628719955499, 0.20010900070520476, 0.4337450354070358, 0.4422980898063851, -0.22889721229129356, -0.19700516430739223, -0.26954030635542636, -0.29563547074249474, -0.34504340128160893, 0.2882670536778308, -0.0691915868938967, 0.14741979540180383, -0.19870282531224015, -0.10015966681810451, -0.09943494773535577, -0.38613780591755864, -0.19738147644689275, 0.3124647958385143, 0.4801121947828777, 0.34537726327918583, 0.4978206707885513, -0.07511599464896979, -0.48672391793374736, -0.3992437986371282, -0.4683943314862673, -0.4704241526890366, -0.1418192180388146, -0.24125287121069894, -0.2982960089794635, -0.05117954962438387, 0.12471843643471114, 0.39355923260809644, -0.007526844622676165, 0.054887413063069546, 0.19673402187560585, -0.07373853444237255, -0.4601990868463348, 0.0621689859195218, -0.3107861232341804, 0.2479574417799696, 0.00923363630660845, 0.19221698541088394]
Bias: -0.45434471874112337

Neuronio Oculto 13
Pesos: [-0.47865305085479093, 0.3244439689702744, 0.18379140478019584, -0.44229314475336856, -0.2885424789148471, -0.4906691854889491, -0.30560259119559796, -0.00871455884997363, 0.2955579778903271, 0.3137973394119493, 0.4207750804150693, -0.08459199331066225, -0.33290032698382144, 0.20601871271791372, 0.3247614922428661, -0.13080873574452057, -0.1300614020917753, -0.3108006059811931, -0.12945849113372554, -0.20273712271169297, -0.35187414889821156, 0.3112024911008442, -0.3066914886928521, 0.2913834213733174, -0.039430474933816795, -0.03412280462134787, -0.0635762220872843, -0.04892936829019745, -0.07817565284524264, -0.4249764898498666, -0.2843376317744438, -0.48574332998187575, 0.4727046630749663, -0.03185733074707209, -0.21363198932753757, -0.2947182365414007, -0.44477475055465454, 0.36045516271356504, -0.09621710762108271, 0.06004013357662952, 0.35698857996041944, -0.19887249744509783, 0.15101544433617498, -0.09128522618502122, 0.030905952951981508, -0.004510805255099837, -0.2614248109456966, -0.29834430653946886, 0.0009230270029269017, 0.14473387405448468, -0.09857973139465215, 0.021581069830949207, 0.35178354468004713, 0.265120703252277, 0.1791669367182911, 0.041684165461202016, 0.35937816111983223, 0.4611699725698962, -0.18639087878206972, 0.08073871569056001, 0.29154506573544714, 0.051717067678902606, 0.25843774788015395, 0.2656230845176356, -0.09260732193345234, -0.17242434468812406, -0.20829303613937222, 0.35552663181749433, 0.49638616171137173, -0.04823342656868945, -0.03681711432324786, 0.057620187994509964, -0.1568599277965913, -0.25118306246289135, 0.33731304156630504, 0.4056545847893671, 0.09973149191541664, 0.15288583125167543, 0.38447558304244844, 0.23321997910462244, 0.403312900711407, 0.1758765195099904, 0.4320392281157186, -0.4432909559631323, -0.33749354920495567, -0.380312265033119, 0.3447755331765858, -0.3902013666678068, 0.3380276171477886, 0.2019390120653356, -0.07628982662573636, -0.3447269284548313, 0.27994107457963724, 0.27848662778689715, 0.025987110073286357, 0.042476563842423376, -0.036139219528493305, -0.1408748888361041, 0.20634282937110204, -0.02901695905173518, 0.4747623694215297, -0.4472729675930912, -0.3072372173609995, 0.07086912887250918, 0.4680901723609052, -0.08719850082047997, -0.054921472812151984, -0.09636695995416167, -0.1690105554131578, -0.14569876732546372, -0.09276201890117575, -0.22453817268348197, 0.4230388282066635, -0.28258409638744064, 0.11725527435864569, -0.3824458569512319, -0.02069829278773394, -0.19396097909832222, -0.1927712271162232, 0.15213062095157137]
Bias: -0.24809681815988394

Neuronio Oculto 14
Pesos: [-0.3595999931175142, -0.40577135377461926, 0.18210067924701479, -0.34376071553982435, -0.4467797672143452, 0.1824109964956272, -0.262133198841903, 0.44165224187764074, -0.24172083244779574, 0.377630660649549, -0.3657298816121177, -0.44817718155855035, -0.4428582720787311, 0.12787473292765206, 0.28460548902034033, 0.4007887180583174, -0.003640231740959954, 0.4697445178842261, -0.03872789234039109, 0.19127827771856332, 0.4167981373023649, -0.14062023089247222, -0.13501987538420457, -0.30932761709423695, 0.33450678461744743, 0.392722789014767, -0.452903148540968, 0.2487376119556296, -0.20235536997694725, -0.06970185032257348, -0.14261439046535673, 0.4267202580955112, 0.43662919945265755, -0.25816002265129434, -0.30539123509643296, 0.14252016041061732, -0.48907211865473144, -0.37729696891347186, 0.48891671471997655, -0.06661855055226362, 0.4565597603498722, 0.03127582877984558, 0.4495171745814519, 0.11991941551310115, 0.16300710299474874, -0.42787756278062083, 0.27686494353003865, -0.22243969312299283, -0.06217267225687073, 0.21215976356057997, 0.25684663957986764, -0.13124038495435464, -0.051776454826324314, 0.297882692336631, -0.48354639451611303, -0.238959625695493, -0.4268420869178088, -0.36576130621873726, -0.31022699822481004, -0.40987582625298247, 0.19224028628349155, -0.4044219347834118, -0.3983859470438904, -0.08737206228884009, -0.03966893738116428, 0.09415451370717376, -0.06135129102792902, -0.4500489106033405, 0.06960996619533966, 0.018308691938534127, -0.10454326282638005, 0.30925046649970733, 0.33834868279061536, -0.06515837369962063, 0.39402675550125665, -0.1278336910828035, -0.45691121966677506, 0.256191118218133, -0.024117885717511278, -0.3723784763374356, 0.3157925686310338, 0.1467318929096254, 0.049770997042656084, -0.35767160721396496, 0.10356004403506835, -0.35780049768399713, 0.33485870766528736, 0.3139092679589086, -0.19690075797828932, -0.3052127716578824, 0.21425560891843398, 0.4719476112537444, -0.20301160178158095, 0.3951314332868857, -0.43994760096252206, 0.44640402277466407, 0.2543514749736988, -0.14755976263877746, -0.06159204889356684, 0.4834984949691221, -0.149246660007058, -0.3114607500695572, -0.12432335047195786, -0.3447909636681177, -0.2273291586701549, -0.23257426568024797, -0.362993961000436, -0.23362018525531358, 0.10163501040784906, -0.35817243850875446, 0.44070959871728466, -0.33874266529293084, -0.26828274515295103, 0.14807135285610817, -0.11622447688803228, -0.1158760308373803, -0.16199833594145563, 0.0972173925373937, -0.4177987715036515, -0.11414312534941728]
Bias: 0.19634788939818937

Neuronio Oculto 15
Pesos: [0.4271362920071512, 0.2691126187529107, -0.09053064056264071, -0.24780050827067956, -0.4257422766329594, 0.25988796488228294, -0.2705996637314001, -0.0939539757883393, 0.4688067257962244, 0.35403813807146456, -0.24478362494763228, -0.39489441752131027, 0.3112719656434968, 0.4293678915542135, -0.239832899636772, 0.4033322384882604, -0.03432760385599787, 0.29108287827562285, -0.34470402003293843, 0.1608024962256599, 0.009376666171826531, 0.23685565117833618, -0.18735620021097088, -0.4744939594205436, 0.27756646510416527, 0.3152369021748749, -0.2724161245435227, 0.006627803789283404, 0.2654724578555243, 0.34055228479921296, -0.04039352965836385, 0.3929267737939558, 0.3505728651133081, -0.38353146376707936, -0.3889576278263964, 0.4691946884867363, 0.4463516072001402, -0.10093867452590022, -0.3782690846579333, -0.2226941882313409, 0.3844671502849464, 0.23755498959981614, 0.25938914752304865, -0.329189632181521, -0.4570015579264709, 0.17120787253752368, -0.08605308484160834, -0.12213927432238936, 0.16337974978636083, 0.4215950618258907, 0.24917326312710508, -0.02279735769238589, -0.12997148724430108, 0.17548316676598918, 0.1755776805371937, -0.19570995289773163, -0.17916592295909084, -0.3526247588380468, -0.0619531451842954, -0.2874109016014418, -0.16864504414106063, 0.05534022608103162, -0.18131477007507768, 0.004793895983719154, -0.3696975126239116, -0.28709369651447036, 0.15185355726502958, 0.47940727172458963, 0.4584537707082891, -0.4486731135003419, 0.228349756671403, -0.3962913946328177, -0.3283464230408363, -0.3316131655562442, 0.2585892812892955, 0.37897056753749336, 0.1801290157380585, 0.0043297085350274545, 0.023664732024790136, -0.34735762067243814, -0.08198248005207354, -0.3462591075205571, 0.2662760970908773, -0.008275438517996725, -0.41406492173440246, 0.007724113180039405, 0.4237606565923785, 0.357848776267489, 0.12376303532694444, -0.3543076132516899, -0.32857063543055953, -0.28278468459277817, -0.1950968545609375, 0.2734908696149485, -0.062466951484808186, -0.11459062458942337, 0.46580410145121465, -0.3004183449631206, -0.14010777470789626, 0.3502011510266876, 0.030206067230632683, 0.3701104731671182, 0.032523523913964514, -0.4682368323459677, 0.15692553764675643, 0.45354911225644967, -0.015995438068434065, 0.433174806149785, 0.14951178009442712, 0.4527387571140763, -0.002132263437776949, 0.27426759335394524, 0.09470367822303716, 0.0016295170769932144, 0.2794579909082473, 0.29763753444015706, 0.2531811208553292, 0.17922582310667245, -0.1881256435870512, 0.4478870881388035]
Bias: -0.41240029136304324

Neuronio Oculto 16
Pesos: [0.37917885000328166, -0.19122197817283226, 0.17036384199385357, -0.45878749470500957, -0.41142682993363255, 0.1456241300998926, -0.38372291028037964, -0.38807227124234256, 0.07097363969669102, 0.35581312669258836, 0.4854404794739796, 0.17821341287797632, -0.3067678186240378, 0.22702175973879857, 0.050663274868937735, 0.10485924621891363, 0.46037772303064206, -0.22810730535325985, -0.038392365612873514, 0.26566533792140334, -0.3409743523910782, -0.34320655018501933, 0.3957885747756724, 0.09213007047490318, 0.4138455300219709, 0.18136872227358936, 0.020324427546451584, -0.2590315297249731, 0.2547588086724961, 0.3679726148952387, -0.07400319159864721, -0.016941345683720965, -0.3685067908632972, -0.1692460258009182, -0.3233908578490964, -0.2482503205013441, -0.17292563573529296, -0.046858055519071184, 0.4477541995460449, -0.4120088213796407, 0.3006069675903482, 0.11922874688881113, 0.21964915539020646, -0.19781265630307177, -0.09752282855030403, -0.23877152818909098, 0.263900335344066, 0.1045063518597763, -0.0406118945147913, 0.46326089075173493, 0.46146883292605523, 0.3871747725846536, 0.19969276428460137, -0.3733435991228956, -0.4915207226300935, 0.20767838260856009, -0.266776143101359, 0.4208613887231456, 0.40510692634155987, -0.4318370331227799, 0.2949338710256104, 0.08018136685251154, 0.011931471891423406, 0.19580818155756408, -0.08911571130904883, -0.14021714988400147, 0.09182098883928091, -0.367364159457498, -0.34573423239491763, 0.10482835078072306, -0.30434172921303915, -0.26293604677981863, -0.46518344783307175, 0.15713271340470514, 0.19738999113633227, 0.3759169814601808, -0.17371207141769873, -0.10001069038968413, -0.18269110714222847, -0.07036447291215386, 0.3400602200035143, 0.24061147977141584, -0.48161862911501363, -0.2347852991373255, 0.07792475188246939, 0.4131998996884686, -0.34702506844847836, -0.41747893238434464, -0.38675731479996733, -0.48370373039660186, -0.20932235552793543, -0.0861723857997525, 0.3143835222727952, 0.49690552955442413, 0.45494548737859053, 0.1917294232805855, -0.1480829602017416, 0.06502507000760949, 0.3641293149791638, 0.0594885460873511, 0.375352086065436, -0.14986466288865963, 0.0196429165576798, -0.08754302221712429, -0.3436980486023218, 0.3013903918735563, 0.050242983359811366, -0.2701529950684406, 0.37483500922907187, -0.4156774180035896, 0.05806761907243607, -0.15966771887117615, 0.3787995996360203, -0.35853720059289496, 0.43642869804487927, 0.4508175178938105, 0.29917765201148083, 0.35068386049685796, -0.052222836206978984, -0.3254777820996758]
Bias: -0.029582754780314913

Neuronio Oculto 17
Pesos: [0.440090609370673, -0.30948772129487756, -0.13856499643033537, -0.15378613696230936, -0.39788153421958716, 0.34224796835452154, -0.2258841220185377, -0.40299019489607213, 0.3602598013330699, 0.29096299449708807, -0.16774143145592735, 0.48270707284719494, 0.006089436251246694, 0.4744158705116348, 0.43811593856661557, -0.4930842508740113, 0.004673972819597916, 0.3347234334544761, -0.3255499121483264, -0.42175113712545, -0.25381350098262856, 0.4103271147871871, 0.1210056449684479, -0.3141419292482084, -0.2605200620805639, 0.2940597345003676, 0.15254948428986603, 0.23436195760531342, -0.013200466050554471, 0.3441702209130849, -0.21100528468449464, -0.12099341102737804, 0.396151910666927, 0.4073143082791, 0.04544457063547103, -0.2220187459236832, 0.20800677785593158, -0.116330218949244, -0.03540817841064381, -0.11244450239275794, 0.23855112295798298, 0.4975649758932571, -0.14394037341043564, -0.41481814138307627, 0.09681964919368158, 0.024691770634939547, -0.15130093955969826, 0.3844205559718199, 0.10983851715776394, 0.21826140072924527, 0.48879423038921466, -0.3380566770487352, -0.2738812377027683, -0.09060341732608479, 0.24078028760867098, -0.41954529016891584, -0.21408241817404905, 0.05025359332533752, 0.19813604357869474, 0.16463722492381927, 0.4605466195660183, -0.032086183428733484, 0.16777585474576495, -0.14939729167575455, -0.45468863553962047, 0.22201246275041864, -0.20749506444898924, -0.4869100233156426, -0.4675399702157812, 0.13419640100721042, 0.4063598468742251, -0.28239536148424216, -0.48877311072834684, -0.07455077325907822, 0.19409933552963654, 0.3897936192236289, -0.3479513805029405, -0.19076378562407492, 0.11863109594703336, -0.3779990696074451, 0.45696259855899335, -0.33524025013459124, 0.35051817031858, -0.16412483352270557, 0.18342549231175231, -0.08264868979742279, -0.37791545053615494, 0.4157712167318304, 0.16698571948117658, 0.22358568063091644, 0.2363082775368066, 0.08113739963539579, -0.05143562424708126, -0.1853674642662443, -0.345754433554446, 0.00954786807018937, 0.35809134494971573, -0.47022276397810636, -0.28391959568697445, -0.059208667977928564, -0.2076995316445268, 0.46414763006513504, -0.43304390758738986, -0.26998545228133075, 0.34165809277411907, -0.13042768666121862, 0.3422971557643273, 0.40097311085357334, 0.2448969389316834, 0.4084773656949603, 0.22268827358125998, -0.3815852863011234, 0.4453116725291544, 0.20204672813120483, 0.18226484850539992, -0.2770301379317869, 0.0994924747686069, 0.15872166765135087, 0.17724740899223446, 0.3247532425803441]
Bias: 0.014377729310338316

Neuronio Oculto 18
Pesos: [-0.4438868054914529, 0.16225315155158437, 0.27237529781723147, -0.4021523354777313, -0.49966887859728526, 0.12651639109129464, -0.23971098428640425, -0.2594469587482059, 0.06522896611756102, 0.04897793478647683, -0.08262842695678874, 0.14781493959199166, -0.42269766080628246, 0.027028738309398115, 0.24521571374340445, 0.2252465263295489, -0.33649127163230663, -0.18308588137190096, -0.47700614950547804, 0.1591434098771557, -0.2358014573177588, -0.007314961244326623, 0.17638286517839818, 0.42331592002586094, 0.3245720697958294, -0.46670455895263074, 0.3767948493767248, -0.3974679863541314, 0.27439487233703874, -0.09786689357583445, -0.4290944079134664, 0.22332043349863917, 0.4446378596345123, -0.1627666876952477, 0.44946357728528896, -0.22529295489076806, 0.29448112928700365, 0.04640982471089827, -0.27129534081309026, -0.15394454952710246, 0.1865596045780239, -0.10425526914382544, 0.45732100315736424, 0.24488311028402387, -0.2235391369618126, -0.47782597569439167, -0.03370104655435935, -0.39457424098120186, 0.06785623880020375, 0.26652973850520745, 0.010666411000979759, -0.005707719050422111, -0.1498875193613174, -0.2961591415302105, -0.0970857499754828, -0.4268030400076813, 0.4966851694278426, -0.4618220426319918, -0.26096191172678584, 0.17320054446038302, -0.36411942770794603, 0.32446735870198873, -0.22843725900515566, -0.3859681150998917, 0.35550604899275906, -0.3678833391118671, 0.47294974475560647, 0.3205202519342424, -0.17877429197586236, 0.1744560112803537, 0.37532719446224916, 0.3738141049350421, 0.3952758527051734, 0.03507925366704212, -0.3371524426575312, 0.059527017422393635, -0.011319059127401054, 0.11687278994177053, -0.34104553660504533, 0.47902724721167156, 0.2577020965719289, 0.31505807148482134, 0.26698851682377256, -0.40961809878751765, -0.1955259034923469, 0.1015922977843311, 0.48323605727792607, 0.02141481601210604, -0.438830725749091, 0.065426008959099, 0.0621931789872231, 0.31217782287129114, 0.1290875738503412, 0.031194588394460765, 0.3091976649935284, 0.26158754834942843, 0.10027381503171795, -0.03756072660951648, -0.17027117010559956, -0.20885164498141728, -0.17884449293703508, 0.37489628257029983, -0.4871171136192849, -0.3704988660556706, 0.4341745325446681, 0.32518136208210313, -0.13966953769293444, -0.3663258721475763, -0.2175054142284294, 0.2855861897233153, 0.4772613532182348, -0.3658789809921812, -0.12289816431152245, -0.4745698160013103, -0.17933663773243547, 0.3528403077755291, 0.3481976144356078, -0.053327924699564266, 0.2621129457202115, -0.36223927588495175]
Bias: -0.20591245854450646

Neuronio Oculto 19
Pesos: [0.017320042014092873, -0.031524112748708366, -0.23817660017279962, 0.19987597035253457, 0.03423972576513434, 0.15967572059566504, -0.10167199524944215, 0.37473388941376984, 0.4411536034492981, -0.13534358428060866, 0.47595379568850127, -0.4065200353914463, -0.20237656686295735, 0.32318337503935923, -0.2454139536639428, -0.03255476617319353, -0.3295505962456029, 0.4158075698068787, -0.3863352725388275, 0.4142654050629613, 0.4046930708661223, -0.39605592583889093, 0.3841762545991919, 0.25275149048656775, -0.13434282217219928, -0.2157542394887585, -0.017467548257737553, 0.13839821099463356, 0.36583320538854724, -0.08090827333278483, 0.282792490528024, 0.02832666242573112, 0.238171391580835, 0.1395452776228644, -0.36376554244799286, 0.005123616199699033, 0.3894774558880074, -0.07432529869853377, -0.3219036967397071, 0.3565109696411436, -0.2552004323465029, -0.45732488172157093, 0.05844724716498029, -0.39164436543260883, 0.09357523038836135, -0.4791820915671401, 0.29766942697733334, -0.36543416477386226, 0.49424013569500613, -0.4568299655561251, -0.4520491948740285, 0.4148316828672918, -0.43097474138265246, -0.49113399158403803, -0.4060705293882635, -0.29297544577893786, 0.3630631968188526, -0.12287047546024266, 0.007542603074925713, 0.21285392706239337, -0.42595266117376673, -0.07179657166902498, 0.4284682728315514, -0.18163550149743624, 0.16306900079805464, -0.28233065429457616, -0.32636382606293435, 0.15073944449570076, -0.18181926595937448, -0.19152380637047794, -0.2823654267861938, -0.4412854244909634, 0.39346934042342374, -0.3078793874172773, 0.2775101895995372, -0.03958027784260765, 0.03770471306441148, -0.25339489568939655, 0.49191330786694165, -0.21933644901944926, 0.1027250517904933, 0.12156271503319838, -0.21390172071174585, -0.19279633913523975, 0.37764372235334276, 0.06506194463823578, 0.33769274281002504, 0.3366320599796705, 0.2038186057753576, -0.4820615140685911, 0.32736496794220116, -0.17875629745714194, -0.4016342778642956, -0.29673533762954796, 0.18157621626577125, 0.17781374112378756, 0.4331329993795975, -0.13252258813028783, 0.093711363211197, 0.05460954457609257, -0.3926862972905679, -0.2626754157353526, -0.07452511433133147, -0.3680038690661652, 0.07089262755286041, -0.2563914251063354, 0.2663524493560996, 0.49259595786314625, -0.49103137535143304, 0.38625804857485235, -0.2048530681850963, -0.13947254938073428, -0.11178376023632552, -0.23556484367105934, -0.26843361770510077, -0.02967349849013534, -0.30291406086162986, -0.031651818339648474, -0.37946502407770966, -0.26647649367802084]
Bias: 0.0999981998396593

Neuronio Oculto 20
Pesos: [-0.054195350088132255, 0.4049147037545544, 0.4314978100679141, 0.295088334273227, 0.2129137079780642, 0.1805277250766324, -0.15051702298475467, -0.1644244807773203, 0.02049126474671914, 0.20966132474703103, -0.13576014587604424, -0.3815365418077242, 0.15113935500264886, 0.15778731249444622, -0.343618064874188, 0.3771627020399754, 0.271513391156187, -0.11812162130409987, 0.49744390830044305, -0.3038438289747648, -0.20572982395588935, 0.1532153847162535, -0.3092369846147929, -0.2311212161352888, -0.4593933080553746, 0.48667125697050173, -0.07159554737484641, 0.2277559270162749, -0.44192292839105296, 0.016304469845573655, -0.26628049185138225, 0.10093565520978198, 0.2841461153105421, 0.16000299626747916, 0.48666801054530073, 0.28821658192959154, -0.32624540633017307, 0.4124873367181292, 0.36995198374321514, 0.2246304431867442, 0.05568988000098363, -0.22191507786365006, -0.012181163722287613, 0.013217303826939975, 0.1897723821857601, -0.3174651975015881, -0.38800101096532325, 0.40251222462221403, 0.49532949969310436, 0.10773607874880586, 0.2877084344737161, 0.27791383581892937, 0.4325459993307841, -0.10092857829099555, -0.35531525544812703, 0.41936122556101496, 0.0910140300290414, 0.14234816994281785, -0.057798721988200574, -0.15024681992409228, -0.3612668729052374, -0.28148297862440264, -0.38311096343841167, 0.10215943546144379, -0.4464163500623973, 0.25245408154711857, 0.43837639024359076, -0.434999811655868, 0.20632994185929232, 0.0716412652026247, -0.3439132815924889, -0.2966284900299686, 0.36216017376103415, 0.3890956955871281, 0.10762409122970762, -0.391631259004918, -0.32975140220347987, 0.1567643100880407, -0.29494680473577484, 0.4267601226543698, -0.09015465525519561, 0.47900501268390294, 0.07701101182216286, -0.4936739288812845, -0.3429024208828705, 0.472092403834217, -0.37357257894387375, 0.3907510867837952, 0.3610689631119315, 0.112424853070064, 0.37280773035124914, 0.3899154305821143, -0.41029209010018575, -0.10207731080976523, 0.38561411419779745, -0.08779792811496889, -0.04166929041817069, -0.15324393907665834, -0.33230186341635914, 0.2594672815189769, -0.1741502750905648, -0.3335426433571467, -0.46879215999962465, 0.03375392243593933, 0.037754446326242364, 0.3382609156762969, -0.16596197849704308, 0.2064081299688454, 0.3488700576259792, 0.4347959977174195, -0.2563082161728051, -0.19185789184899438, 0.09551829537390288, -0.47704319069244205, 0.23748817641097264, 0.4751254925489189, -0.4678794079093763, -0.3780214455439347, -0.2918289111108646, 0.16756954669757873]
Bias: -0.28499877667707063

Neuronio Oculto 21
Pesos: [0.4730099501365753, 0.09741965373625416, -0.35547962338654215, -0.2005265698695231, 0.43644268403025177, -0.41644908525663604, 0.26794541576512954, 0.48526999712037344, 0.09874377665641709, 0.29766668802152296, 0.3624770075184114, 0.3895867815231081, 0.14858837847806494, -0.3022714887872082, 0.22053585951894839, -0.3457930749640914, 0.19667605110458064, 0.21646695248927328, -0.13434015118683318, -0.4355456442052801, 0.28677631371045387, 0.4864301180342625, -0.14817141684330182, -0.09444757974135809, 0.3013781729035798, 0.12207561694353741, 0.24081032766147692, 0.3729210134007349, 0.20435524152061735, -0.1605462016690643, -0.3017170367376293, 0.025364135857946613, 0.1128125815890505, 0.0621080916613479, -0.0798112690776469, 0.32950720796226174, -0.40988999892534284, 0.19540758840897576, -0.07613905214754968, -0.4769754867064717, -0.19742140134974862, 0.4023518310166406, -0.052418164153898106, 0.005790781763285957, 0.015882521463261745, 0.3581649469378366, 0.3233172502316721, -0.35537517217812564, -0.49432989979962383, -0.421620146434598, 0.27541659257437956, 0.20760882700210825, -0.4034319750760653, -0.45064710048090884, -0.31257526891887777, 0.3739108112276561, -0.47244644593463747, 0.4461025388152883, 0.4856730990241501, 0.2793445289813261, -0.4053958947239501, -0.39841885736126226, -0.08562859738697659, -0.03967506552784805, 0.03390548563858975, -0.12371080256274958, 0.059652945410785696, -0.3807535840974525, -0.10293033228309156, -0.20927383997278115, -0.49224449873311704, -0.3679540302861197, -0.23969145441345374, 0.02379457791408013, 0.29519040057292734, 0.13321331536980996, 0.0016843848005468898, 0.27279029348481354, 0.14515990673638335, 0.10386901344704147, -0.09482763631842095, -0.4376390785214638, -0.05859575195721012, -0.1946457618410552, -0.48665020821600946, -0.17742602642613814, -0.46454363232940965, -0.2558290720508529, -0.15038654985570377, 0.3142713595166292, 0.15243900894863016, 0.08822682241541024, 0.09725258413230786, 0.2590356372593239, -0.04473319625722416, -0.34612581339602677, 0.2146973819352893, 0.4707780589873687, -0.32357698958439085, 0.069365779770314, 0.4333094752349965, -0.19709907651909442, 0.042734767319949185, 0.37019440783493907, -0.11996087520288656, 0.18693015080881925, 0.16338328047866735, -0.4028405656050291, -0.41729087360722816, 0.07917836007269263, 0.05200232612989375, 0.3517235227407912, 0.4092604810242946, -0.38800414327098265, -0.11631633421504606, -0.15100571253016282, -0.07445198104424966, 0.19875096608472764, -0.17265071608119553, 0.3047751156275814]
Bias: -0.2838256480769491

Neuronio Oculto 22
Pesos: [-0.2282237866280813, 0.20294916138247454, -0.18547821708612433, 0.2981965690079377, -0.23954738334182613, 0.22509614699673064, -0.2548409347074829, -0.19666767755299452, -0.048542475927749074, 0.10780854937243456, -0.43896279362055124, -0.2559958015410134, 0.37807142922951553, -0.28954183034909997, -0.13288256781354757, -0.18026901479487223, 0.2717846704147402, 0.02714968459388356, -0.3735670375042027, -0.3300224851848246, 0.1823317021510511, -0.39957905705242414, -0.12481006018705598, 0.31315406678374724, -0.35455294776464175, 0.261620756687152, 0.12354403825946281, 0.08782059506250417, -0.20329710037103077, -0.17469066767132102, -0.3495317056355205, -0.3165213916166639, -0.23888197589617433, 0.1572684046012105, 0.4853100966372109, 0.3097700218568271, 0.21044781288765058, 0.2668313214871496, 0.4447579638795033, 0.05427470796331002, -0.3277094958680742, -0.02226140160085821, -0.2938728948391013, 0.3564984409057965, 0.043304623479390236, -0.29119011157866614, 0.42672183270125974, -0.36236402043361404, 0.2917163875295422, -0.41864688106606485, 0.48203021577565297, 0.28894144962468205, -0.4789570668614075, 0.18563400862858626, 0.4415052458966191, 0.11161357542722739, -0.14963547185059467, 0.25283280271931685, -0.05419516929562873, -0.37501561543596795, 0.392276886052641, 0.27460174653156333, 0.2832204470058671, 0.3239804882008219, 0.38307850056035186, 0.09454610980411626, -0.1133156710607014, 0.25509054364573014, -0.10641189841689058, -0.4632170975081207, 0.4145532338373842, 0.3155588864106672, 0.19864215795142226, -0.31618046578854075, 0.0916834887601774, -0.2607699009998852, -0.11939489176468243, 0.47846688992753017, 0.41845141697779553, -0.31689494842336885, -0.46795528060039904, 0.18429732852306502, -0.3507088134527838, -0.1185699144029968, 0.2106179794502968, 0.4187688324755835, -0.2134531341503122, 0.014330769699921309, 0.39313581321276114, -0.12510207440603982, -0.4662779552833719, 0.37770776259331407, 0.06308944242582093, -0.09757986380179051, 0.22936144574498907, -0.4742880062501129, 0.3391335888301181, -0.11226143842447467, -0.14010554771037242, -0.0743780072324437, 0.2635116149821958, 0.48960261462641697, 0.33772484408709447, 0.4717673691058142, 0.47970482426634264, 0.37927752939239767, 0.28617219369688907, -0.16654973060310108, 0.08225406340969943, 0.47331938745109536, 0.1857328440301187, -0.4779029418570583, -0.14472926804664055, 0.49071259581689175, -0.12885912813955924, 0.4221340659394641, 0.49591834549428915, -0.3713804907598026, 0.026401225778153292, 0.4034038846345007]
Bias: 0.18579873458200935

Neuronio Oculto 23
Pesos: [-0.24251853036400695, 0.009630838643178707, 0.14846678008859082, -0.12555960471889405, -0.2462025208089602, 0.03942908517249055, 0.05444480404244767, 0.14256682627281914, -0.22138833234781474, 0.3733359170459203, -0.0666019495686786, 0.10969995613525074, -0.35473515641834286, -0.2063896392006025, -0.49827143249416295, -0.24386749935863572, 0.3167355077752686, -0.23012698354307082, -0.44269256194509365, -0.06639904079869507, 0.2989965461533851, 0.0551968566188098, -0.4577304741803152, -0.37251045018788476, 0.15530564279886017, 0.43889280643754547, -0.38098426692379594, -0.4327122225715474, 0.08856030794249492, -0.198351313977709, -0.31148751254612417, 0.23371834122066182, -0.36292709990436967, -0.09055050183887547, 0.3961469012526413, 0.1456825063154088, -0.2696938617342163, 0.12692959132152803, -0.20534329348409586, 0.3372423546233, 0.3298734296580381, -0.20449860460119473, -0.29070804432613473, -0.47456790819246053, -0.09218493375038583, -0.15596278198901659, 0.12471283010039313, 0.08968150448019652, -0.2851799598344432, -0.030334189542744028, 0.11411531453113821, -0.27523979943041377, 0.0631752341651336, -0.19799713086878845, 0.017421652093802975, -0.36977817487334264, -0.22083134448993025, 0.17376540925954154, 0.24689444404566807, -0.08868400791979592, -0.3390722519583901, -0.26453451420814467, -0.21530560792419706, -0.11859773199830692, -0.2911981341291845, 0.12412336704362281, -0.19602236087087943, -0.0009635315113936116, -0.030674654323934236, 0.14342400573395697, -0.427382288781166, 0.38083523010022935, -0.06897466311276657, 0.2994378337946981, 0.09895980805195703, -0.2668139362681319, -0.4847101765871723, -0.4395237235369831, -0.47152680032860816, -0.24209883336646243, -0.01825584593133045, 0.3536146170645684, -0.2514184608536113, -0.11064868705733066, -0.4487217661944565, 0.4519491515423384, -0.3401404266087428, -0.24563437825718792, 0.04619783019614909, 0.01969919439555534, 0.06208065597587753, -0.22896652886141655, -0.3260727683923328, -0.08222983846014242, 0.2727331355351498, 0.23777910005027947, 0.3404007558770801, 0.25897922394033523, -0.26990176234669394, -0.36035959238785964, -0.21458473542762424, -0.22154425828068536, 0.0888953673562245, 0.2914494244343937, 0.05111283046498594, 0.14343807128291353, 0.2442921157822231, 0.3058558412053911, -0.3848757071839195, 0.23804830775946328, 0.3934948143496836, -0.14258038325267441, -0.12364179376651463, 0.40274102601307327, 0.12736869515394955, 0.1923799381253265, -0.0013824565787352583, -0.04859721041756937, -0.3351185592368445, -0.13984981610418856]
Bias: 0.31349958882730344

Neuronio Oculto 24
Pesos: [0.1751463158966906, 0.00449739344498834, 0.26897859969625104, -0.034247160297971035, -0.1854897407027981, 0.4180369699924047, -0.09420810968394677, 0.0697210924920958, 0.2709944810570626, -0.1693542930872839, -0.40370473605043533, -0.30518931414112926, 0.3392083145153657, 0.16449384340431117, -0.41565083134491243, 0.16549069705231667, -0.3382085478250423, 0.318779905296112, -0.430873471366075, -0.3317996304970803, -0.4957182710032567, 0.4581021184683248, -0.3699257886233851, -0.07082885724652366, 0.49199741491333704, 0.12552459759697887, -0.45709050812209706, 0.05070932124679828, 0.10098980832223725, -0.17817078523826668, 0.1555517537546377, -0.21390746319079956, 0.3378656732752411, -0.11418737399040613, 0.44931857981797074, 0.2861183248336382, -0.3679370575993418, 0.4068828549268415, 0.01418709535294782, -0.2148768876564875, -0.4883724736790649, 0.3762071671624171, 0.04107016799395702, -0.45908726678821643, -0.03142328403291694, -0.4981696549396005, -0.13339325692347226, -0.02397722599665475, -0.3698718296871789, 0.11840019947192104, -0.36817198659103756, 0.2505423247972275, -0.33136174290707676, -0.025110834924035208, 0.19248229099014846, 0.49934259416159754, -0.42294312950203283, 0.23591107584544668, -0.38447888903750393, 0.19812002410437535, 0.27702836749967763, 0.26923998963232176, -0.19203766082147555, 0.4726248237207866, 0.16531051683059006, -0.0707338939890636, -0.41782956369745683, 0.35228809582665843, 0.11812547952291297, -0.40629732020321974, 0.46685414585130547, 0.35728180071973126, -0.24405727084089635, -0.18476727539136883, -0.17184247141461595, 0.4779251888455389, 0.2561948880842154, 0.3969324019632696, -0.3549632891644843, -0.22044799648112712, 0.0758396903364491, 0.06126646152919579, 0.20114196516629068, 0.4856245742200389, -0.22967371168670947, -0.45769131479590797, 0.33129611055050867, 0.37544527468226196, 0.06399251687196716, -0.11742862909447371, 0.25461618818409604, -0.128657593264783, 0.17300700327691376, -0.4283351215147435, 0.07849746182939621, -0.2755820404036319, 0.0577132615029593, 0.03304405942265887, 0.3790093649278442, -0.43703513065715394, -0.14275870886983055, -0.04292253612066177, -0.3411268042237976, 0.49160022164790806, 0.2524856027060598, 0.37254643366389706, 0.3129828528362676, -0.4118286288750097, -0.18483710942388554, -0.28801333225389847, -0.3137726310852087, -0.22578060735950323, 0.1713965084588378, -0.3220113076831974, 0.20416404331131666, 0.12947245551758946, -0.056497154163087204, 0.020744113818718546, -0.0053529110103679445, 0.045374065081628]
Bias: 0.02655170858593492

Neuronio Oculto 25
Pesos: [-0.32388105450472315, 0.44031617961709846, -0.12184149881532569, 0.30189372619379706, 0.4281297437786802, 0.17005442739211885, -0.4935964576054127, -0.17771119674633007, -0.1775014049473561, 0.4741373949629072, -0.27421342652451197, 0.41459659483927014, 0.4619629560120446, -0.3406219160636025, 0.21134753941616624, -0.3552890215252559, -0.021791565102631028, 0.13515999669746204, -0.16609304177685535, -0.4786938471810588, 0.26842626156798355, -0.08809004408415466, 0.007035208978403595, -0.46508661229308557, -0.16572022374564654, 0.1084841710753609, 0.07260002277245392, -0.049580847928715865, 0.37510215138451686, -0.26307335469459125, -0.2640564997579187, -0.3355836053086274, 0.3331474064722729, 0.3075550311236279, 0.08306945736215221, -0.40684255697488514, -0.4497528662168717, -0.41378488401126257, -0.2348585937353307, -0.4354667567559809, 0.21959181838256614, -0.29986807401656024, -0.14565550850976994, 0.2920367755358737, -0.15502186794373196, 0.023738414952111597, -0.24779155187867463, 0.08487162183288777, 0.05540422713147186, -0.04943625496949555, 0.4751419539080707, -0.2723307831794797, -0.3490593731969285, 0.016005126821674542, 0.41725510293768653, -0.37954044661801956, -0.014598233715873987, -0.14388430879403447, -0.24429705946508262, 0.06040622573906884, 0.354996888312213, 0.10238935966440577, 0.47714408338662595, -0.4352048641371672, -0.020745085823356657, -0.45195281836582946, 0.17069629834544953, -0.011075818471408372, 0.21352720955842808, 0.3707300309176502, -0.3559181861390317, -0.42800645836446205, 0.40817885975088497, 0.43066569257372567, -0.35877150221928944, -0.042277809490259166, 0.2427529268049966, -0.009044896728680807, 0.3478106073910785, 0.06510132867662843, 0.1412621784187048, -0.1653295582622153, 0.17370708991901151, -0.1487564130347866, -0.2139211757462638, -0.037073699874506594, -0.14381973437041806, 0.15202413360083245, 0.16270287508415726, 0.4201037217281962, 0.4422985404101286, -0.14812092123672482, 0.3467300939914624, 0.09598835768332481, 0.2800323623543046, -0.46797922687973914, -0.3142415555578836, 0.4373154238441902, 0.34197478800049796, 0.2922624023079009, 0.1277724836581624, -0.02138819524086988, -0.18976511562943088, 0.43232483128585175, 0.1851355597161265, -0.17688448652355393, -0.0014989580472191122, -0.1315729865058285, 0.48688542802350976, 0.32484290441492625, 0.3761879500110752, -0.4541458523713068, -0.27284561883759095, 0.043342114507850416, 0.1630462193398754, 0.19064491037953268, 0.47793944750916095, 0.2117635109203484, -0.026244957169717975, -0.3736373767810378]
Bias: -0.4948245404838574

Neuronio Oculto 26
Pesos: [0.20606284912793715, -0.3240104649805715, 0.4331362315351144, -0.42054160974221677, 0.06742479382485622, -0.4303666755767883, -0.1871190338358939, -0.07740864648377566, -0.08793669060148923, -0.06132875931112558, 0.1553484443259715, -0.3241649454980161, -0.35988070899964775, -0.13721666165007818, 0.038886668752507014, -0.048627508005196884, 0.025220131089397024, -0.2332706268096011, 0.14204245307893448, -0.38298498413887627, 0.41037912759173756, -0.03355446316593591, -0.4711009616930163, 0.03220994727839421, 0.01815376395788737, 0.4009032694193235, 0.15799114559516092, -0.39772261882188986, 0.24898379451333275, -0.36656109906177015, -0.31755813499019525, -0.29839346456679505, 0.006184996339118398, 0.4609907618080703, -0.015159263870239359, 0.18740113439616013, 0.016840279068842667, 0.21136100164551153, -0.09764723886262183, 0.30664681426494134, 0.025474048701835006, -0.24742898640018918, 0.45305553508769203, 0.3840324483363867, 0.24348916415927202, 0.17719258757597467, 0.14970120979814772, -0.013868481955527368, 0.4322634878782733, -0.2507302933299037, 0.19656506678872276, 0.12664234961191234, 0.28937254786407596, -0.09423472173170067, -0.3673826862194466, 0.4002992746687908, -0.29760490932732186, -0.30158062358096016, 0.022721131454099153, -0.3835851899622358, -0.028193963228421937, 0.3188441301041608, 0.4051732108247025, -0.43440161005408273, -0.012606259084657623, -0.4240329882024588, 0.435669117661624, 0.3437448593275577, 0.42707453291804187, 0.049756296006987055, 0.46958530986126124, -0.30071715528285947, -0.3441950950575493, 0.15546764886650877, -0.3061975149793218, 0.33184353152543267, 0.129255852610345, -0.3231732110677915, -0.37823067177119707, -0.19962662231812467, 0.006329207171646867, -0.13003775934839212, -0.15293296412736934, -0.1532482829879872, 0.36107784436864543, 0.0749123944103578, -0.08326689134859222, 0.2228092807581975, -0.48267155562531316, -0.1532753877469154, -0.4595925392716479, -0.279670615715492, -0.357146454876782, 0.0009646792933720727, 0.18696107085927005, -0.1105048258371345, -0.1875704534309448, -0.35166827638854015, -0.2722830232293426, -0.3006808344784806, 0.42731360490765524, 0.19339990863660494, -0.29370241302708977, -0.11724867672882289, 0.1688094678908708, 0.45799207652168894, -0.3302237631774648, -0.44121347405856504, 0.2098207033778623, 0.38949891163254813, 0.14379690432116443, 0.062208906902261885, -0.25573145853879586, 0.294596897186322, 0.3879727002382162, -0.1606247222730861, -0.3079727766245153, 0.33201112463232707, -0.375266843340331, 0.4165357131806734]
Bias: 0.17445657468944198

Neuronio Oculto 27
Pesos: [0.20319320600300772, -0.06989220666537843, -0.47653141392408005, -0.4679461845949512, -0.1907189743314588, 0.09670413346068107, 0.33218490090023134, 0.1378212263085773, 0.4999139627549515, 0.15254807529879288, -0.007738414741868316, 0.09861281706613301, -0.17317509911943973, -0.3063817983999685, -0.11111594380853174, 0.1283933768498281, 0.2888475729547958, 0.031386478748868796, 0.013731385220496994, 0.409779529319412, 0.431816829583885, -0.30738047489657916, 0.2242474770708126, -0.34389271715590275, -0.14925889022260308, -0.21338524564661554, 0.24308563995468802, -0.2859332370598793, -0.49925916551040506, -0.2964936876862587, -0.11177022771794243, 0.04099091234455576, 0.2969158411775673, -0.46474990026325413, 0.08232312657483298, -0.10659273240815736, -0.38528513690706623, 0.29510954670768497, -0.10091336710293342, 0.029867757306892173, -0.43164490867705096, 0.4082573530222384, 0.46103439902723276, 0.3153684369648114, -0.37155014996366353, 0.364471526274479, -0.2788635474358725, 0.15179547350003497, 0.23336458900484602, 0.4618385884056382, 0.17970395124876615, -0.10449897097608873, 0.0650943025004247, -0.15539497950096604, 0.03702673383606048, 0.49978869812021653, -0.12036032545199615, -0.08887240085410553, -0.09697025545825722, 0.014003539806118903, -0.17237259036068142, 0.3664301775926089, -0.22766272283458977, -0.16308206667238556, -0.452427336279033, 0.08345447873413492, 0.26488474822641805, 0.37947352788598876, -0.3258241791294436, -0.0812052456466622, -0.03210382807507983, -0.41890258950228687, -0.3269775154389042, 0.3210651665296185, -0.49761168520655674, 0.46031296693466206, -0.21564283575473053, 0.2176917581232355, 0.1405785815981062, 0.05924068432447305, -0.23681499607085055, 0.2432844549775841, -0.4540997415353719, 0.107214077214977, -0.3864987409761844, -0.1487442546334563, -0.3611897436639553, 0.2743549157527667, -0.0516413720564084, 0.3793796095938161, 0.452756077265687, -0.21894578835366252, 0.10639449814438118, 0.31298862477156775, -0.14878689282649937, 0.3222564634399828, 0.4660811947109028, 0.4124612678184709, 0.0025773303793767965, -0.0018368369764889536, -0.33732515895790316, -0.3923477191880764, 0.13873238309499392, -0.1170559111702304, 0.4378536308108236, -0.011696791174596988, 0.027782208266306507, 0.03812952896331567, 0.22416753577976878, 0.1973243365396513, -0.3132017768354587, -0.4270182287359454, 0.1572037498936656, -0.005234276777688063, 0.29175209970480176, 0.14488023039531917, 0.047613560296156154, -0.07088956232849941, -0.10654429694764489, 0.4927907226883439]
Bias: 0.27407336261357906

Neuronio Oculto 28
Pesos: [-0.4146305338345303, 0.17279372534245607, -0.3322962751928177, 0.13518988576136504, -0.17704990702567625, 0.4132679876160388, 0.06816595223386113, -0.382194963277405, 0.24206478138375553, 0.11061449607084772, 0.4550524630670172, -0.32869512397802114, -0.010765211496716276, 0.49136440206859155, -0.030733524062479867, -0.39117000314252093, 0.256349478362769, -0.03296955315664252, -0.49292222162131705, 0.4615157130051184, 0.47759441966395944, 0.018607612576857613, -0.40514603958329554, -0.3069186691794109, -0.22582138038111865, 0.43233828481508774, -0.3460785259047372, 0.05974758893476273, -0.4093588045892026, -0.07186239700475705, -0.44080664848836737, -0.4743169380684067, 0.3941329634391968, -0.14006031585288825, 0.24098844378947892, 0.28581312397324254, -0.3151099084767487, -0.3696377632019434, -0.038967252640916605, -0.35992203481736484, 0.12453158266463527, -0.07541845311538464, 0.11733966597207379, 0.11083237310317762, -0.06169634010856917, -0.17773974294491823, 0.008170485366331248, -0.47041708021364415, -0.3875259822106162, -0.270036428282063, -0.40946520574734446, 0.29833128861422553, -0.11158078013042494, -0.18368334649148466, -0.4127397209500486, -0.31433298717775904, 0.230234398568532, 0.4266252667277227, 0.4783826840141181, 0.3491787717118364, 0.2549430266034721, -0.24567186573042632, -0.24450059941616897, 0.07510496891677221, -0.42099577923764575, -0.25664546539870203, 0.21088006567350015, 0.32498600879537165, 0.17351127699754343, -0.28402311773239997, -0.25448812440133406, 0.03175625454434983, 0.494772527807528, 0.35658795000284804, 0.09680108404304733, 0.4122373379255745, 0.36516072701313074, -0.3872255333128408, 0.14523001863136775, -0.20101825422636654, 0.4675935795491122, 0.4651978153374463, 0.28270712727146186, -0.017961565765985732, -0.36650021703401603, 0.061405624130938974, 0.3241935009736763, 0.027142405488841392, 0.3133981075971818, -0.4426697235630601, -0.27980947111127874, 0.15451673901842944, -0.403297702837771, 0.03852510034051759, -0.4953152835379957, 0.2875906907948972, 0.31735876905234706, 0.17141594866169696, 0.01660992328530153, -0.253673261215811, -0.45358140516100465, 0.1690902581705166, 0.28861622884989313, 0.4824145178119206, 0.36853295218391335, 0.336867495726051, 0.4695260885999454, 0.011888611778360647, -0.48726341454555033, 0.07975103882979673, -0.07053205505739257, -0.00508789378922303, -0.20275473749460193, -0.44905926653668604, 0.1585526920633059, 0.4111277278268538, -0.20217936100386047, -0.1429326213804617, -0.4537406534026569, -0.018457939219219788]
Bias: 0.22840016816069098

Neuronio Oculto 29
Pesos: [-0.08538367526087809, 0.48335782832724894, 0.35242817657288705, -0.07654638120465762, -0.11622955561680381, 0.07057401935492691, 0.3468134931827853, 0.1796804252190609, 0.014125738154428635, -0.40551501940043555, -0.2465849158709249, -0.12080828569007318, 0.4587673365856375, 0.09232231523593104, -0.0821508879214683, -0.2927060148214391, -0.1821028414331055, 0.006283357041007798, -0.3335580256722356, 0.4761713587718045, 0.2935197254177381, 0.08978970834624977, -0.42194307119836716, 0.4016337137213256, 0.06577310902763678, -0.031349240564998326, -0.14497661907603066, 0.09472069952963691, 0.2867244894645723, 0.021907092102534387, -0.2537579313356608, -0.16806421332653587, 0.05714358510512285, -0.4612752700529019, 0.1649379419374194, 0.3427650822494608, 0.12474016913582897, -0.1861275860984848, -0.3751808972182826, -0.17342468358742047, 0.2556765765596405, 0.47107902848022776, -0.26889235411096934, 0.4981155557291618, 0.05574386415853039, 0.06384068603137116, -0.4031528801923835, -0.0823823959809008, -0.41215500012546846, 0.15615934488859917, 0.15218037239519566, 0.4026578042135762, -0.42878465238485597, 0.08208002695196603, 0.36488294849690184, -0.45554302522257395, -0.11998828178581677, 0.05979899511066711, 0.3459058832910451, 0.475398075820349, -0.32997792889269795, 0.4426820902244194, -0.44144529664052945, -0.13613227491669844, 0.4357532905494391, 0.47659805018686163, 0.2746113883233141, -0.49756127005765516, 0.05526302281300077, -0.46020757767764775, -0.18260900257427026, 0.16651366999801598, -0.021121840757469812, 0.07708671309545878, 0.32594626134531446, -0.3545986968380318, 0.3747060454184984, -0.15218021278894311, 0.17333607255847006, -0.12131525931852694, -0.4790537171667947, 0.1900093623295266, -0.29117579739991106, 0.286154320955583, 0.4776288222847068, -0.34314404897100403, -0.4394221052590144, 0.4415336496834128, -0.04249706771537165, 0.05374632124998313, 0.13711990174636357, 0.13524598944721433, -0.43373240297816185, -0.2701167037841766, -0.08708147893462748, 0.09627477261408457, 0.44321115257684396, 0.2250959161705104, 0.07693533387812923, -0.19886964628066583, 0.043245186879717123, 0.26166277225582524, 0.21950604197838186, -0.15213441098247027, -0.33932055249442994, 0.2398708190965091, -0.32702753613241853, 0.36231555053534437, -0.3865652446349236, 0.4613350556229605, -0.15410214624510798, -0.29299693070519595, 0.4336946033812993, 0.2977504175347133, -0.400980926383538, -0.19143777628224856, -0.48428231311317993, -0.3637479467580812, -0.4119238997214445, -0.3779807123868464]
Bias: -0.28950523182551224

Neuronio Oculto 30
Pesos: [-0.19281889017180442, -5.626070596465027e-05, -0.2913431257410207, 0.43058809884348825, 0.011816851214584645, 0.07790790655343927, 0.4622740216918527, -0.15438251829506677, 0.1335363432015515, -0.035530818941374775, 0.3764689204175451, -0.19712225907923686, 0.32526051828998215, -0.33305682598451114, 0.0569814927734037, -0.4076452017384856, -0.19475163804224938, -0.2642729126505047, -0.029495210030308527, -0.3551227258781935, -0.42070386436039675, 0.2937229020712142, 0.2736464994268618, -0.19622705793694994, 0.13216216669647196, 0.054927288548651476, 0.4478992558459419, 0.24202925350928883, -0.06473638488949762, 0.42165140084501607, 0.49991684021607075, -0.4054713171170985, 0.20371954064466546, -0.36808789786571283, 0.3197281787713502, -0.16526571414470037, -0.13779230204720527, -0.14357392063786523, 0.2602495297330458, 0.41139055631337695, -0.012675339996800927, -0.21211556882763705, 0.49705299670406977, -0.22361343220099938, -0.19802299082041053, 0.22565222794012674, -0.4305071459220571, -0.07758747543833777, 0.24651920310782982, -0.3750035358135373, 0.4598670013147137, 0.33884085833762534, -0.3076712696962489, -0.3640008974363518, 0.22846022282916822, -0.1505765340846914, -0.14248128779885572, -0.32894002680176715, -0.22161106381720697, -0.11463939283198288, 0.39143673331389606, -0.08124263988559832, 0.42427724778998044, 0.4710764836043684, 0.2641502893017663, 0.2974529473256683, 0.05963625443441045, 0.13669839445795884, -0.3171241632972849, 0.35567867548311893, 0.10711056435640232, -0.37210722120260864, 0.2357796962278471, -0.0543900451456939, 0.19541208058792925, 0.4817179897606585, 0.38888968296957516, 0.2602077498566431, -0.39126665424120266, 0.3043662817123586, -0.06521299470258413, -0.24534942354709977, -0.23124287294806534, -0.4294872650515338, -0.1993605566264307, -0.3007430568704319, 0.23281129516909327, 0.4038018567211151, -0.0381604039052893, 0.4309303728329247, 0.2948782049272062, 0.1536156969866932, 0.48145324718219873, -0.1666277083200014, -0.029690480863589386, 0.29405439468657235, 0.19257672714024543, 0.32101428870754767, 0.23335137800631467, -0.4099629671736872, 0.07701383950759333, 0.3591884272018311, 0.3329340436528644, 0.4283716023559877, -0.0023127394629108844, -0.1913488932041143, -0.33513664734523885, 0.12279795254141701, 0.10650956521649757, 0.04201813449265657, -0.42971614998245733, 0.22561811784160246, -0.32763010141710425, 0.052076350114308445, 0.3267794614289614, -0.12071827397615709, -0.4938411431303832, -0.1297785724442141, -0.19746241733283565, 0.2862237585075018]
Bias: -0.37814523349204776

Neuronio Oculto 31
Pesos: [0.1374231752599061, -0.35179616225916066, -0.03226054407568191, 0.053779322761629555, 0.3691412318363343, 0.014761931208776446, -0.09922429625575235, 0.4521871428914721, -0.07419553104636245, 0.40109956149404236, 0.2453537662437637, -0.004637419779861651, 0.4775789242210622, 0.379597934693075, -0.304113743240116, 0.12202232086420195, -0.2420891245130362, 0.11195716960967228, -0.4596791163592725, 0.3526863756659874, 0.4643765146222488, -0.408904220656343, 0.048839467449351526, -0.4339044508563952, -0.28467381256448254, 0.22833587393660792, 0.32066135783653493, 0.22979854052981186, 0.4691146085277865, 0.17611798197478323, -0.11225748965070059, -0.2300812646121273, -0.2881828979995089, -0.3287734091246739, 0.10111231358902906, -0.1877867542123033, -0.21094804486136265, -0.08005520558114365, 0.2934654708336123, 0.4045143129242581, -0.10813916893905995, -0.49744253136737193, 0.1501889865370163, 0.3161449997431872, 0.10568533784722656, -0.17931800425365785, 0.23578291728933964, 0.23110764434286624, 0.22941021288480623, 0.40138386834353146, -0.014047136581644692, 0.2557245551358973, -0.12515736030454006, -0.09852612907498626, 0.4356626730258156, 0.11290486801791833, -0.06038329594856817, -0.259298423636112, -0.21994257133907447, -0.3034616019904025, 0.02361896806339847, -0.3489806756781544, 0.4772994221703787, 0.25875997773020687, -0.4245872141863398, -0.1663678350663813, -0.4336790902543506, 0.4955242519444566, -0.08269806242022282, -0.046677745657841885, 0.051324691929909405, 0.20331023091489397, -0.46186992213144795, 0.31708148702613037, -0.41202711550423377, 0.4920075058374239, -0.4873148910122066, 0.35564881551400185, 0.2684641901785949, 0.1770862698359481, -0.18748050692933782, -0.2127267542473369, -0.35325288587660797, -0.1970900147139968, 0.4283376449157996, 0.16884591046501318, -0.3317064657156136, -0.4226746619343512, -0.42034431372032455, -0.2196229781351875, 0.34143579508690636, -0.44438084843271397, 0.38925002781050544, 0.3697719220307524, 0.2604430800324222, -0.33112879229520287, -0.059201169360914796, 0.12966548854347626, -0.3330876361629739, 0.4430290812933009, 0.30610339526372266, -0.3912064012609401, 0.4580142981496612, 0.42023562482459964, -0.40974096528408177, -0.2939571433067757, -0.053721036015957346, -0.38390055358120456, 0.38680612127158254, -0.25533251496717546, -0.24679771518544247, 0.02969090076338099, 0.431956428013333, 0.26557904026551726, -0.31263638496586466, -0.4766096423371432, 0.08972798077049338, 0.4192503997293413, -0.11488813228769568, 0.23737105305599937]
Bias: -0.06684036988058717

Neuronio Oculto 32
Pesos: [-0.02471665362455555, 0.35139699426286797, -0.25274001421186054, -0.48538450522254317, 0.06439954519945823, 0.2422109688836357, 0.09591492225461706, 0.040684169700148876, -0.10902799791613349, 0.47505921561169107, 0.03959291116716501, 0.18667625947507593, -0.20183115325218592, 0.4118684388076822, -0.2555995803670963, -0.38826250191493206, 0.23833680373123867, 0.15320893753098064, 0.23735940786332765, 0.06506740858297422, 0.31391715842246926, -0.19017239740470382, 0.3455178076733689, 0.03685484196014932, -0.20853706657299587, 0.17177095105106122, 0.2782424840439818, -0.06718518387902972, -0.3870028260508347, 0.418607474074568, -0.4884023960809384, -0.2300005206527591, -0.379095734604609, 0.3876863524647549, -0.012284877432265251, -0.22819015132077436, 0.25479343250113773, -0.417759625172922, 0.0045215716425789365, -0.37313750231784526, -0.0004843530591235323, 0.13450393457692367, -0.05725008361681683, 0.08751971996019803, 0.23508422468328882, -0.036082861762930296, -0.4119068412602057, 0.0744675328305976, 0.21664367882667623, 0.09276381622285945, -0.05727164706299004, 0.35855264867547176, 0.136607971418635, 0.13369066333385793, -0.17587997437066283, -0.0963298720400898, -0.13974065034943628, -0.07051172986004484, 0.46771855689454256, 0.06823931273315087, -0.2236603821848464, -0.418830164167425, -0.4824026786002582, -0.33760154764809935, -0.45754912892084265, -0.040512490064516626, -0.2564630834092795, 0.4932134839771545, 0.016562454298128304, -0.28768412523418163, 0.07435420519251545, -0.15155846156029373, -0.2359798592870036, 0.36363593846351117, -0.013045448853258756, 0.41716794103357546, 0.25947386087103297, 0.44370844963159306, -0.20348401799867288, -0.3600177698347655, 0.3847101214048474, 0.4852515700235297, -0.009450688506978056, -0.27396292407858414, -0.12184988802620167, 0.23425880682871125, 0.3255608370737184, -0.37441097535911216, 0.39264322019042275, -0.4403479565889755, 0.10291603902983537, 0.46357004278635827, 0.46319356302095527, 0.4488745340176924, 0.4465377934375022, -0.1440516792293297, 0.35134077880581216, -0.05473723255844354, -0.11861258951727582, -0.00573560503181425, 0.3566423797108291, 0.028673033949460636, -0.38714571621027916, 0.43016507560048, -0.24606648809173215, -0.2149466286459194, 0.024746850139394483, 0.3495718735824811, 0.470990374078042, 0.4574583594505406, -0.03432076386043803, -0.29478275189294156, 0.3386248379067589, -0.2293142320713516, 0.43488975779767747, 0.2861731119954104, 0.2471300203801804, 0.16760391265774166, 0.19879933720484722, -0.15578970434121986]
Bias: 0.38940824942996266

Neuronio Oculto 33
Pesos: [-0.4011907725320799, 0.19178876242711362, 0.0336671426073355, -0.005572444513734953, 0.1419681498617955, -0.005285369659482231, 0.3450249192619659, -0.3743392835136313, -0.44452167480930793, -0.1198740589734768, -0.09361327160592825, -0.23458104389156442, 0.3463623859197089, 0.48076588338055215, -0.18521675769507184, -0.2641525591522116, 0.32537744725117945, -0.4593039657470014, 0.19629832103970168, -0.149924083503143, 0.35979657913402163, -0.19618785146834006, 0.27976759575693066, 0.2793268575805302, 0.0035404258399732713, 0.03825502512615464, 0.23115289569479913, -0.06672817525594521, -0.011146199856962524, 0.49647297793268497, -0.1503963009003697, 0.3851182597589716, 0.47682862547762106, 0.20613324625044893, 0.43096581238994114, -0.12523689391719073, -0.3859947575709505, -0.02825374310648021, 0.12067324605702456, -0.3813414667975854, -0.359520519745845, 0.460215206959109, 0.23436004193748083, 0.07680205411743402, -0.4610238916067978, -0.120953377775601, -0.3136417395885589, -0.3368268232840309, 0.2665339396248557, 0.38395278097394425, -0.2842319479173505, -0.4165843982006273, -0.27809359240810194, -0.4541961537232907, 0.34223450987740656, -0.023187423422532993, -0.03583828886899476, 0.2987446905408947, 0.15153683178280142, 0.05765957730518101, 0.14611457125832839, 0.2414415227348865, 0.2687566282742663, -0.22814064888762908, 0.26970842506694703, 0.3936888044572854, -0.06114623631388727, -0.1025308203196349, -0.086875754085457, 0.022710330344795637, -0.14929442725270803, -0.17284634863096116, -0.2629213158207162, -0.0004005810102359897, -0.3153700411679684, -0.39148491144983055, 0.3057858755330758, -0.43340326225194137, -0.07510619795936291, -0.39697389461644983, -0.11755387383066729, -0.271896942378566, 0.4422934869036419, 0.4529568535568491, -0.09075617429606708, 0.21001106925885638, 0.41064490066321746, -0.01888204740514199, -0.454933138334943, -0.17546165466887165, 0.12439906750724061, -0.2098417381279296, 0.016764472254682694, 0.48403147517708345, -0.19563236993655442, -0.380158474095066, 0.4955547866896143, -0.0369246417659258, -0.306398852648027, 0.08727158715515893, -0.16512347338973676, -0.4546098523104266, -0.4893794962489947, -0.12730940483281272, 0.10209344554338995, 0.26986868704014844, 0.4733083308868874, -0.15656934265500466, 0.25364345192568627, -0.4153505671855141, -0.4962380553321435, -0.06720698564056105, 0.4765987539578799, 0.29500544420554387, 0.1258024580806273, -0.3251203791138273, -0.38608922046911753, 0.45322084250034755, 0.45079629423138445, -0.00617179795818934]
Bias: -0.3011485776192022

Neuronio Oculto 34
Pesos: [0.38846320088146213, 0.4322225092413716, -0.205433420553773, 0.4872307351921532, 0.2489526988798153, 0.38260110836548133, 0.11208440633296435, -0.22128626012353525, 0.028972186910841802, -0.17310934999378236, -0.35485345713030136, -0.14900373205541595, -0.43498060383770465, -0.13364726231776514, -0.01942824220234418, 0.3264781028398944, 0.07924313068429922, -0.4834352630947809, -0.2831937917500069, 0.459774450424431, -0.30669147825312604, 0.4198717554384994, -0.42990743371757845, 0.3005423313051423, -0.2882852883602477, 0.27118019193280307, 0.24995321729297215, 0.13328786311670793, -0.458211107027235, -0.3838735052720923, -0.4084293744254579, -0.06690862488107585, 0.4458175922200841, -0.21017016548421175, -0.2916172238503508, 0.3885724419732405, 0.03320306140552032, -0.1525061652692421, 0.49240905637039345, -0.35715788453494046, 0.38945357887883136, -0.4772226459540585, -0.3970203890863827, -0.09599985940123468, 0.12915178956998974, -0.20738812764801706, -0.3222700311340664, 0.16040043020773453, -0.3052512763958414, 0.2539758431006581, 0.0632038885247106, -0.005869093696123873, -0.05563987565829143, -0.1516859324844544, 0.21853729951025114, 0.45223358839358674, -0.17477538925808922, 0.3930240259730161, -0.1785843483361561, 0.3039668066994352, 0.33014917258155774, 0.022287315684348386, 0.44035589806066944, -0.1366347050343112, 0.36692390188898294, -0.3327520417402955, 0.22020221429480802, -0.26246317275482234, -0.003875593043433989, 0.3570055702546179, -0.4842282976999429, 0.36003493562274413, 0.002572022288239495, -0.297820477498315, 0.4246477941437429, 0.06658704744910782, 0.0704854247475577, 0.06501661514780299, 0.35743446343179675, 0.242532862962913, -0.20072976850045576, 0.19490303611538273, -0.3483982362591945, -0.4264217425125123, -0.34575288571890406, -0.4496970143413681, 0.06162959680370639, -0.14879331376421479, 0.44838266312500463, 0.495672180687175, -0.2778256068237367, 0.4093189773263568, 0.3864612143557532, 0.46318103543320377, -0.17842532743914052, -0.2881017541985108, -0.38327078234686873, 0.40863093465389366, 0.20963178352084677, 0.17500919949330318, -0.40341951281228694, 0.32652906232100587, 0.2793801450163087, 0.20010201068351452, -0.46404359513762816, 0.4172722858662917, 0.12477550931943493, 0.15031481475345398, -0.05475231008509229, 0.012011161412418536, -0.08636850347208802, -0.3335017023640289, -0.2517625336113092, -0.25750311043188845, 0.28226847862808313, -0.11739702059387636, -0.02041794404174735, -0.47706197835355024, 0.03425875214146157, -0.3171065554491206]
Bias: -0.4266991655220559

Neuronio Oculto 35
Pesos: [-0.021281929889194307, 0.24230073041511213, -0.29288857969605864, -0.2950806093912347, 0.04870288732245964, -0.3577526015999387, 0.4683777299059029, 0.37026954657252686, 0.03925147368689652, -0.07119740934801544, -0.11203027539526145, 0.4529348224152532, -0.005136555949541877, 0.09785292088408715, 0.4917993481283688, -0.32442206364409254, 0.3216587362622577, 0.18785145870763653, -0.4241287771144785, 0.19917450103806877, -0.30686829801541593, 0.2677924238679814, 0.2857380991633527, -0.006279183759127838, -0.06793169941079102, -0.17001768740898082, -0.4364186885580632, 0.1283391016041292, -0.155674574881433, -0.0625829350850261, -0.16385768651981403, -0.2185243128278065, 0.3033338292385499, -0.3831099098471695, -0.3936654990394458, 0.3360109091478405, -0.49844400264277644, 0.2347147935721714, -0.39848760099573455, -0.15619149227906914, -0.3642030066968559, -0.3392141700812332, -0.19072523954929332, 0.49840118853882864, 0.16297428925179902, -0.3536528218091779, 0.06905543557158123, 0.4811041814616529, -0.37849813619738115, 0.1323398951274658, -0.24484936357440934, -0.036529055683569234, -0.07242364601073203, 0.06765602643095103, -0.32261097880758294, -0.3934382851149758, 0.3947426833124864, 0.13359768026705465, -0.11605259433318471, 0.41653379624799314, 0.35884753497915045, -0.1898676136391192, -0.01230392323671392, 0.2308639054241084, -0.44054035042274187, -0.20841599785896348, -0.4049590739870791, 0.19663335192569276, 0.27465221903442416, -0.07601555793955872, 0.40884113245182985, 0.4710943472367308, 0.1234735859376993, 0.061577380991562736, 0.4199601406746649, -0.4209312268521189, -0.24283582362510514, 0.179761092638698, 0.2628630855120231, -0.006051598512237244, 0.44782275999823995, -0.06437149472695958, -0.010973408234078108, 0.47596411968503294, 0.2551574243500322, 0.023165698819138547, -0.390517822800555, -0.44516819370525995, -0.013065117061486609, -0.3830062094826444, 0.012326418195543587, 0.3165166284387354, 0.41660813391053375, -0.49659253109068335, 0.07839060040918078, 0.2344490407902342, 0.09787103441312439, -0.015126585841297668, 0.22214017840910016, 0.2503499164847748, 0.44476048930160383, 0.2703619087788628, 0.4420656300116359, -0.4328319892298599, -0.44340274908237287, -0.3531819791827091, -0.2165126266102556, -0.22829342450400925, 0.08433970779125866, -0.1322359679617946, 0.10365569250856099, -0.17941018127659725, 0.20976679431913048, -0.28915303676846116, -0.27679080200042183, -0.39365563883317345, -0.10599603709627492, 0.15102227543809965, -0.45139189611709807, -0.3353578873247671]
Bias: -0.26345305568595245

Neuronio Oculto 36
Pesos: [-0.0626588695250272, -0.08934489277834967, 0.39091234849344714, 0.20158201870063241, -0.061171502641957365, -0.4554981925728899, -0.15097053159213703, 0.4810588045753774, 0.13716672967675803, 0.23614638460438042, 0.21829523905870551, -0.2662015957003303, 0.3995644517530659, -0.28151915895396384, 0.21642583875525423, 0.3516276460576947, 0.22104024635218644, -0.34889585687005176, -0.430827526934229, 0.35484840356609837, -0.13589278530199767, 0.45091914455741033, -0.26000062664989676, -0.3323975921310396, 0.3806019710519124, -0.058858621886685114, 0.4038753812969422, 0.2998994709772175, -0.40979453276721445, 0.4124925158599688, -0.33895213331653506, 0.4717118341014451, -0.3865003048144364, 0.08539592327849743, 0.3470661268262797, -0.16875688660582022, 0.36749188059759785, 0.2914140506558127, 0.06510121566695537, -0.3458328771820227, 0.2554305534818956, -0.06101436102907032, 0.12706395834275552, -0.25186401073882225, -0.06511555254471368, -0.1856069412915321, 0.361704134421725, 0.38494013114059145, -0.1108014637969964, -0.07309684735935063, -0.01413354114010934, 0.20143912396886288, -0.09211389059244024, 0.2742982627239766, 0.09482802611263175, -0.10319961200412242, -0.43825680033310344, 0.1936534425683395, -0.10117813704245626, -0.2765999689699733, -0.4303651397670466, 0.28029917162853635, -0.3447147117757442, -0.062180825593138866, -0.4844499503611377, -0.08977105437539312, -0.15078103481447802, -0.22088493970605894, -0.06690102870434878, -0.4722876560466204, 0.4588961895325946, -0.39325029409947, 0.15710764757866003, -0.41300165622873053, 0.2353121077475836, -0.3699559452455413, 0.37781703053060556, -0.4883729796507642, 0.41167375415900564, -0.41989523184042277, 0.3975950100698761, -0.27628744479622647, -0.36761183581727597, -0.2343607536021558, 0.3217694377133762, 0.14491966167361403, 0.4071792099689263, 0.29464441317068557, -0.23412413155200873, 0.07408143890823615, 0.03169456202680665, -0.3489612960455659, 0.07943031521439181, 0.22736202255216353, 0.0014251976799216637, -0.4191713569012442, -0.2514743107004458, -0.45077429103244004, 0.23078067331077445, -0.18382272815283174, -0.08405192782857696, -0.2358815593516126, 0.498444804481291, -0.07537818280355979, -0.2253183341307079, 0.3144540259694202, 0.08397672844295578, 0.2611900157899084, -0.20755698831464076, 0.14394595981026492, 0.12631548698456552, -0.06806182181536613, 0.2245832054842395, 0.16151272567856034, 0.4870937082514304, 0.46013316897134204, 0.2948286164804669, -0.18766021838623015, -0.40515999034136463, 0.14143509777371055]
Bias: 0.46066298270596473

Neuronio Oculto 37
Pesos: [0.39547263271321753, 0.023833099191216345, -0.4711808309400326, 0.07503448680926039, 0.340277451435932, 0.15897086069226918, -0.014541099252503797, -0.3881391602947911, -0.19760393950541577, 0.06733079151449828, 0.3290428542802809, -0.2729439520714749, 0.41664113834967076, -0.4002017280993846, -0.1855639297629016, 0.04884966553608594, -0.23076607601664723, -0.06350144112567391, 0.02393597295617944, -0.14864511959803062, -0.17943236950777508, -0.14074315546364413, 0.40437499616989225, 0.15074826557058718, 0.308602945724904, 0.33269035109098066, 0.18444872408276858, -0.34105448221470047, -0.28645344146938256, 0.11840684346562114, 0.1589178032740174, -0.0963254711192878, 0.33657390755414573, -0.184546619886921, 0.30962971229518266, -0.07426946655092459, 0.37319710634492187, -0.10182579206221376, -0.47565491352579337, -0.05780959787707818, -0.4923815712276691, -0.08652580617713401, -0.1526441951580596, 0.26741437300013415, -0.1860363414758942, -0.16232849704137442, 0.4727398086447123, 0.24243107774658224, 0.04538716316818725, 0.47887999572674067, 0.4637479126214925, -0.21579658798730628, 0.04624891806798226, -0.0255715195146361, -0.2683192858848301, 0.3737598792245296, -0.21631941101612817, 0.49729361051392107, 0.3405169788969097, -0.06128568042758409, -0.30950779395716854, -0.18282497607701542, -0.3440141219766667, -0.2432308866525391, -0.05694761849971286, -0.2686173522487605, 0.23613139314228926, -0.14759688417111738, 0.2897287235601015, -0.051929276849424166, 0.14249925025651544, -0.14453273772139474, -0.3758987120189047, 0.08504210567246229, 0.10395971145782101, 0.16229185517821265, 0.036814458992229016, -0.010045350859783309, 0.4535592445233574, -0.08423640822244594, -0.3639581309846618, -0.049625196779643166, -0.13469344508382985, -0.3520711486475988, 0.07583134909391209, 0.31316461346984015, -0.1907027449393588, -0.24270610674801618, -0.1282827901598549, 0.4232957681852627, -0.07159552261778557, 0.483196487782105, 0.025859579008506106, -0.36466491309962923, 0.4447747077699178, -0.037060954064612184, 0.11147858750031503, -0.016833406386926875, 0.38486714556762014, 0.08226199456041039, 0.29114866480031043, -0.33652452871910254, 0.4703085953404734, 0.27773107090593385, 0.07064766661985211, 0.26910141075071425, -0.09015867299349489, -0.04075681998725722, -0.386019420069874, 0.12298769280765309, -0.30412708965764357, 0.41154139973203874, 0.19765112160597287, 0.22712939134885346, -0.2077721865161829, 0.4272954777670772, -0.346749420683362, 0.1459400190882465, -0.018703113861468612, 0.15599404893184154]
Bias: -0.4193874546727462

Neuronio Oculto 38
Pesos: [0.11890524491462018, 0.1634125628788805, -0.4610813619762649, -0.4868819317507267, -0.22730451653912898, -0.3315188983624988, -0.43714289426805375, -0.3521628522836582, -0.4861267032068517, -0.14719977450960386, -0.06103415576500526, 0.045582568405977186, -0.38317249560166855, 0.14517466432762427, 0.4904443679559598, 0.3196813424363053, -0.07797716156168466, -0.4823718247347957, -0.46620111162400346, -0.40325591814589845, 0.4238188717711139, 0.2263152367862411, -0.011594618035598026, 0.44575523098366177, -0.28529222726200987, -0.1306950915487406, 0.26618761632906507, -0.2897933867503697, -0.28605835627140774, 0.3996081703502091, 0.11917088438921286, -0.3476672389117361, 0.31195635946434686, -0.3786765083045267, -0.210827935088985, -0.2665606499424238, 0.26767712886894235, -0.20094239944337633, 0.27087794139247945, -0.4113052329646738, -0.22815647982791476, 0.28725729155975466, 0.4660998082830222, -0.2936033873703884, -0.44138968494116737, -0.4619807724807564, -0.36728748455458915, 0.16169419712025657, 0.45344923375223445, -0.3757083371299116, -0.43756306877168916, -0.26771695305859344, 0.19922716680208108, -0.14025435813774456, -0.1361126950020114, 0.3908306860730366, 0.28301350117278745, 0.0985711728790919, -0.482660527233964, -0.47380093838911563, -0.44752395726206007, -0.20539502013693556, -0.4121977191383899, -0.2520394166465699, -0.38816128812795747, -0.24964893087676376, 0.14239328172679588, 0.11970764013769553, -0.3393268900726184, -0.12413960533181856, 0.35491740449587694, -0.18202763816574008, 0.47767584343311664, 0.16255277518629851, -0.47153111562393835, -0.43048554721058174, 0.43881362383350353, 0.2813822758760708, 0.34692101025502087, 0.18294878321588126, 0.07547524347046486, 0.45232756234215443, -0.33267241882441334, 0.10276445982468774, 0.09106042596393371, 0.16911886656785247, 0.013738610801523943, -0.43100486928629034, 0.26124964921776805, -0.1562610335636495, 0.2787824607144411, 0.044858160364955824, 0.39125751523133623, -0.2755090235097495, -0.33585845948384674, -0.15086998898367543, 0.1167196091535635, 0.4896122446306901, 0.17239188107259162, -0.22422193868281848, -0.3968816336758263, 0.028802188571799503, -0.20047477029265304, 0.03784243838081225, 0.01578316218861875, -0.45749270617435156, 0.06393448074918906, 0.17014412519194222, -0.2164763651477295, -0.15941388900204367, -0.07011216807782461, -0.05469311772562635, 0.407930662816515, -0.2823242839988661, -0.1379367642083803, -0.1663438432853327, -0.13401869506814745, -0.21276380800049988, 0.49227838156083914, 0.3201064281080601]
Bias: 0.20639498424580194

Neuronio Oculto 39
Pesos: [0.16232304279149345, -0.3659991326236184, -0.47344193136867385, -0.3426060556747895, 0.03595415661518564, -0.13808708167083317, -0.15764780827590463, 0.4929950860759824, 0.44352742732965234, 0.2406245078387541, 0.3935833126070192, 0.4816345414677028, -0.05973395854139607, -0.27797051226947245, 0.16481598044310564, 0.21912037807329343, -0.22008757651231514, -0.16748840598926495, 0.14385832441057833, -0.3490015831606751, 0.3974867741829886, 0.17413466205357364, 0.05979293815629105, -0.1654675961049571, 0.2708378530447214, 0.37122071801142786, -0.3824992244573012, -0.24619183132428768, 0.44242662561089485, -0.15869719362434231, -0.49176923285900487, -0.17294892618234659, -0.2357224305523411, 0.3670383834699441, -0.20189507584890332, -0.04417171225040262, 0.2046975284378666, -0.04462090525340878, -0.13505065485938272, -0.26431266065828396, 0.31568566305779766, 0.3010889291843113, 0.1983393387111657, 0.3218582892025902, 0.3994039328864828, 0.4917587521717033, 0.05047222723838385, -0.4221423841652051, 0.16231728650535238, -0.18365598257349347, -0.06378735082297682, 0.26529871911294944, -0.0628365835324286, 0.09088327147033448, 0.3477026222605325, 0.27475423681285593, -0.4056227731590274, 0.11909341204824808, -0.27188674094700405, 0.050280709837404736, -0.447071907467923, 0.40999325558405575, -0.01426773746682053, 0.3162696120467605, 0.4410155533177669, 0.1364183856491803, 0.44319365292055146, -0.37936285104637935, 0.20794762642427356, 0.46362539886608123, 0.4747184171941152, 0.3601059604177581, 0.24313667097422598, -0.29433075694713395, 0.4424728795284153, -0.37744965820150567, 0.42616688671726066, 0.262132058868244, 0.23035482454627498, 0.03329832119758558, 0.22625361519916432, 0.4146918286639729, 0.33702206071109175, -0.4840779001008293, 0.08374976561392966, 0.3542540138395708, -0.41762920583998997, 0.13364093039186697, 0.2848369880144209, -0.3279036730527386, -0.43339441965218795, -0.17272392903118727, -0.252078467330651, 0.014152563294179021, 0.22352788553292402, 0.046161470418300876, -0.4721128367412484, -0.08945300676602519, 0.05867487980547015, 0.481927871157925, -0.47051834692056593, 0.18135085652923733, 0.4783774056277763, -0.3776630407457976, 0.14520782589244474, 0.30947138344325176, 0.0072226892549256405, 0.2785987622324466, 0.09723621631601354, -0.09337741501306518, -0.46890525550144735, -0.26027917248324683, -0.19463579303393608, -0.04035028850692879, -0.32768979054524483, -0.36338665241083057, -0.37792495810819104, -0.2579965572850197, -0.3299684543184096, 0.3445313888150652]
Bias: -0.3343480578853325

Neuronio Oculto 40
Pesos: [0.043332946923146265, -0.15938296581851663, -0.4689282441888808, 0.044017657086023454, -0.389298955506319, -0.03134594973503435, 0.43418671309942014, -0.09814404106322161, -0.41640808307448485, 0.19677952617915062, -0.36014832029331656, 0.3733020728582497, -0.0005833202910888735, -0.07017863818557046, -0.2841520234753614, 0.2509302978454402, 0.47451594012293286, -0.04910249219103224, -0.2411179073540859, 0.2714884891043893, 0.29873406207607245, 0.0701485126942114, -0.4112599714344618, -0.3966075541186357, -0.25444295168620457, 0.2605225689208809, -0.22094561039277694, 0.3862805136100017, 0.030973817641013923, 0.3913384301318058, 0.19666090567622374, 0.4352403128732444, 0.037391258782810355, 0.21696209236608988, -0.4611275900895433, 0.10177461835269308, -0.2249574352678282, -0.33341691368107285, -0.4807005414608295, -0.3884787479295905, 0.4419315519251257, -0.31536945681991435, -0.030120153025269936, -0.3391547020432294, -0.20545931218559543, 0.2788089322139603, -0.07208848822962621, 0.16002171844015456, -0.41239849041475685, 0.24228575268224006, -0.26366667971232427, 0.22669410131278533, 0.04113552612680249, 0.338703778154266, -0.3043744395861927, 0.058133126129656154, -0.19601336225187382, -0.4776132579371082, -0.29515756707002583, 0.4770817603453422, -0.390636072204846, -0.47896317288715984, -0.15817431471645782, 0.169194191706441, -0.28253260288099813, 0.3666375102497722, -0.3345619776126171, 0.1714489135482673, 0.23291230968660515, -0.2592070067077974, -0.4140415571264934, 0.24555530098590783, -0.10563377595214574, 0.2584327345793247, -0.2675781503155179, 0.1859331445168152, -0.25613955743440764, -0.38947418785044174, -0.33211558080966075, -0.23550312084551484, 0.13305386072845393, 0.30700676118183523, 0.25650415736768917, -0.2529228051015888, 0.26945770022629467, 0.14327190135054713, -0.060187434871568635, -0.4950755937435146, 0.4403823789692244, 0.1312623796510023, 0.011174130215422018, 0.4253726437280001, -0.27298662333223755, -0.45181025562193533, 0.25675051325847675, -0.12287479533868262, 0.013044563899421657, -0.33556955902824703, -0.03364328483342993, 0.3371775716137657, -0.3953698821489833, -0.3786995868575336, -0.4128355661729447, -0.29220857451185833, 0.3832537391382659, -0.14836211315803205, 0.3961397626308085, -0.31093013792394186, -0.04775276947847851, -0.14191951525491908, -0.17357971115366277, -0.23398091798572795, 0.018264952644311494, -0.3172462437908392, -0.15500004361383024, 0.2805362513243924, -0.44606253186462064, 0.06736483278651462, 0.41978597764760894, 0.49444334148349955]
Bias: 0.2683327678789139

Neuronio Oculto 41
Pesos: [0.20902169703704954, 0.051069311045855215, -0.46485017300843834, -0.1331182141388324, 0.14569134198187683, -0.3261897152613846, 0.3593084899953627, 0.4495662747557735, 0.013851708026064724, 0.02511853183286028, -0.4276059372734826, 0.2630793141828459, -0.09126891771437784, -0.25138590262592364, 0.2224194836343093, -0.38330031722648805, -0.35445411948699235, 0.39886640155328446, -0.48790403489279166, -0.40739597772882186, 0.25783517625636665, 0.1389181608433283, -0.48530218358486665, -0.2575942618910616, -0.27794060074329197, -0.3666134219691043, 0.34076932794612025, 0.2911504788564817, 0.49432523043594867, -8.548806071018156e-05, 0.3327531523240178, 0.393248682645956, -0.06168270971649148, -0.23000980419954098, 0.05655333365639004, 0.07636969820383066, 0.4246005140629183, -0.4176944676619464, -0.48924579123692447, 0.40143613064098993, 0.32440446750346186, -0.05807577456950397, -0.23099353560532732, 0.16991716249795197, 0.3437218378883462, 0.1965349622632372, 0.08013800806924298, 0.2949371448506688, -0.04478249870062756, 0.3453971869858635, -0.3838012540697159, 0.17627823648321228, -0.3458996801030667, -0.21976190111028437, -0.48449835309020906, -0.20947143599462514, 0.13810541309600388, -0.03910809834268647, -0.4792500398131422, 0.30442387597913523, 0.2817848252148093, -0.4199447021065935, 0.006396503720611957, 0.10378718451689095, 0.44561100325002645, 0.3921180165419703, 0.39910665871403284, -0.39246257844608445, 0.2470002132117355, 0.16747247564418144, -0.40377638464135024, 0.4418445167990791, 0.4022854901860995, 0.24799714456944866, -0.22523870149957903, 0.3038893874562628, -0.3652721122570842, 0.19329564315527736, -0.3662894211690203, 0.1469877487643081, -0.01651476898381754, 0.47908075714882525, -0.4513200594379635, -0.09699576666446708, -0.3906447664489835, 0.011767051326743272, -0.4415080641018273, -0.15295338677751757, -0.275231624683685, -0.2622634000482815, 0.33491613970071477, -0.37222618470958746, -0.4827297027228994, 0.219578727252412, 0.06669114436695145, -0.3086245362260662, 0.02044545562466782, 0.17926048483231583, 0.2698713225452275, 0.15839743731519773, -0.24995682452773327, -0.12018770229503029, -0.35534808403779994, -0.31414128301729893, -0.4245086340064781, 0.3982502750666309, 0.017679053525641697, 0.00034783582744657426, 0.18777723462414553, -0.3829910894981672, 0.41793742663612765, -0.33321515662982004, -0.44966984682261835, -0.22357910754368393, -0.2286408525256325, -0.4523717048535434, 0.07208110565048009, -0.4827542938380961, 0.3984234515102597, -0.1242668899627094]
Bias: -0.3841190400987784

Neuronio Oculto 42
Pesos: [0.38146407988551223, -0.44537038680587837, 0.3470295891447237, -0.47738984801195095, -0.1624301837691352, 0.12853916344310967, 0.26374753742301527, -0.440946233281133, 0.2528526017681171, 0.46861860562672564, -0.4567397947817158, -0.24701581091617164, -0.44515637792571705, 0.4290888365780968, 0.4527633158527137, 0.30382304170422125, -0.13054095391958465, -0.2597259356404402, -0.0824230457836318, 0.28411133409518186, -0.45444540041610293, 0.04441982612572659, -0.1047108059870101, 0.2642164086068649, -0.30400486817710815, 0.17420318865998963, 0.20945589776156393, -0.22873697014217498, -0.12077419245678833, 0.08796940757560978, 0.3081165159659689, 0.04064376123818081, -0.12954055767561612, 0.26966398098897904, 0.19331379680456517, -0.26862656942856933, -0.38164813364087913, -0.438855857955047, 0.11672499837110928, 0.29400521395546286, -0.2815943159595501, -0.30927152824643156, -0.12229367873020425, 0.031473260402536285, 0.4162984712050386, -0.13999295388338173, 0.24189729063908727, -0.13098865777459834, 0.2704913158934862, 0.3078007976040512, -0.3145829218733289, -0.13445947498711697, -0.20731666351754674, -0.4385796005034409, -0.4292080358657616, -0.12537789078622563, -0.07284758719608087, 0.11119626530362103, 0.010386627206450338, -0.24192851720337905, 0.3108145308726351, -0.01054815991859559, 0.17681829532356141, -0.2555041989639312, -0.4784922097925217, 0.08818413875837128, 0.17814635322062766, -0.2423468480194958, -0.2530292791272678, 0.3708238362071349, 0.1078544683644378, 0.3286767317352779, 0.1317942440584533, 0.10518817448993212, 0.050337787107210596, 0.2200735156051803, 0.19970238165661502, -0.4467703817696276, -0.4174851515266773, -0.08445288868438594, 0.05931658780761617, -0.2645351238747452, 0.30420811473814746, -0.20406229248275598, -0.4628957328129637, 0.42446108890581913, -0.018959503667408062, 0.05704004107556471, -0.35771326765384126, -0.2800800418825825, -0.38421020378872184, 0.1914440222216156, -0.39461611604480706, 0.10905652110193986, -0.10457583666544357, -0.44793328923944287, -0.4841761648863885, 0.40319833463660404, 0.13380761550797504, -0.12163810831861743, -0.03810579582844453, 0.3573054734795099, -0.19918782568614912, -0.4310757810228134, -0.027081674777562514, 0.3757846552291225, -0.2179381866338126, 0.397379503039501, -0.3613551635636696, -0.042381068817952894, -0.36322623543284105, 0.10211013623227405, -0.014122868168320535, 0.2385763629075398, 0.4211522600480814, 0.03727404769894982, 0.16271861913382812, -0.35988198356082346, 0.17432061263476362, 0.20474072508705143]
Bias: 0.2398325823589592

Neuronio Oculto 43
Pesos: [0.05291328214997415, 0.066099678916968, 0.45632032156656166, -0.35630584883778593, 0.21964202624021834, -0.34052365527118866, -0.4742771549782818, 0.2980148966968309, -0.4655316748376991, 0.19861621705977373, 0.049041209327401525, 0.10509756599880438, -0.35628234889889676, 0.048706502710540334, 0.48786711449749076, -0.38948963950041715, 0.4327617961186506, -0.29545425901091593, 0.4137091408762693, 0.27921472082703125, -0.00591024007788854, 0.17564673243668993, 0.3865067526555843, -0.44573648020336365, 0.456174429452439, 0.3895318019845888, -0.1334997498157976, -0.07412236052186616, 0.2161701445453349, 0.2502614304624461, 0.4907844933417361, 0.4782429060606981, -0.055582786981009824, 0.13348313133994527, -0.23963568049459094, 0.4833915930261684, 0.2896243571646103, -0.09533186996851595, -0.3170550262556353, 0.4049744329878876, -0.42614342820933304, 0.17269078787009673, -0.04778631259051236, 0.20577309924908005, 0.3014374730789273, 0.4513362781247807, 0.13354259801531354, 0.44512303109617557, -0.028907734126664364, 0.35236019234939886, -0.23124447180134788, -0.09746240391426653, 0.37594039822956793, -0.33572019098243355, -0.18104551374585243, -0.17644002347678267, -0.012675112200537741, -0.21657302330802752, 0.28792602579055304, -0.2818343928907403, 0.036017676529215836, 0.051062442998046076, 0.03180441731543859, 0.41771703435875307, 0.2675502607601893, -0.08608882092724124, -0.04735719800686833, 0.2613840811304523, -0.16632239506070934, 0.060274802625128854, 0.4728746485573848, 0.20520761591291214, -0.19799172239938134, -0.014828508599689316, 0.23673818509341737, 0.4011458300776981, -0.1448310018027109, -0.05599988848084536, -0.0060519372130685145, 0.42443758303363877, -0.00423194459615206, -0.3985976707083114, -0.16761071028698638, 0.31958563732278944, 0.3881877032831066, -0.01339202557204322, 0.1702079656519626, -0.06117365658765428, 0.38695525636677075, -0.42686355259245734, -0.49215442930691977, -0.17734265004778438, 0.446570345251714, 0.04410732085773106, -0.3647944117302284, -0.2749613046026056, 0.13740383742090367, 0.0026385764530910683, -0.10927088584649147, 0.45140186178503416, 0.32215886489729073, -0.13549993028618246, 0.022963573542061244, 0.19649547851407423, 0.35551763627348765, -0.015034724266175026, 0.34898681112319985, -0.17868472402708913, -0.023592670218616774, 0.49881417049068144, 0.23694796292288045, -0.15069431014080392, -0.3979284597315532, -0.47216299569416775, -0.16576196090821615, -0.286494095836727, 0.3624387948704594, 0.14271120082147382, 0.051364731787219675, -0.39915828409657717]
Bias: -0.1043799110364364

Neuronio Oculto 44
Pesos: [0.04448450185302133, 0.32232094204259853, 0.3798572712238316, -0.09025025773204576, 0.47138852360341565, 0.24570876867610325, 0.38597310515918337, -0.17377202296949668, 0.15837623850986626, -0.3412210636783458, -0.03568091936708462, -0.3137917128130362, -0.11329312324543583, 0.3323744842282884, -0.28396978843163523, -0.41634003234323314, 0.3024326395125486, 0.298401926566339, 0.3237289963542703, -0.36454322186807453, 0.44482505474180356, 0.46259724701912464, 0.14927429788468094, 0.3701926069875452, -0.000883130346723271, -0.2861960820805689, -0.07189037447313473, -0.29864248963393625, 0.08706092311374014, -0.09766859984272458, 0.092472829290697, -0.16968941986104347, -0.31383833793971105, -0.29333356604729854, -0.34387763574349683, 0.3956230248195619, 0.4555628507465146, 0.08506440763909828, 0.2577014293410408, 0.034642375335509956, 0.0776241260148921, -0.21688205139471395, -0.4265461381998963, -0.4528459114702654, 0.20165857185665237, -0.43546105134500446, 0.28834880459579815, 0.3240825143278364, -0.11761750454922326, 0.46441343399704504, -0.3368269626429411, -0.04184665151020284, -0.4347209132512164, 0.13647496796296243, 0.00949211744898204, -0.016534866614211885, 0.13686972496197014, -0.2474441942686969, 0.2176764525650312, -0.28625055552293555, 0.11202147225938086, -0.11199929125448005, -0.18406407783819534, 0.3751368484836881, -0.4805991604894573, -0.47853191643666415, 0.4252690583355059, -0.058184587316055136, 0.3346329474331421, 0.10923683558263242, 0.09291123535419721, 0.43122891378774386, -0.10533743888236036, -0.4260412454099137, 0.4211251834377904, -0.24814598960036793, -0.021789883498338214, 0.07341505858064845, 0.42693399932452347, 0.20774767311454267, 0.037306266716612635, 0.03688795476782891, -0.031559768464811344, 0.03534585781542743, -0.31238427147713577, 0.08865739959735319, -0.3914155544664184, 0.19293834248524688, 0.45358921832197563, 0.10184442933678095, 0.4193495009461786, 0.4825385985228985, -0.4433983142410741, -0.30578721722187174, -0.12882227583200423, -0.3441005874916052, -0.0011610476093686373, -0.37880006660821697, 0.38852283248838093, -0.2587653287270225, -0.20941688594456986, -0.30283993542443155, 0.04563982733549854, 0.2698065284514357, 0.3287375919328711, 0.03691743945397463, 0.3913648580892952, 0.3334708115660533, 0.4440945906556122, -0.08468303177310099, -0.37455933799241303, -0.3175811586050419, -0.04730514299993649, 0.19218387044857033, 0.09151694725690507, 0.47393648482468564, -0.22278046991744804, -0.06602655000967472, -0.28708680545438725, 0.20239423991969951]
Bias: -0.37438542859239055

Neuronio Oculto 45
Pesos: [-0.44278494591341344, -0.4720416518668775, -0.15738458965720847, -0.2669717642947409, -0.3836486744992911, 0.18148977822752654, 0.46925205593871355, 0.22949930567656984, 0.02493746994509216, -0.19342045583804746, -0.18348687327231283, 0.19852411192193187, -0.044862803189350875, -0.05927951064731818, -0.3123325075973177, -0.03451923689908054, 0.1611782973315482, -0.35856620286890883, 0.24405787633703502, -0.3774599605635115, -0.35626698855096395, 0.24715421745135402, -0.39203784659118524, 0.22966349866994507, 0.05621014403935087, -0.06915264500168716, 0.09199740841182136, -0.28814995074326455, 0.3086522392741937, 0.4013388958237869, -0.48457965486912147, -0.19673792452455852, -0.3893088786917456, -0.4852835878420081, 0.018374188676339775, 0.4162073889138346, 0.39307172715368033, 0.3772964122314416, 0.20796155737790978, -0.47501662291942337, 0.022733057382675503, -0.11286582922803012, -0.2022609868204518, 0.012220661720924175, -0.04856542836653133, 0.11574503087308707, 0.13302773440034898, 0.001509406327253382, 0.12051855049300042, -0.4472732852330842, -0.3385537089309457, 0.1218143262308542, -0.3844979145418568, 0.3989736601169356, 0.13998722860910362, -0.3311584630101406, -0.2695322959128327, 0.24247724635477153, 0.07992585933818863, 0.477286074287415, -0.4226217068156002, -0.3125762543434939, 0.30557324076307846, 0.2604561609749063, 0.130372472264199, 0.23726666832459087, 0.38595826972422387, -0.028354754025433415, -0.04570111089137341, 0.34059388218435227, -0.30549307205633336, 0.1940864101903712, -0.22159190959617303, -0.2071916383864706, 0.48257321158204836, 0.21016399119858664, -0.03639157238314772, 0.3862601019210433, 0.37022932376965445, 0.1221133314531031, -0.247351060190372, -0.32657897872440045, -0.022735823780018705, 0.001998999396065071, 0.1847929755832548, -0.11620437764233638, 0.04429719554744427, 0.23266222244445744, -0.12799954631482324, -0.11410546220522921, 0.37091500947592404, 0.3035251746916914, -0.32789221882079234, 0.04158747385650707, -0.10845392109248408, 0.0907110047176467, 0.08205689136671579, 0.47713001775569674, -0.1400501412868832, -0.41616066622233794, 0.19252977421276496, -0.44787652655124177, -0.24990410447199585, 0.23871596811982054, -0.23443740621617093, 0.4934137246005663, -0.18862360623065533, -0.34984958521607346, 0.371261983473562, -0.411037055706324, -0.1987931170017011, -0.4801379499073213, -0.1774965442894635, -0.21038820242834066, -0.1685202589385283, 0.11716167755207763, -0.061483550577249635, 0.3557085025918426, 0.06065452150127493, 0.31073765959883826]
Bias: -0.07719343541777735

Neuronio Oculto 46
Pesos: [0.3594539415289295, 0.00888086281220879, 0.31277677783697844, 0.4659764653357876, 0.3328630666687674, 0.2871094768067961, -0.2303673155125101, 0.16526868555041363, -0.16669106673955258, 0.3324915761003442, 0.13678108108695552, -0.4472931901393733, -0.45919921721815116, -0.36958138652015293, -0.042220433921253075, 0.3313104849590578, -0.11384185659072721, -0.2902179671842965, 0.11429894901232829, 0.4366056011679733, 0.07341217845507098, 0.2030323692625382, 0.2050340635737573, -0.051144714429287697, -0.34552320076312326, -0.04685724387647772, 0.1688675159163332, 0.4620651544173151, 0.40008915369126574, -0.3546749160523781, 0.19624038627135587, -0.4342760926631317, 0.39551569724336966, 0.17314098179074489, -0.4297233896402658, -0.03269287380950303, 0.2618643643874312, 0.17404372224583597, -0.4946339381329805, -0.4482283178076695, -0.04064135685339887, -0.10801668627209438, 0.051409597052557765, 0.30019863617291365, -0.27177599996067625, -0.3850227262013405, 0.35488759317002394, 0.41807228932619356, 0.09458096492263512, 0.033461090339594435, 0.4295371238050488, 0.3257594999099681, 0.06535196395731113, 0.33008140028829003, -0.3536777317778922, 0.3374556217078051, 0.3391171115294135, 0.10849938738336029, 0.0752613261501267, 0.4691227643856035, -0.42490437852413165, -0.08365483157648512, -0.23769087939312195, -3.6048609772687534e-05, -0.09229715719398446, 0.15575988830818543, -0.03959185585528291, -0.2116113988072047, -0.1330862054562364, -0.3939751875386296, -0.46255906399161284, -0.14639508226941444, -0.29778028797599176, 0.25924500356002445, 0.3720825891225227, 0.29010386062161087, 0.14436792051389513, 0.06952993853665301, 0.4588298703540822, -0.2660566387899136, 0.3332278260263227, 0.30124588891152215, -0.47049963546818363, 0.3790290382864899, -0.22946293079816937, 0.3240461825690051, -0.3931609630677412, 0.4405412896328105, 0.0882303058546523, -0.4288031427987822, -0.11840806617956623, -0.414924748587294, 0.1323228199374603, -0.026124787213936185, -0.3442911462515007, -0.49491731200998124, 0.038643332070372405, -0.26987541395461334, -0.08373350623838838, -0.1415664450269224, -0.23679605987304864, -0.28207285801489934, 0.3130334843642587, -0.25603901297970566, 0.1840946187579502, -0.06898310415891573, 0.031681384999586504, 0.36585561902166397, -0.10361125387843384, 0.22550854681800891, 0.07649492485631659, -0.14495655530662366, 0.17795984564074174, 0.16153077127858217, -0.3596480782774256, 0.41869079455427005, 0.1397762607461266, 0.09748976965283107, 0.43012034154489154, -0.11563364730625803]
Bias: -0.2748970456314238

Neuronio Oculto 47
Pesos: [-0.3117373548430815, -0.4732349183532363, -0.04436904183849788, 0.26730999692758617, -0.33022814945898704, -0.2538727444416331, 0.0582066640591008, -0.22651153993266449, -0.39749794387618875, -0.38807411489416, 0.10501485549245415, -0.25846650115234393, 0.2621916511617408, -0.22073643846463153, 0.15979699625275445, 0.45869793375894363, -0.4373005828908143, 0.23577031019058026, -0.44373211839291604, 0.10652048142799109, 0.08981658962198402, 0.1780836230907108, -0.28815088482719675, 0.25267827527885767, 0.45670069613609643, -0.14684066019773034, -0.028716272361024475, 0.19182943638574812, -0.46147075328341736, 0.45834941060159784, -0.21374106973192308, 0.4698736682114154, 0.4408294938116577, 0.1953365042277544, -0.14228682902124445, 0.3147142016791802, 0.38528416513741415, 0.2735652209932383, 0.04810175927897131, 0.16310757377799123, -0.05920305506781254, -0.12803964705069715, 0.487847092404475, -0.3572561455888691, 0.3022316384179129, -0.0984800706108151, 0.061661157472157835, 0.14131943290646554, 0.06748909722431962, -0.26467467760901864, -0.07424667558636222, 0.24497011346123077, -0.1926960690964984, -0.4558153833542844, -0.17291892586080793, 0.14278916874839276, -0.257886126502038, -0.298301796716953, 0.03273412110835683, 0.33072835874747963, -0.2983399512351407, 0.10040726571131064, -0.27822256378255705, -0.01887164474532732, 0.48707565548970644, -0.15438118132955014, -0.18824914288868722, 0.4617351735642258, -0.2772682477436349, 0.24954655947858995, 0.3635490722618644, -0.4246879999159452, 0.43425149282324527, -0.05410152756971365, 0.2156162455796985, 0.25459464014320676, 0.4653504349076292, 0.2861793507035709, -0.0425071856232333, 0.4054116620902447, -0.4059851569920647, 0.02915475144357338, -0.27857702903058135, -0.42835268702911544, 0.3145940249390833, 0.01368020114873103, -0.3013357388749748, -0.21045979685485416, 0.40294603948003005, -0.1942607214188634, -0.175039093825469, -0.27105902038758345, -0.2275894405977461, -0.3655315432914905, -0.26051849051371057, -0.013418193772984921, 0.42255681616022833, 0.41669278581823854, -0.018880824449697076, 0.4626107338424631, -0.3835133780445159, 0.3079878963675696, 0.2752624300730828, -0.25559007978802883, -0.26145575990540293, -0.31239160003065825, -0.08751705156539291, -0.4863317399510916, 0.45067137773389343, 0.10960363463355582, 0.2684441507915749, 0.4234127332868697, 0.33782806361706974, -0.4225660800787179, 0.011556316984705717, -0.4380330751871171, -0.1409956492926111, -0.14742772210456934, -0.2064725976991354, 0.12710792330296405]
Bias: -0.0029096949092499713

Neuronio Oculto 48
Pesos: [-0.0499550742955992, -0.07432020802579364, -0.4552037677119669, 0.2034179092621905, 0.026448348220917905, -0.1522197920448093, -0.338552326224282, -0.2851476817627261, -0.4323980537705645, -0.2762285725570244, -0.1105475786818021, -0.29690937768760883, -0.13494180919845067, 0.4718099433946047, 0.18141637863809457, -0.08321825640254144, -0.2706237196819645, 0.41066266167787424, -0.27806642755111277, 0.4303854969651877, -0.17879294799589973, 0.4835098231304269, 0.3878847723848571, -0.38100976821357346, 0.3052397748332609, 0.3088046717574582, 0.4928024049522304, -0.07055030679971341, -0.3239163830473284, 0.18840613192220124, 0.16206552846646272, 0.10888580672754988, 0.18013650146502447, -0.02543477679248618, 0.32208843377239404, 0.12782898335025716, -0.2748874706661997, -0.23007226388606639, 0.26849535292422844, -0.4566017695824973, 0.03144803537753382, 0.46072372585409593, 0.2835997103816421, -0.35705347790773156, -0.40658975323149915, -0.3365448884177892, 0.41846496424032975, 0.31040732834805207, -0.4370123535821301, -0.49482750104631135, -0.123461471162984, -0.43199962465652086, 0.37557120910274744, 0.136803197110129, 0.07898580411671774, 0.048913826170950636, -0.25978361002274997, 0.017528877072415905, -0.06345212823880497, 0.2075318998288882, 0.3302137574222769, -0.3690360311708081, -0.08311816461257338, -0.3981772690371985, -0.36844480883225883, -0.17637668032166176, -0.39875835170785323, -0.44113050246212915, 0.002548376090257487, -0.16407730655634045, -0.4658794255955019, -0.14289825789803823, -0.2899070919758362, -0.2349232994560161, -0.08706853112326507, -0.20345076053215894, -0.05552954617857131, -0.27894282228561595, 0.2216837486235148, 0.05491171973038189, -0.49990777410374043, 0.39266567229962235, -0.38800591956218045, -0.005817998284085579, 0.034521692981569374, -0.40993398491754174, 0.11990384992111003, -0.049564098653990474, 0.35796830859027695, -0.11172160983349588, -0.11666865256869174, -0.3042154866435165, -0.012745189114635735, -0.32334954932176174, -0.28656723602421075, 0.4291955081551825, -0.2221087410281808, 0.19691725182990893, 0.0033567708110231465, -0.21963906491171414, 0.47954570145185293, -0.11026963090818132, -0.19998715836784842, 0.3871358190021147, -0.2699981788199278, 0.2695402765534982, 0.36668076992434695, 0.10518864101886183, -0.330121035990218, -0.48236858353659184, -0.016042330377049385, -0.04844127177245361, -0.2347801487693838, 0.1760125486354085, 0.3211371023045725, 0.4932581257574772, -0.204825977837245, -0.1921937692091895, -0.39047445213222876, -0.2586493158042552]
Bias: -0.4042630767746349

Neuronio Oculto 49
Pesos: [0.2601825534788891, 0.17019487105931796, -0.4667487673923445, -0.09530903644715116, 0.23640217926555185, 0.20412152273692585, -0.3431682847998696, -0.27794915441297785, 0.45677597930163927, 0.018654453902993584, 0.30424140256704757, 0.48597347492927445, -0.11474099997007947, 0.3808598203527661, -0.3927162072060758, 0.1862663752941055, -0.1452841432049954, -0.19989253467354706, 0.18802345298862455, 0.026926022167300334, 0.3917011893361434, -0.2636625605707862, 0.4627252887708775, 0.11089398239966575, -0.10773821046282706, -0.029077220300597006, 0.020303795471294683, -0.49403659671184774, -0.15930214975024204, 0.1375771254915633, 0.2431932012150695, -0.26945925689154704, -0.31430393330883777, -0.32243073360674224, 0.19386597845180398, -0.49738415598649766, 0.23629290553013793, -0.0975589270497701, -0.057469283379356195, -0.19936029166473423, -0.2852427188707629, 0.05500325835986131, 0.43379396387505487, -0.07348230551706936, -0.4800980482527121, 0.40148688193384074, -0.49365090246302334, 0.3114558097246609, 0.0023700811624555174, 0.4153441181504748, 0.47660991653345086, 0.378560924842238, -0.39424118793744223, -0.12796725140056198, 0.41976817066976124, -0.11463073681001823, -0.10887763398143513, -0.2702683608843025, 0.08659795705863538, -0.38550416741100557, 0.19346950761633663, -0.09713593306638302, -0.12865806162574156, 0.07744479681981198, -0.41694039601163113, 0.3535114933638681, 0.18914601805396425, -0.31245319372817626, 0.01567327368433402, -0.4047784833310687, -0.23387659463428956, -0.42761765623917547, 0.39326080721387335, 0.3711769457090619, 0.15708077483087945, -0.11153522406573602, 0.3908719015615343, 0.31320683411800265, -0.007422276893517377, 0.007027471531412921, -0.12344119124073694, 0.13304297671866405, -0.3541784668248036, -0.15173287475418318, -0.06203345547367367, 0.37325016350461715, 0.25148311908105636, -0.14380594736625985, -0.2623218655391193, 0.1425529208848597, 0.011177167412210864, -0.4285417577742564, 0.23528384553214587, -0.1783193706247348, -0.05007969219004338, -0.0420386904681187, -0.4743984086628641, 0.22402236276453957, 0.37819636182153615, 0.35517281705345805, -0.2964329253818633, 0.19666739097906605, -0.10435755869939356, 0.005755689757649396, 0.25250852012550984, -0.12102427642407054, -0.48767261750737956, 0.15542100235391287, -0.22027928539032982, 0.15296232947175437, 0.2338716704713789, 0.43644399951192614, 0.49977361258752173, -0.14345086539194762, 0.010632578776535007, -0.11339341471647213, -0.42574787481677134, -0.3969917046329141, 0.48924852617342696, -0.49845664421265035]
Bias: 0.0021828179981304707

Neuronio Oculto 50
Pesos: [0.17852137458605222, 0.2642877779671252, 0.48878332435770333, 0.37409700077643704, 0.11595888309756286, 0.16731357432306437, 0.27641367702916264, 0.07218330509232962, -0.14157919578140743, -0.11409863937207365, 0.42128327216015093, -0.02426758499222137, 0.00325995860944317, 0.17212435361702672, 0.10585425191137487, 0.39384739375190203, 0.48636863009253317, -0.3308584635531231, 0.4513633093083935, 0.39641059541661294, 0.10121971030477528, -0.4197305828882498, 0.48291037843680584, -0.339982440934673, -0.1682009718480224, 0.4900932291549661, -0.311579282009253, -0.16393383188004662, 0.13024923613493222, 0.044511670445079865, 0.31383504173929744, 0.2661557445660604, 0.16162363351811482, -0.3282008511984421, -0.1137187639183852, -0.4366947701868398, 0.3958807126135204, 0.034595770560979955, 0.16760991945160864, 0.19890497193393109, -0.4515926919548703, 0.22610676446977285, -0.36974696778410265, -0.43391650954135663, -0.00839614921234777, 0.33728515873027076, 0.3049622461689526, 0.28132111016762185, 0.22597285959210123, 0.3376291658375643, -0.3452539947225266, -0.1788105218194208, -0.4217214605372388, 0.10111196770666586, 0.01233510077585731, 0.288590901645167, 0.0703704601127868, -0.13982487366624974, -0.4460946480922183, -0.3638210208029936, -0.28057025507602285, -0.3532720885936601, 0.16904078631489883, 0.3078126705839477, -0.13007299775450665, 0.11858102808195659, -0.38543689267352066, 0.08491519038703155, 0.23427802366684092, 0.23908945245564672, 0.4070054045454059, 0.20788222821913804, -0.3284973472706011, 0.3395361905181009, -0.18030455924919853, 0.08967276972210336, 0.218803863439895, -0.07121439400527163, 0.023599125775963237, 0.342181921652966, 0.3588150331123636, -0.10582002941285218, 0.013163258824917201, 0.023511471073722978, -0.35502699222457823, -0.24100071888323704, 0.12590073381962852, 0.09077202810897278, -0.493634258954062, 0.20713334570665887, 0.3670005136154698, 0.4138773465836856, -0.2211355489053416, -0.36481979236089246, -0.34630592881995137, -0.17846891557943823, -0.41570882053745717, -0.13289573724545334, -0.37362751942572003, 0.23517395842601319, -0.3640494216069531, -0.09908251242549226, -0.39898918354593016, -0.2687678805186102, -0.005662659425677008, 0.4807237600412291, 0.461830313681186, 0.05149990335748833, -0.4457287273288205, -0.2871604506588826, -0.08899826186320092, -0.18432679012372932, 0.03398048644026597, 0.29718950971887925, -0.0584546286298786, 0.2645416969148906, 0.44557920038040755, 0.18656985948812754, 0.19119017809926497, 0.11761764771009664]
Bias: 0.27654700721123604

Neuronio Oculto 51
Pesos: [-0.48710618861484567, -0.14688330127235982, -0.46323214039366756, 0.27904969220540954, 0.1182711161707739, 0.33075002202919523, -0.29308960583745647, 0.20778771326350975, -0.10059343596141712, 0.4851953593276297, 0.0562435475727695, -0.25075680927319943, -0.016802187843270366, -0.11082762786859324, 0.3222191265565604, -0.20346387925869058, 0.26149612443414383, -0.2831020773751507, 0.06559043952865495, -0.4571645384419779, 0.05708747328355013, -0.408739628191772, 0.03255406563172769, 0.31801749534301305, -0.0060301011377202896, 0.3447226619009186, -0.2815531954376276, 0.49426746640796704, 0.29661417981846716, -0.12417939489923802, -0.3104627928558158, -0.2907632864667469, -0.4267926425095465, -0.44566190862634136, 0.28668173543019204, -0.04381693717377655, 0.4153286639174215, 0.10855076339097947, 0.3041682761283041, 0.09775547307375576, -0.38810928867552263, -0.03486589850375921, 0.4911826272641998, 0.014934650034123642, -0.3931885520610017, -0.004651553451212043, 0.30878362181090013, 0.35369002483436707, -0.3089104229502898, 0.08061367555126231, -0.4142468863989276, -0.413592424252057, 0.14896563815692598, -0.3850504305916471, -0.3801333352064028, 0.22869252110231075, 0.4386132567054969, 0.27596020989105274, 0.1274687959495806, -0.3644091512467593, -0.340104759452429, -0.4907802840358375, -0.38218672905377016, -0.3398767826751511, -0.0737442772756326, -0.3244737348788732, 0.41090074301879653, -0.27715342930240194, -0.10103911058785997, -0.2665978976921708, 0.10065709899294928, -0.03034029530433746, 0.08802301950169389, -0.23122884929430365, -0.13747188767358776, 0.012061667860919223, 0.18487537727301062, -0.026135899064284485, -0.20150500609914002, 0.058650816747941925, 0.210840935528797, 0.2575989472154371, -0.12323422357768576, 0.3296057365602105, 0.3694663441277839, -0.4423668918863932, 0.18936633039884754, -0.14269626456292994, 0.32128291172633394, -0.11756647545006349, 0.03977300161820296, 0.3287907551043171, 0.19890767070648785, 0.023318533514008144, 0.4760783917844852, -0.12747533459214955, -0.38213329786991745, -0.18884286214445967, 0.47025674769348647, -0.07059582714524637, 0.4516076834799545, 0.08202443204792298, 0.3085680768109287, -0.4867266217682822, -0.28842453844055327, -0.3978464194066693, -0.33210118122845234, 0.2982593400429767, -0.21248473390628186, 0.30671360584619123, -0.08598886019713303, 0.24707764927629194, -0.09067377353938433, -0.20538085827840913, -0.2814325851932823, 0.10806802823632922, 0.40030501060321766, 0.1685010711262278, 0.25136019883581906, -0.46570613504560443]
Bias: -0.48364475751397584

Neuronio Oculto 52
Pesos: [0.14853647356606825, -0.42017864745626, 0.4939714312818845, 0.0284475984756285, 0.329457023102371, 0.17815369835529338, -0.48204817922296506, 0.13655999925471596, -0.3490257384466672, -0.2735183475316846, -0.2103073603335922, 0.14078853351077003, -0.26007912476513306, -0.29192088222771106, 0.1263249243250082, -0.2888941102220959, -0.2791921039017331, -0.1275251760745053, -0.22857474916501486, -0.22212100719476746, 0.15346846482017884, 0.2896481442997251, -0.2921732847209665, 0.2375937810212222, -0.1353690087782885, 0.4509554256877726, 0.06334777074849729, 0.04007689257736691, -0.1933813602591844, -0.48106129494356076, 0.2267411373913698, 0.29825086031306736, -0.29763253432395087, -0.4697421448570218, -0.418790576231041, -0.27898103099222915, 0.054716391400822184, -0.21208977047411548, -0.10515888058224432, -0.44332951595211456, -0.29135785796175684, 0.15306040191380088, -0.42490084976545006, -0.1404941275960141, 0.004090700821461568, 0.00019135975981787734, 0.03152893359275233, 0.26369638167564713, -0.3018769867020148, -0.38457122693793233, 0.2528972147143852, 0.3712512425442298, -0.4612960863442537, 0.34998216894951106, -0.18982364247727102, 0.32334533634686957, 0.04200504722863552, 0.08365104196712414, -0.07365091501968468, 0.010665897245408451, -0.07821528570469372, 0.10828343439320498, -0.1666069176264635, -0.4671480431845938, -0.2222729459218744, -0.25389685599960465, 0.34298640393073265, 0.38637878178959373, -0.4733553030986357, -0.28693776750809474, -0.13737866509204255, -0.26942771223650264, 0.04217747352455259, -0.08337739984021841, -0.4056690130511701, -0.41035662679467577, -0.32141681940912403, 0.320838904912067, 0.14066640981589562, 0.2818074249706882, -0.2582889192086628, -0.2348171000493784, 0.37357449871141746, -0.12544053478786965, -0.4404818178969335, 0.4293940073013712, 0.16705363467346546, 0.35898470330673604, -0.00645108397173344, -0.08960154442773238, 0.15922471506461022, 0.31398776586511346, 0.4580642713775187, -0.32464254174421237, 0.002580555544674179, -0.49655606906907246, 0.030098988737300547, 0.0004027871665307492, -0.4871226313756225, 0.18546013784883464, -0.4468310837434658, 0.4382345968845147, 0.0368016835325794, -0.3763236659536483, 0.37535659051474823, -0.341839784272969, 0.45927393301762154, 0.06782237894708132, 0.3235630683558769, -0.3472428564733986, 0.4342191870578991, -0.08628038699805218, -0.2652787298559911, 0.22261421993500585, -0.06742597938055539, 0.29884800346471974, 0.44796936977824897, 0.2745550750100548, 0.3612591542979483, -0.09559911995497594]
Bias: 0.4583712343741536

Neuronio Oculto 53
Pesos: [0.2682771517970409, -0.24396077290773588, -0.16368720428210237, -0.12414620130501519, 0.20174850118708954, -0.12968573819835116, -0.1976482541155441, -0.44548424018486354, 0.18364685302986727, 0.3404772466985444, 0.26528680505831626, -0.4116038853109857, -0.35717505490064627, -0.3713054187092135, 0.2605395801050594, 0.3006640996909611, -0.3878844144369462, -0.3209087067006394, 0.3244205497462723, 0.39655257190286175, -0.3558837489441752, -0.08539087747459506, 0.031158116639490863, 0.3671709844265286, -0.28156962562732224, 0.016271239110670188, 0.14780715962530644, 0.48650241021497265, -0.444557481617039, -0.12827932259673813, 0.45061902658428266, -0.21309446377400565, -0.2730546163786538, -0.11726166641526792, -0.06923769003725344, 0.08063173259645562, -0.40433241362186556, -0.08141923197881062, -0.33729352792194256, -0.0255916322356341, 0.17129160223068263, 0.20190388413978888, 0.33470256959352696, -0.46252697214416516, -0.35399150106302557, 0.15109332485392246, -0.4000456098597489, 0.20475592460623204, 0.2142317598043071, 0.4946040679682918, 0.3347113459443358, -0.2974823834856871, -0.24525596617751522, 0.3885713650859032, -0.19653291040604937, 0.19714884304055214, 0.3509055295630955, 0.3188611505740695, -0.286489677356891, 0.069956456952607, -0.28923879887386617, -0.28293203432780734, -0.29590914272281466, -0.48038973162486565, 0.09520802270545259, 0.41173346885147766, -0.15259090196129788, -0.27321574085381073, -0.32844822922456796, -0.37608455365361937, 0.13287287222712763, -0.3360961403453008, -0.41984785134552394, 0.36394814863788383, 0.38062885242241973, 0.23691795744756894, 0.09881776487925786, 0.48834962159679196, -0.4722371996254925, 0.013338126889724577, -0.11680382712398707, 0.292716313976895, 0.39210883935977325, 0.06926830922687766, 0.4284156009830856, 0.18775311668336103, -0.04835967315348588, 0.3409175292044948, -0.46779015219343323, 0.31699282077517166, -0.1880705493812368, 0.2592814395672862, 0.4180960930542168, 0.07787722565016009, 0.46745629449672266, -0.1856097280623008, 0.15667340379728234, -0.23393800976584012, 0.00024500502066027163, 0.03346744075011343, -0.2528525548604783, -0.10236448217827798, -0.16723466791921104, -0.02035330915785316, -0.4092525741398645, -0.05236979970599054, 0.14621360271651462, 0.0313162981103966, -0.3841627842155797, 0.023428910684294757, -0.20119817601416123, -0.160873937063441, 0.05460582574946349, -0.3740153167679159, -0.3635659192317816, -0.10706711315909134, 0.2890706599264645, -0.1553158195741603, -0.121421608309628, -0.1851554740855561]
Bias: 0.06722840082121506

Neuronio Oculto 54
Pesos: [-0.04164113593397778, 0.13542136781895575, 0.10881192876976664, -0.46825718440762587, 0.343383981301695, 0.18842181684349768, 0.33048906529292965, 0.04136481074085385, 0.3673550497214849, -0.04130563117840913, -0.10768952604657323, 0.4050845767385245, 0.37198256174871003, 0.2126319978004686, 0.2074637092075161, -0.3589935361473242, 0.2802601514279225, 0.05565589811044891, -0.2714669782443093, 0.16963910284417927, -0.3548062114085785, -0.3122981428700943, -0.42448728407079295, -0.1398009164599685, 0.13835987498732227, 0.4520259183411487, 0.15072165662773018, -0.32217405569264235, -0.06618531999679755, 0.318286093171827, 0.4210446916263221, 0.29258086927834426, -0.0990440843644591, -0.2695327460554231, 0.015433577594115788, -0.44515495353303935, 0.17712795959962058, 0.017370872021380657, 0.09619190912180131, -0.4546730012531044, 0.34579509134629727, -0.352767044687221, 0.38993286650755465, -0.03265095106776528, -0.455343769152761, 0.006852510880523854, 0.29539960442946434, -0.23965249236976638, -0.33515894411689184, 0.407056356527974, -0.22633518629359772, 0.49769904985049873, -0.3338233432010097, 0.11728783178004487, 0.2778089190692207, 0.29358575866361447, 0.44010723775883687, 0.09166004939205918, 0.3113892436659059, -0.04940595478369314, -0.4979466377459326, -0.04596890251478947, -0.0403324458482508, 0.3033993651606042, -0.3457149035924608, -0.23408650155432775, 0.39360724670479585, 0.04193041675892195, 0.4167796524045482, 0.03913821751677349, -0.37828897661150584, -0.4191612256085482, -0.21971310232051167, 0.2335543481593514, 0.084207187732393, 0.04716253932911252, -0.4775243226212582, -0.18487307349899884, 0.45085182258273404, -0.42983270951428254, 0.2938118078361166, -0.4170623116206922, 0.4352862568135434, 0.29681392429815534, 0.1371874148292047, -0.08486248997487444, 0.4727652080610776, 0.27324391719874463, 0.30090073282244356, 0.2817900643372677, 0.26015072838316977, -0.27474136836185226, 0.15290597475803458, -0.13781020000104016, 0.3389608082781296, 0.2995030387515307, -0.3109291618529768, 0.47942966464821335, -0.19716140973825724, 0.13465581563286633, -0.4950593660168322, 0.44728212310613646, 0.39888547338460245, 0.29273593317740787, -0.2815854379474586, -0.17734118417288125, -0.04013206937208713, 0.4722131826533207, -0.3386470751665699, 0.3565450587743211, 0.13761501176427704, 0.2156973469646184, 0.46736849610086273, -0.33048918013231754, -0.40470605042086816, -0.3787494975801483, 0.3712852604798995, 0.3065057695183673, 0.13395182933313587, 0.33301842932695547]
Bias: -0.4770284683428918

Neuronio Oculto 55
Pesos: [-0.25783703032955385, 0.2668018848544135, -0.4738299497499441, -0.22928323049709842, 0.25428126177519295, -0.26080016458922173, 0.1692587903297026, -0.2613670938115479, -0.33637707356198177, 0.03588782738333063, -0.10379254745160704, -0.4982885097595191, 0.11018085024916224, 0.1476829826906907, 0.331971353839719, 0.38190469996651477, 0.06983724206083597, -0.4653570107528009, -0.1452284557205209, 0.034776628797798415, 0.1026940734941778, 0.3952556087655964, -0.2650627453009703, -0.42616030229639923, -0.08313670752502944, -0.04570208209307869, 0.49548944157544594, 0.4693811133231497, -0.24340251267530932, -0.13474687217617287, -0.40102381620852, -0.21038656424652913, -0.2675848264170424, 0.17759171641831173, -0.0712353895591642, -0.4412461331731319, -0.10329265886475003, 0.2608925987404628, -0.36928256005836513, -0.2870647150917003, -0.1726817996034049, -0.46575930903112794, 0.4044280861094698, -0.25762343173065905, 0.03978540572484912, 0.292004006135838, -0.03367164256878585, 0.045917007664937004, -0.0201572146714466, 0.21791771499417745, -0.11504904890018519, 0.4415115286713922, 0.20804924516324907, 0.2325106317956408, -0.22627274087556837, 0.3229509430916532, -0.20492468456578194, 0.20825544850989985, -0.12218734179542545, -0.32635714326414034, -0.18064734376736535, -0.47276917921309647, 0.4974788385297768, -0.11281388979651508, 0.4821959285871811, 0.1952623089422777, 0.05699495400207266, -0.48414764039021596, -0.23671350631455712, -0.3623076788719328, -0.2207047668328388, 0.2580966762150939, 0.16254460373644075, 0.37331152678942636, -0.4265529164078009, -0.40813720509109186, -0.22849966199513538, -0.3538283746791673, -0.45018198649355134, 0.03522259902122593, -0.2603917507920006, -0.03353176758515197, 0.15308288426033534, -0.28533695321504315, -0.07591385958339303, -0.3841354297656485, 0.0972546634308763, -0.0773179703189536, 0.3145017642594231, -0.19840155264143888, -0.32101742090982355, -0.14474821021277784, 0.2630686509270662, 0.39780922011877007, -0.2784349611385736, 0.1525932833426774, 0.26543659925528507, 0.2844374096436584, -0.43959364409875856, 0.43224823466833906, 0.23361454421081962, 0.21272581890146713, -0.3452948663058849, 0.4483379763087709, 0.2759180794168117, -0.01250579768037885, -0.08583819533685833, 0.0998003764436135, -0.12910782450075076, -0.24896002036221865, -0.05411734683560554, 0.2564803756787323, -0.48957412879463713, -0.06469469516874371, -0.04759053691827331, 0.37480149445894795, -0.21522827970324487, 0.3675811776279111, 0.09260975191886955, 0.40319298763667166]
Bias: -0.3472127792057842

Neuronio Oculto 56
Pesos: [-0.04185563201689446, 0.4842572050863736, 0.443695386540372, -0.10488725947605204, -0.16073493654915805, 0.2879968371089715, 0.31584920849175335, 0.40013784059387136, 0.10006784332099994, -0.12085316344508146, -0.1862078793828087, 0.4940589900895036, -0.03335030746026291, -0.1387993823191832, 0.15911347034539614, -0.22835917993430532, -0.228584302360478, 0.18601995781088554, -0.3577472881097139, -0.044515600366092034, 0.06879479429913649, -0.044218843457468626, -0.2176723680350936, -0.3791779967244384, -0.16265054618365626, -0.02608408186216038, 0.20076837196264707, 0.3321781096426263, 0.33415484184297284, 0.03560967065237963, -0.3107065275329919, 0.08975885680391804, -0.46969093514354343, 0.057591282167949065, 0.3439950280984956, 0.09815810046935725, -0.2571265112148129, -0.38571359695895735, 0.27228230417368815, 0.03581000972144954, -0.33281314748714985, -0.4715824391682596, 0.3394496553422257, 0.47152071558938335, -0.08125021729836224, -0.08623334470981692, -0.4869340947368681, -0.16754969779236206, -0.1565929728002603, -0.37748698900954125, -0.42891213935699957, 0.0747558131551106, -0.19210446485097454, 0.4017762215115249, -0.309934296348398, 0.24431212587190465, 0.16462006513526972, 0.02464196012408726, 0.3948338916687345, 0.38374337523175195, -0.24953517840733752, -0.3524540393295317, -0.29825968855055196, 0.45537664292262503, 0.23927783249095946, -0.34653898408021333, -0.08372665498992116, 0.2340842850328203, 0.15042564295893623, 0.00566575070489439, -0.47592503256806773, 0.020358675283630556, 0.03574230395386502, -0.46648764309331026, -0.3460672580160974, -0.3703531615068649, -0.15900072352775263, -0.11234842656460109, -0.19576973702017553, -0.37246987779669016, -0.2679972892269722, 0.21725387220734482, -0.3250104281324727, -0.41885949188212046, -0.35103125988677397, -0.3720812266289484, 0.013116696656064186, -0.4616518811734007, 0.23961407174972538, 0.39823325089623196, -0.3581130098146188, -0.055729695738262475, 0.19801395611830674, -0.30429990725843514, 0.04714182661940636, -0.30940493689735915, -0.06382715291009533, -0.4484450241190816, -0.24988668808353398, 0.3478372405372582, -0.20562425999124845, -0.39779792184877105, -0.3820707364607895, 0.19454837899637423, -0.17012995847116286, -0.4459399759794602, -0.48326734054418063, -0.3860153567818716, 0.3860977630717559, 0.34041824866287795, 0.4998014982885327, -0.0389596699762631, -0.285207425578612, -0.1251997640165281, 0.15689301547560974, -0.04062057687073006, -0.20309981829402468, 0.1300246405364287, 0.0877170947166509, 0.40042827224226674]
Bias: -0.41854520679868323

Neuronio Oculto 57
Pesos: [0.29237349830350723, 0.3934545200398063, -0.11842116422553195, 0.3058540683607319, -0.3550177676780747, 0.15824625847398444, 0.4581954934731908, -0.2883801425811082, -0.4006653226465109, 0.16959825838176046, -0.043443835371035355, 0.11348706192858415, -0.0572248145305958, -0.197829884155453, -0.11714903733504511, 0.22597320884355077, -0.3251057941321809, -0.060318082265199746, 0.0601876833181646, 0.07018917145199088, -0.13440268509220232, 0.29770582032416015, -0.04247426871616822, -0.471119320512871, -0.17267377719681543, 0.329837210660648, -0.30855719310039986, 0.25028852868645235, 0.24025062171886846, -0.14459700371177742, 0.13428951597996375, -0.1990244901088155, -0.4606552330446161, 0.3777128915596514, 0.14479863375737922, -0.3803745546092111, -0.11848680608381923, 0.006872262834814791, 0.19453776324385041, -0.40883330377914373, 0.43411210957859747, -0.23230465583246873, 0.2053410395025751, 0.40100996528578736, 0.3194580519867194, 0.006094887794606985, 0.3885921920467593, -0.386887147968758, 0.47801154389745615, -0.13985760718545626, 0.12802738485408305, -0.36218300856373753, 0.19700313344948017, 0.3508206967364086, -0.005624357334604646, -0.4722032649895135, 0.24345940305037106, -0.14563715941315292, 0.3762763384111991, -0.13857085122849133, 0.49295522869140995, 0.43301010371515525, -0.28202025073230763, 0.26023214765645175, -0.45556326910618417, 0.4429044501925141, -0.32414728524024616, -0.3687135841194431, 0.2896328029512165, 0.3632704480137031, -0.14644087873021394, -0.27613334373031295, -0.28041737637757513, 0.17430558144703034, -0.4223420285196413, -0.09034559001172227, -0.2223505644359136, 0.02582506647176186, -0.38289700917551384, -0.46194469623727175, 0.318257297394266, -0.3598872876410909, -0.2948298199901428, -0.4379772784125585, -0.23705226655570222, -0.345463782161357, 0.2999289160451022, 0.4478435763801363, 0.015811444685162823, 0.2570897439610077, -0.1332861643626626, -0.21783846855733424, 0.17161641728735277, -0.21298259155201693, 0.4540463708825201, 0.05202340755555046, -0.020947096666073306, 0.26660936048739203, 0.28778709571514827, -0.1246711996686507, 0.2086495034297945, -0.07989781567061338, 0.012935586099629304, 0.45462250184389197, 0.2038099086231847, 0.3482494476545729, -0.168473091002317, -0.03332134452256352, -0.2589141379554546, 0.3760770377150421, -0.03601246474341824, 0.16016643538046849, 0.07552662388351161, 0.3010768050368853, -0.053569497021143664, 0.017732792245128692, 0.10166047286300028, 0.4141349030832002, 0.1632574771060512, -0.02627347555348769]
Bias: 0.29635000121218

Neuronio Oculto 58
Pesos: [0.349527362003901, -0.21551594573502952, -0.43780663558771626, 0.07469085769056016, -0.22128550314224893, -0.3831679990463146, -0.39495730341223245, -0.05660700594598733, -0.48675355374489104, -0.42180432199691953, 0.007578812712477068, 0.0009438874882388149, -0.3965428914510757, -0.13420102414928414, -0.08069597800984107, 0.417162062152286, 0.36853910247658406, 0.24872726165160775, 0.3380774924146148, 0.15002365937633, 0.1138963284565635, 0.33225960228795115, -0.4905138332515234, -0.09691817252695178, 0.36921998122558897, -0.13175675026258926, 0.36677400440840946, -0.05743193205667718, -0.44637566778052296, 0.1863563191597014, 0.3310884900730032, 0.2588460636792491, -0.15525284780014814, -0.36269738779989014, -0.14421134524241142, 0.4228340302644027, 0.05219996711975017, 0.031777534484836556, -0.10057797072831032, 0.3549912712718617, 0.2848065528582452, 0.059702734227455534, 0.28240845013086446, -0.4555221598933087, -0.3503440805348813, -0.2304278331303682, 0.07720085076054861, 0.23770877996532058, -0.28512540533440767, 0.29006063029080154, 0.39832709875484107, -0.03961270976651832, 0.4343978707809317, 0.2526834510013266, 0.35158524159771254, -0.19672682524207008, 0.029844966324530486, 0.08563643177951574, 0.47805492281674733, 0.42627963869137186, 0.27274918503161694, -0.012831515982081654, 0.11264031197277768, -0.4058291473329654, -0.37943762328769726, -0.37429814826500285, 0.018590295597748052, 0.2013272392064429, -0.27643287876263567, -0.2695222961917809, 0.3731160704443308, -0.2545480177169138, -0.06790692012118538, 0.12219701350153367, 0.25280617931350136, -0.1656565933637828, -0.46393521418537864, 0.46381960310813897, -0.059986887975260306, 0.49775810150167665, 0.05567803726283305, 0.38670681347594016, 0.4512851848126854, -0.2776847893393073, -0.2024025126786968, -0.2939824577053679, -0.35484217072985236, 0.40298610990062145, -0.1962015149738322, -0.061437128635976834, -0.23319070555541854, -0.3689091495413762, -0.10532400543009812, -0.12050161661954417, -0.3322410421974007, 0.10519228245685619, 0.34044672373261264, -0.4987389195418226, -0.2708596920785308, 0.3841400103407332, -0.012882609237638398, -0.10761514916751824, -0.13264019271550542, -0.3577898417939094, -0.12016449167770338, -0.37321920578922374, -0.347654000958708, -0.24682479004478608, 0.3991113267534271, 0.4672643250765631, -0.04813606759162281, 0.47091904696033293, 0.08055246545262551, 0.1470281217454712, -0.10038314225747669, 0.46711729385670664, -0.10681876058005035, 0.05424094407121238, 0.16439445585116497, 0.416563252777049]
Bias: 0.344565612518125

Neuronio Oculto 59
Pesos: [0.07562623772649513, 0.3498136507530779, -0.2044436541632526, -0.3292995745262607, -0.4475361026953366, 0.04829845742274008, -0.3588859383090043, 0.3178949182296068, -0.31504651587572563, 0.46652872787387745, -0.3823789889264939, 0.40793788039643863, 0.27746015117486045, 0.10547587497385424, 0.22503029918246464, 0.23898288388467281, -0.21176887728917948, -0.46799327863085716, 0.25646257677767026, 0.09891126397075312, -0.4993804816137687, 0.15250990167770218, -0.37096600615083364, 0.09961585899833036, -0.06289547508627025, -0.4713218379316836, -0.4409666443812522, -0.2860881678409686, 0.0058251295865715536, -0.14040195277168144, 0.03940175306666249, -0.0531781882955632, -0.46771408297044836, 0.17590896650449883, 0.1635130793013866, -0.46489935901837964, -0.08976409747451641, 0.017014384895581935, -0.3854588331849593, 0.3819887180245133, -0.3566079450591467, -0.2800192426210303, 0.36885914974461564, -0.08650777683571587, 0.42479481068057745, 0.16708046589294334, 0.11980170395107659, 0.018698925891326046, 0.017703082774640833, -0.2640031549972599, 0.39730763485702236, -0.2827129512623153, -0.28234166604378697, 0.12362606785958985, -0.4675346202929467, -0.1976614249506543, -0.08143925476952907, 0.23871332404079193, -0.026460392019002632, 0.21671077097702163, -0.4337858699504922, 0.08458560564821149, -0.016499757321228437, 0.2695783018676615, 0.4610224540082135, -0.0943187410186449, 0.35046802482088857, -0.14923609824147344, -0.06672878506763769, 0.4286494417110507, -0.2596353430003632, 0.1782244434376391, 0.3883549507130317, 0.27784709516261463, -0.48964332377938324, -0.4312226791099797, -0.2220505209422161, 0.29760747338092575, 0.04186600223209269, -0.23660605276409563, -0.13620902519601297, 0.06817995759540851, -0.4780706107062661, 0.00047034446683968945, -0.2885434450887949, 0.4837187813407985, -0.19257250882414456, -0.4867683286618125, 0.45908612412340966, -0.3703705701704346, 0.35552667127336335, -0.0374885959216239, -0.24089074163159574, 0.14953236544928528, -0.3394391833154268, 0.23178897049757052, 0.0550939516677692, -0.44418950795060297, 0.07960649120720764, 0.3627422492319844, 0.3634846785956415, 0.35805574405357476, 0.29636044625346913, -0.06401354418276162, -0.014759683772698984, 0.08353204371091061, 0.23961731040286016, 0.21837772211931272, 0.07069089175966603, 0.19398650724931665, -0.4596041090030164, -0.2528010361767109, -0.2238041184148527, -0.037506651139645686, -0.42433951896074895, 0.3202727358812367, 0.34734515595651094, -0.40104939053139443, -0.47156348441262175, -0.4376023062701856]
Bias: 0.07841859365762549

Neuronio Oculto 60
Pesos: [0.13697157746804478, 0.21522218916359392, 0.1999848795348228, 0.47856312507311727, 0.4873289410357644, -0.09102649514567462, -0.09843921704031466, -0.1340351377295952, 0.42614470667465143, -0.43154341915192374, 0.21241804866494063, -0.15552360754401595, 0.17317334067146073, 0.11263402700702929, -0.4242249544752621, -0.1273082044248589, 0.4804086998923792, -0.45485133016139057, 0.2746616484428327, -0.22897366267830999, -0.2031490372212308, 0.4468933175909635, -0.3412838595791481, 0.3197585456869644, 0.28446272018056895, -0.32284662206666814, 0.17911452785998838, -0.2796488542572445, -0.39604890212924093, 0.4474746762739934, -0.13434497033186488, -0.03729259465491419, -0.08812224803226387, 0.02226704417223535, -0.01451931365294823, -0.07942614990960539, 0.4013607822323715, -0.4945049346831193, -0.16547886440162474, 0.125067055676629, -0.4674773261163029, -0.2658682801151149, 0.02723190067289072, 0.1713206294276356, 0.12991613589371065, -0.4930071837999096, 0.30607923495932243, -0.4049705195269574, 0.08697908012768507, 0.4173068357290507, -0.23159752733483963, -0.30323284297113196, 0.18180868106452786, 0.010289772465970626, 0.23029421897608848, -0.12021959822055783, -0.25618632027017585, -0.06623034170510345, 0.24429768301487775, -0.24623553559572764, -0.1406481705526138, 0.36971643262527487, 0.23595012864664056, 0.0960598860627595, -0.4178631704951864, -0.1439620831295777, -0.39609232514503134, -0.32212434137356505, -0.32284595903196733, -0.26871654769089215, 0.0011864728139071579, -0.42497665258407236, 0.17658160029782244, 0.34075740428921064, 0.37106350226380747, -0.12231405788533978, -0.3871745090523133, 0.38801803080537756, 0.03462111709667459, 0.17798653392585184, 0.12503612463049718, -0.4805065704862649, -0.45274897609929265, -0.23387094613950388, -0.1346609912918354, 0.4034073211938828, -0.25761574973243595, -0.4576609768873354, 0.0894499642742762, -0.34310427981613956, 0.05702925392955438, -0.4940876719291388, -0.34170820284465675, 0.32541189966354256, -0.36720096050276374, 0.2722818439996021, 0.13013145092139322, 0.027661729331345586, 0.20435334108772252, -0.07845187231290085, -0.08764144050678402, -0.44215299221571647, -0.19972745407596504, -0.4935421755048319, -0.0013511977753835058, -0.09486822876509471, -0.4294300708130516, -0.08640363655352756, 0.41744736444556396, 0.37106014619940964, 0.28065332136785004, 0.10560889054022116, -0.3177814674090029, 0.09433446602262563, 0.33958919716483293, 0.30255911345531783, -0.48266919917591045, 0.21289701716008547, 0.12060885952126055, 0.43147993243976845]
Bias: -0.22666838098790498

Neuronio Oculto 61
Pesos: [0.3961822204723935, 0.4587978717789468, -0.2582123628547994, 0.36087030404075626, -0.35644204232644816, -0.2657782895110865, -0.2809597130629966, -0.3237254213030467, -0.24717759943136786, 0.2219223263861939, 0.26827639126492875, 0.3192477867310175, -0.18910831069102652, 0.3205738205010875, 0.0891649729690509, -0.262819895540785, -0.010237298342077983, -0.35789679043822886, -0.036615411338257076, 0.2394126186185943, -0.4292405213888274, 0.09609637780519331, -0.3840753069503121, -0.05397014145367074, -0.3054245770838151, 0.10348865339064117, -0.41480757983167227, 0.07627361954585943, 0.10035319720321079, 0.19318692035789986, -0.0894974579898733, -0.08382646787973214, -0.15466087908726278, -0.23863445495244007, -0.20596621701571394, 0.4155149922923431, 0.07312048648979075, -0.009784090258041833, 0.41181582201067635, 0.3451473301739788, -0.24920463459166298, 0.3943043999667081, 0.02834915697846563, -0.245279819652515, -0.18549177645517945, -0.09732754299367252, 0.09502381007573901, -0.3566083254558452, -0.1370679743344556, 0.4294780040549888, 0.12474168584737566, 0.4837533035844154, 0.26982508450020737, -0.3736992381211808, -0.1365129494662587, -0.06221579051988024, 0.205540737466951, -0.43802714383188823, -0.1711172037077866, 0.2893983329411982, -0.2432492080810248, 0.1961312065827896, 0.4923904895629284, 0.434739440287895, -0.02691906935185273, 0.07751980115086687, 0.15922251210457172, 0.13280112748910478, -0.35892711152690615, -0.021078887665178847, -0.05060886693411115, -0.12272657264459008, 0.41671499742408447, -0.4702177004577315, 0.34163954611037384, -0.3157863864398941, 0.26458355353527796, -0.25166721670396763, -0.45565579733863293, 0.48542462314783985, -0.39060734377459794, -0.48146570232947294, -0.3695214184541684, -0.27127080863034914, -0.430752105264126, 0.10821069843855713, 0.48912168798839395, 0.026536583081073095, -0.418217813498002, 0.202355893345746, -0.2845095953979154, -0.3374422081700368, -0.48983784280478426, -0.025035132142529615, -0.031985439607641664, 0.34430466591273956, -0.2975389509000763, -0.29393179311943163, 0.33137870874384967, 0.18444693487904062, -0.08205661780285867, -0.3512757369793099, 0.45681182819335153, -0.08089811509114597, 0.11856169857634613, -0.01740491289433921, 0.27652822013006473, -0.24793999638486197, -0.39026731067684894, 0.07620974608538333, 0.25831657870918057, 0.24082742340905305, 0.49360067817094755, 0.16724792764263519, -0.1484201130630557, 0.4004518557571364, 0.17655996218395809, 0.326150501539864, -0.29814631675099534, -0.2220443054278216]
Bias: 0.17508524884621413

Neuronio Oculto 62
Pesos: [-0.3970756261578111, 0.11559457167492804, 0.22708611165907666, 0.35569161922204373, 0.1407633184675453, -0.40331422985839605, 0.4364429771062224, -0.15248247773284007, 0.3195777618207477, 0.139116559621831, 0.10914144065758058, -0.028296251466997657, -0.42066061705503166, -0.4240774079538624, 0.36284146537233286, -0.3365190288010068, -0.14220960191263698, 0.16438605563103803, -0.3949122268676758, -0.08710990922721173, -0.2080345360559197, -0.014974591729540077, -0.06074200904993088, 0.24076446378463234, 0.2857305501383669, -0.44716155087079923, -0.20570179259390475, 0.4558076128882592, 0.27000130382956344, -0.018580159778999183, -0.04007505410242973, -0.07394662403605923, 0.05294822243987485, -0.32079454165458443, 0.48405662738728394, -0.3117907562602935, -0.22240015015531478, 0.32468367727143166, 0.32337008572974735, 0.42567858287030114, -0.3001241972979042, -0.43078020313488097, -0.3260509201137549, 0.3071403694878374, -0.27359897766722985, 0.41969227840521806, -0.4739259426821607, 0.47970294065678576, 0.003183325386164837, 0.035055787097164504, 0.20891412900393336, 0.4623815664068671, -0.24803926335290927, -0.08945721020112263, 0.4476735926026111, 0.287034526938046, -0.4015859605111377, 0.10245625849765316, -0.03744237013183116, -0.035041807365609134, -0.013262615649395681, -0.06697319161057702, -0.2592348134898469, 0.32719274133142573, -0.09369231911625397, -0.41844430404435007, 0.26717801803005037, 0.255447422264526, -0.23402008338460278, -0.20367099199399596, -0.49467234362958756, 0.22626560893709913, -0.18719232363770433, -0.48274769730447764, 0.47605715259268877, -0.18049016111532679, 0.21630404120240576, -0.00811832471760121, 0.3259912303652527, -0.4473504991224939, 0.0744092158897045, 0.16261992572283757, -0.033699855899871345, 0.11114971517879635, -0.408677397796388, -0.04153848177846209, 0.31069028267306165, -0.13546880071173595, -0.35149612537982966, 0.07443346217431135, -0.4301337724793196, -0.26959135476853957, -0.19173877589750188, 0.25924098646640037, 0.24160883055278481, -0.4776100334365244, 0.07397711038046295, -0.2905286632342188, 0.07803836814331466, -0.277680236201717, -0.10305105236634737, -0.4833386684531602, -0.27885537349463385, 0.07423471390538094, -0.4178832179601173, 0.3307590443070343, 0.31651281366377415, -0.4200159537135444, -0.1556068580976685, 0.41949599524315084, -0.3850188781683841, 0.3505269378244563, -0.299502682576977, -0.17445681774838395, -0.14944248031494778, 0.09306409637734891, 0.38936273802713395, -0.12105337116698245, 0.1138560213459896, 0.21011453416312986]
Bias: -0.28488482684306127

Neuronio Oculto 63
Pesos: [0.37878651949919473, -0.008956928576740242, 0.3455809917710906, -0.3103763492651178, -0.13038139009956107, 0.16040045166861383, -0.12788668243040835, 0.24885164617047062, -0.4931795201677731, -0.012332407528980682, 0.3039623165913262, -0.38071906823743995, -0.10883931178770057, -0.20410916932887946, -0.12089662744623697, 0.01402797100805575, 0.48710512974711273, 0.29458845865001837, 0.19197202887045106, -0.1980723362125375, -0.3918194705583855, 0.25133122752778037, -0.4935276703887652, 0.04250239914745735, 0.06404213012284932, 0.0909353298894735, 0.13113678038154764, -0.01962772999848872, -0.12840347398707064, 0.39259885295459085, -0.3477014037480779, 0.20952802900414857, -0.28541570754751566, 0.34149515674599973, -0.09603113313278056, -0.49641641311069984, -0.30153789746063, -0.34464645368466307, -0.4061433498202488, -0.028087363416564926, -0.08481453513310822, 0.004001644448853647, -0.2289660254719963, 0.12263986617692102, -0.46354634306376574, 0.06458729255662876, 0.2586891812418788, 0.4984873462573386, 0.028615237434078344, -0.4739037544693451, 0.008275419675380813, -0.4329080058144146, 0.2763661255533054, -0.106732832018271, 0.07438695664353201, 0.17321526131855092, 0.39177285998787803, 0.0878866948624234, -0.3642726612149192, -0.07216414472806842, -0.26495843754090365, 0.29305326497392226, 0.16567122208759488, 0.0200804723149155, -0.27384325962482614, -0.11951241941009794, 0.48325737219109166, 0.20902187701294161, 0.14163189850828872, 0.4057806963168936, -0.4758120451856799, -0.3819006954757207, -0.4924707358219883, 0.13190999912807666, -0.2564691732568003, -0.32472305746659413, -0.4326206767047337, -0.39509150915001523, 0.3320329882400005, -0.4899400053081382, 0.4219685185749913, 0.33490309546660024, -0.4954759521485399, -0.36126455963669724, 0.28707702011844527, -0.2832511463696321, -0.4730079157711772, 0.024118673357147236, -0.284699595952693, 0.04299434905966171, 0.4240815753705741, 0.4242686431552726, 0.4376194634165135, -0.13881623409151578, 0.046804391824286085, -0.22236953754936684, -0.06506642805552598, -0.256627518457167, -0.1997592692435688, 0.15812098522008367, 0.21871950062196965, 0.28961904925410853, -0.479080420598607, -0.382182224296007, 0.12121492908008025, 0.09833524764450285, -0.1333177930674767, 0.11573732835640105, 0.09123187517197695, 0.26913471918914056, 0.07398670248429584, 0.41583464319410546, 0.32413083772848594, -0.3508701902304592, 0.32437346002105416, -0.17730723479550115, -0.09826432754702386, 0.045242563997295204, 0.14241860135303042, 0.1287507150055045]
Bias: -0.24418962258547283


=== CAMADA SAIDA ===

Neuronio Saida 0
Pesos: [-0.11725135963758992, -0.459384705321893, -0.06020850654822496, 0.46785932169431055, 0.423187507794609, 0.3831035942148495, -0.07373338131458007, 0.47245440098681857, -0.251994895664138, -0.3105985991929161, -0.40397379419374824, -0.09532181686343977, -0.31735922304534114, 0.37662318400033146, -0.3961158084303418, -0.4537536015555488, -0.13663652561081507, -0.23009671542263654, -0.05345564963724081, 0.09114799705053045, -0.47193023810181933, -0.3140711388600985, -0.40694290714276493, -0.1796301776671526, 0.2275523924375462, 0.48760391717237606, -0.10243026777031405, -0.44247440127110127, -0.40572404614504853, 0.40473489053797385, 0.12810606676476743, -0.31748051222312446, 0.05744529885562688, -0.49295761699289875, -0.05555492738043277, -0.2587512243250265, 0.4747825855827228, -0.4385187338523079, -0.3970317755651275, 0.1880770390071198, -0.1662300068712368, 0.1368726294165733, -0.30928457411337995, 0.26221944324361146, -0.18309091279410505, -0.08476447271526744, -0.13158074792895758, 0.4362605003875262, 0.03094036363633501, 0.12856017974047718, 0.1581892690757456, -0.4264499704085376, -0.373202331359348, -0.2839146683119348, -0.4199383476841264, -0.3816159258086613, -0.446617109003428, 0.27304604688174505, -0.23148028469961945, -0.11778747417577529, 0.2701030063461296, 0.15141318002742532, -0.01564959601901117, 0.4130787160694511]
Bias: -0.32472366183167756

Neuronio Saida 1
Pesos: [0.13545581397036488, -0.2978896438025206, -0.35383285510494467, -0.05394948077423922, -0.31876795781589495, -0.12805236759661354, 0.10807865118947146, -0.19288076494990092, 0.20871564938000975, -0.21026044904935803, -0.10504907236268168, 0.19998607613142605, 0.12718640645864843, 0.4598552074738447, -0.08403945555190517, 0.39508058383177147, 0.26068777619303485, -0.33402149259111125, -0.36559663712075596, 0.2684870654338214, 0.22376479229495672, 0.11284557546013596, 0.4326194469333964, 0.43185768566873894, 0.3891057972522449, 0.49331675171454314, 0.2715352975363823, -0.25907641528335523, -0.03284125956054873, -0.40634900164459686, 0.43977079844205225, 0.4734809492884329, -0.27533850295554607, 0.2834156992835124, 0.3317648022064875, 0.08584237157117502, 0.3799702906268476, -0.42049583191255735, -0.0040867157209038, -0.42913698820525437, -0.36731994341841856, 0.24160513443064435, 0.4902956796132999, -0.1880111913893009, -0.02174150372568273, 0.12861389162501058, 0.4248796802946706, 0.2510659489111059, -0.23393632586071766, 0.38846888132850577, 0.2168138982322093, -0.12100576302293242, 0.23796711201751453, 0.46060101103882345, -0.11017741033861006, 0.08467213767612292, 0.3166257091171464, 0.38613565816085893, -0.15161446209247953, -0.3570275075637185, 0.4216987906041837, -0.27107209473320526, 0.2526313168951978, 0.1722885925629044]
Bias: -0.33111843899262006

Neuronio Saida 2
Pesos: [0.23872731033720385, 0.49035260531241454, 0.348299242977802, 0.223538075840656, -0.4623023827108933, 0.26626059453743267, -0.021419916656964855, -0.08806191964696719, 0.11158858146280903, 0.27724263510003155, -0.33180013784765394, 0.3964525500294077, 0.22621685951819137, -0.0775455434207406, -0.4029924753933186, 0.17421760003931874, 0.42099948034027146, -0.3517293334564, 0.2788696371046908, 0.3237621585847369, 0.24201761028338975, -0.03535535067815143, 0.33202040411339784, 0.078780161613348, 0.38523743930204113, -0.11481584062064987, -0.14642175923464174, 0.18950408948874664, 0.19431334350326557, -0.4067283942083695, 0.030653614326012102, -0.16720956497325434, -0.006074482835236816, 0.3481873129494265, 0.4726543297454918, -0.3598448461762561, -0.15402206330901513, -0.10947794170942826, -0.06353922484041674, 0.30989092241087424, 0.008993606763149087, 0.003314196271123726, 0.45186708663204855, 0.2876228225502684, -0.45192036105373457, -0.3023955154728514, -0.3211714684800342, -0.24314374518084692, 0.0968517788810267, 0.07912907561718996, -0.27864286139824235, 0.45921202062009636, -0.29928010277018324, 0.20840721900120363, -0.08123118625725945, -0.4270012352047581, -0.29594218977384357, -0.4272684488750411, 0.46084506685496796, -0.19287296162594025, -0.2975835775000829, -0.4281913996104878, 0.22010852508020384, 0.20253151340948672]
Bias: -0.3117807423032093

Neuronio Saida 3
Pesos: [0.4104543019755952, 0.46085214978335975, 0.25958392683994125, 0.10824567258041307, 0.1590411891236091, 0.4822377101070342, 0.05559447477679602, 0.2903583728845964, 0.31488799832222647, 0.13633955456301938, 0.39965003214018013, 0.27883914485891614, 0.216870792217295, 0.37573032031928744, -0.11789850778070199, 0.1606757614145714, -0.3602022133809827, -0.18485498142288737, -0.39676192595434046, 0.3340487004248762, -0.07054631574787829, 0.4609375063290524, 0.3675959554828374, 0.013753648548784914, -0.29357846605441096, 0.23669960155542402, 0.2491944702763148, -0.18083000018346074, -0.09753401090841607, -0.39277968050419154, 0.05946578692780213, -0.2862707658497371, 0.04201473149160517, 0.41432149294664866, -0.36582367205952115, -0.4704817035203125, -0.4800567192013204, -0.04356416942622632, -0.10166906477084603, 0.14416131434211144, -0.3372455419066227, -0.07655760786284682, 0.2698629423659237, 0.3916281433112806, 0.06593154143601054, -0.48082655952858233, 0.38925500518432343, 0.12400431605562001, -0.09793907848474759, -0.20040344156915424, -0.4816087566704026, -0.19845453287749537, -0.07409322367121018, 0.20966766699529138, -0.0047308729094484026, 0.20024757462804943, -0.3089320783276921, -0.3657121414136857, 0.4959346178501892, -0.21018973321763623, -0.23499580148356292, -0.03366070416243572, -0.07864408275546719, 0.4055349080066364]
Bias: -0.038958843636852314

Neuronio Saida 4
Pesos: [-0.03239353968954206, -0.45590940020984116, -0.01614616015767356, -0.1966123150818423, -0.22623866353011912, -0.40636407989576373, 0.47136841834496956, 0.3635302163966436, 0.203691980140824, 0.23285551026659357, 0.4197920096041584, 0.010846700636259587, 0.42890447299174606, 0.35350084349771016, 0.09776231001680347, -0.48698851595659587, -0.2925761741841174, -0.4622556321068043, -0.21736305438390535, 0.013307913439975505, -0.45102684013951866, 0.40778671046098736, -0.2432683307417759, -0.1619968444037544, 0.23543803207164427, 0.20984772219932635, 0.4607598387894759, -0.27103505166857467, 0.4286303823733212, -0.0184740750369512, -0.3632954710315074, 0.3952716452256245, -0.03853140940645117, -0.25869909755160625, -0.48920001604394747, 0.09560260039405044, -0.06124263932873064, 0.4431174201254605, -0.43346318242695425, -0.16338859887424828, 0.3446256248887508, -0.364069657813997, -0.3637820594373906, 0.06776482138113948, 0.06990030343622644, 0.0462257647979023, 0.3146104222792717, 0.49286369931412033, 0.06932264157470858, -0.4175364205932032, 9.755483508055995e-05, 0.16932696686465942, -0.4904124398043016, -0.30501541750402195, 0.24333551523717156, 0.12038223637371159, 0.3442302418849722, -0.1356143881250541, 0.06051497616541124, -0.3706325327536131, -0.02040881662817462, -0.2356776191010842, 0.20714293521541416, 0.13467465257325473]
Bias: 0.028529880496559246

Neuronio Saida 5
Pesos: [0.11873861440595868, 0.07703367453929555, -0.46779681820458485, -0.016547513717284246, 0.0776666468077788, 0.29152379079169666, -0.33094140556580876, -0.45423934949020117, 0.26425154526854744, 0.19025004767021225, 0.06677908380346487, -0.4447657771577751, -0.15269429383424626, -0.4490836880021253, 0.45925511330788926, 0.21423792152750487, -0.07695033213390368, -0.11010119781962158, 0.05079745847054851, 0.27671387845137985, -0.3456049149734375, 0.46022134276384974, 0.4488382454834208, 0.28083806162653346, 0.2347473868996568, -0.2789906309220619, -0.339851316229701, 0.05104904726518522, 0.4079575704042415, -0.01395540476614221, 0.3869481692190645, -0.02668368658136322, -0.4928943895919027, -0.02712521146047553, -0.23714089399877425, -0.44035903400788035, -0.372906010292687, 0.041729335328362316, 0.4484648825379025, -0.33956867721601514, -0.35277745541522365, 0.39296241715548363, -0.12377188297842645, -0.35461256905262584, -0.31390773250748594, 0.017865428258402982, 0.2719265515995557, -0.2664204594137478, -0.04569928016354985, 0.36588233041430995, 0.23789774709436784, -0.23845306494137875, -0.05789135100831744, -0.0010259314474105885, 0.31636924462325566, 0.24226958097472162, -0.46933975455464116, 0.3885837944213817, -0.421797364223635, 0.30850428148608944, -0.004551602019183143, -0.4513872928639341, -0.27998818609825793, -0.3516162339975143]
Bias: 0.07297895795266163

Neuronio Saida 6
Pesos: [0.028499701096964647, 0.35329668846267714, 0.42629989431831705, -0.45137116094031526, -0.18827864980464093, 0.15797917811177054, -0.4116351595424643, 0.25901624017766656, -0.26970204616903015, 0.10621656646169375, 0.39179966597972526, -0.21899196910459595, 0.03407611800010357, 0.018560150745368098, -0.07858700899866355, -0.18926878602246755, 0.10980877975109304, -0.10898929287749282, 0.20489924513629, 0.2321808037227593, 0.09089872850853031, -0.2561859840253772, -0.03350078472798179, -0.44521108509204943, 0.38626692270338314, -0.46293847085642736, -0.1613619686080724, 0.12973789940806757, -0.34186453555082397, 0.24784197702520772, -0.3710447230058802, 0.33830402927415193, -0.31509589024477813, -0.14512040545557703, 0.08619980944927708, 0.2217123150566198, -0.14592419882309837, -0.2597888676340102, 0.04901196561856158, 0.06368377134572178, 0.003203982369012759, 0.25475240356317663, 0.4118048199943246, 0.22683525073612676, -0.3559688732022931, -0.14694148934538198, 0.405103208434226, -0.0002936783319194003, 0.04963314029421928, 0.34166154609801136, 0.20512843953857984, -0.09591445514829922, -0.11866736382478738, 0.4190175150829535, -0.3581984288535226, 0.4559656727018261, 0.41620293487265814, -0.4381558483564161, 0.43234915041342337, 0.27328918047095563, -0.24846571722371513, 0.250640350487654, 0.0043762302392669206, 0.47474355274387725]
Bias: -0.3706638428119613

Neuronio Saida 7
Pesos: [-0.2797474908167963, 0.4467134790097059, 0.4160396164495166, -0.2986189989719319, 0.15987965794549064, -0.237842193876455, 0.46998985705742025, 0.3296337560343605, 0.3637277762228196, -0.08229683844101066, 0.4299480696112711, -0.02236630719599464, -0.485336279999543, 0.4076656346093108, 0.468665253172185, 0.4345452250088243, 0.42408401006667307, 0.2696248315157521, -0.16829924591314205, 0.2931425079249488, 0.45311109159542606, -0.4273959158854772, -0.3466549006713844, -0.42345071903185993, 0.13919080134387707, 0.04269626357376588, 0.2934751286767415, 0.11151182364675039, 0.05723227090225391, 0.1093342347862466, 0.3318979785554975, 0.16828627577902644, -0.08492701955324666, 0.0944379236142775, -0.038530732495776876, 0.1436376243540507, -0.21234299161752634, 0.054319860320423574, -0.19148843499690205, -0.25645272992371515, 0.3927904364012371, 0.4715681508281513, 0.2209163831597296, 0.132624181072881, 0.14727840210181875, -0.21815934316887087, 0.49067430226163433, -0.328300886496515, -0.10537639229786788, 0.04737596864437277, -0.3437886007326093, 0.17071512866312566, 0.05560292415466972, 0.2227647803691909, 0.04958949948965474, -0.2406472771201198, -0.043274971509754456, 0.348676574167497, -0.24174672779941264, -0.15066150970613335, 0.2912995434279958, 0.47585061290686503, 0.3871910031741541, 0.2932460908447033]
Bias: -0.2331867598446098

Neuronio Saida 8
Pesos: [-0.29616295558849093, 0.4311056520605012, 0.1834468392625308, 0.07935429049693588, -0.47086670409747566, 0.3950532438956629, 0.1738140632154328, 0.3945698617568747, 0.22085824514270624, -0.32882156106083804, -0.2335733279342197, -0.1907384340614554, -0.3826887764665756, 0.09733807438377129, 0.048315510154374186, -0.29169797747595716, 0.125715216079766, -0.2687733988094274, 0.32949179091741077, 0.08114941191733105, 0.21534764089000613, 0.11598162471434093, -0.3339519544269426, -0.2775076684416463, 0.32128649047225255, 0.3955905708941023, -0.0022624086301684665, -0.33965509087090373, 0.49017756205880514, 0.17687163430034925, 0.2916388938922444, -0.18097220468130026, 0.2791364142129208, -0.3344662815506114, -0.14855422598881807, -0.3879273474217808, 0.10770783502040815, 0.4509070292510956, -0.32198884441979336, -0.3276549145854253, -0.34533622996500024, -0.08801708226350624, -0.3168954765694465, -0.09585240356396363, 0.30701699601554067, 0.21287616080074911, -0.47390743842942795, -0.28784766663593964, -0.44745976832767176, -0.14508570155988332, 0.0035534617590979867, 0.1309993371563063, -0.2933506791459509, -0.1267391809823406, 0.1834809216993929, 0.44232161581254625, -0.08436029053094207, -0.2761235674130371, -0.43600975585635005, 0.01185665989330753, 0.09537103059045826, 0.45495311990928655, 0.47658563768442874, 0.03820284816314545]
Bias: 0.09259196707120487

Neuronio Saida 9
Pesos: [0.038866445596653865, -0.12037598634763003, -0.01584054347361452, -0.42179816715752416, 0.34496913189914225, 0.35597598832589494, 0.38488518711442965, -0.0491173654347804, 0.35234970600951887, -0.1620631553111771, -0.2586404000841699, 0.04213781582540932, -0.38132056829473837, 0.3999525535572239, 0.4054427006498196, 0.39427246530312, -0.41582625838065645, 0.32032530652629, -0.40634988072890466, 0.37962511444483416, 0.01774548489541472, 0.41756361478068793, 0.1178805329956889, -0.15161527196038327, -0.4544999939635228, -0.10197961821015145, 0.15599714740812387, -0.1939955367908186, 0.46319278210643766, 0.16483018554415318, -0.38092156766683527, 0.42661917722240106, -0.3481428035842762, -0.01747816880014319, 0.17060762991619605, -0.17733689517242868, -0.3558120243120815, 0.3713605029390946, 0.05257190751775975, 0.16040485173283037, 0.4860064952033325, -0.48056319605050024, 0.12277596276940927, -0.33950919092014376, 0.37593862517988397, 0.4136222549274803, -0.011394966744772694, 0.49015074767420586, 0.1984172920432693, -0.4091151935137659, 0.2997769525739712, -0.1542347029545197, 0.42870288666537626, -0.0943275630764564, 0.25693975196611674, -0.3348327747445091, 0.3881051717491788, -0.23622734089506914, -0.2470886115363552, 0.30411679343426024, -0.2159198355041182, -0.4173950559596268, 0.3993563733848784, -0.047247500505958495]
Bias: 0.29248521208280864

Neuronio Saida 10
Pesos: [-0.34000309059455247, -0.06216293721108823, 0.32330093340492416, -0.3124227385655999, -0.49324356389078594, 0.4199470972746405, 0.02257026541772833, -0.2880773840891814, 0.17066864921353297, 0.37087658132834755, 0.2995889172504558, -0.396279680621644, -0.09193913107935214, -0.035365555749388156, 0.3647110157530987, -0.15648887840356507, 0.3522659396041202, 0.32825738771135604, 0.1954519247300398, 0.12644385774415978, 0.24595429321614204, -0.3966598687351893, -0.09615905885321419, -0.21166280894711642, 0.43865075983214663, 0.12489825173349856, -0.24780281099314883, -0.33906975548281926, -0.11314604440521037, 0.3042517635180202, -0.2822429271447796, -0.3388470482890924, -0.04328501809626695, 0.4476090536126047, -0.2564974280119868, 0.04600172316001239, 0.4915388939686519, -0.49398462977713653, -0.27467775762043534, -0.23589109417445753, -0.08037235530324005, 0.49750490628591904, 0.231525825764897, -0.14240869263653655, 0.31409671190615884, -0.3413634367699149, 0.13008466727545864, 0.2535834462835226, 0.23456916773589298, 0.10449549289098647, -0.04265570333222857, 0.18149792086590866, -0.09105868887695545, -0.2687085030622811, 0.1388548232786475, 0.01716562857030035, -0.46021313293024924, 0.02680212133180626, -0.2793548542787604, 0.10209836010655748, -0.03151014478969438, -0.4593965114390829, 0.19790788860045216, 0.11296585822679228]
Bias: 0.25761982752983503

Neuronio Saida 11
Pesos: [0.4691779578006172, 0.003339127840928935, 0.026960167431553272, 0.08067665899029908, -0.3051445726760019, 0.1916790614993732, 0.40803565598102465, 0.20659356950705277, 0.02895449901518543, 0.3771066072703193, 0.2833823848322986, -0.2633020890622294, 0.11875255974565424, 0.049541986299421525, 0.34540451347220136, -0.3032480099479895, -0.3803269322320545, 0.3878108931434793, 0.14732864538896873, 0.07418598505361385, 0.08687795870544057, -0.47100175033538916, -0.3401941946856122, 0.34016460720377706, -0.062426059480381824, -0.025480016965276908, 0.16630394333852694, -0.023251365136481295, 0.33500322900365864, 0.28911160071339426, 0.22713628029362287, 0.174133733095034, -0.3047855106981491, 0.00422945373985717, -0.46759452387771805, -0.45485437578224774, 0.4478564040112828, 0.29318413048376946, 0.3027539509233983, -0.20251846277390084, 0.19619253719759078, -0.0033995786130217587, -0.33815913165533773, 0.13759620701665531, -0.08907953350630615, 0.02890028115985066, -0.31262504217478926, -0.24967410475676333, 0.32595130542062656, -0.0765908042629061, -0.03845742111548511, 0.1572349099300726, 0.28951072105385156, -0.22809364336836113, 0.49257421195202367, 0.16268434863568482, -0.0769786592680558, 0.025958236350816066, 0.07444755041091566, 0.37007685140484115, 0.36275888348918495, 0.3337709304521611, -0.24536439512339725, 0.1813883395562753]
Bias: -0.37742982678920733

Neuronio Saida 12
Pesos: [-0.4763489296083061, -0.021480960955860717, 0.4385811141895857, 0.21296413465407815, 0.31802766793573023, -0.35899316086987054, 0.17768897406199036, 0.1713491580365325, -0.14091920381369327, -0.4025051063305022, 0.12555427909266992, -0.22614404878445915, -0.14676325374129917, 0.4974625588374515, -0.3936177566420811, -0.023260082503946844, 0.20284611390192464, -0.45865644368280445, 0.1351681680785629, -0.17154926737447163, 0.021827132205622046, 0.49251568607146523, -0.3929604120321446, 0.20089438164393203, -0.2475301241526019, -0.40678555593138477, -0.1551948330489935, -0.2574078740381329, -0.05535532077795524, 0.1101658644527227, -0.18425831008585836, 0.4995115948350306, -0.4493539628668871, 0.43473948861460643, -0.35348851441593665, -0.2902214672074789, 0.18194518289626793, -0.15149681695968142, 0.05718054945320139, -0.48303447992648585, 0.19143337013022788, -0.43774194323024573, -0.1824676785109316, -0.3456602983355286, 0.16606356766901254, 0.04724421431656234, 0.3515178843286333, -0.13572332947784582, 0.1951833431839859, 0.13251221828622128, 0.14859370201849975, 0.25726203169609685, -0.19760053489254314, 0.028906779349979428, -0.19244821640553988, -0.2586908878634877, -0.4113730670141762, -0.12957835527779538, 0.3422717128010928, 0.1802174174981429, -0.48933699065539427, -0.1950430054372777, 0.08090667935564655, -0.4976527395177436]
Bias: -0.2581082769777312

Neuronio Saida 13
Pesos: [-0.3624785319324788, -0.10056277670463043, -0.3994029690121663, 0.011276206396075183, -0.04595669018872617, 0.23095092016784602, 0.00823583256991789, -0.2765107333585912, -0.18666121007202485, -0.10750196459104, 0.012571591939709803, -0.0778054223651462, -0.12902984427148645, -0.18463950548996555, 0.06168673679582004, 0.4636156707907848, -0.23394761223861815, -0.11303745576984614, -0.03522560802568653, -0.3842693521263164, 0.17092763703935465, 0.3115441475957743, 0.0019197961189320045, 0.2612201744743482, -0.20070571271719073, 0.19880264510599466, -0.0761631717080462, -0.17344481684630642, -0.43427207075541463, 0.018136728264967927, -0.3201262476420218, -0.11359667441889254, 0.3538052070061747, 0.14382789849237188, 0.3092117729788395, -0.47319171454500075, 0.41285278925412505, -0.191151051895866, -0.242385348975236, 0.4015587612053749, 0.45061579622432135, -0.05703552552911062, 0.40718218403111683, 0.4074585686033362, -0.33572268279010864, 0.004211009311662073, -0.47662932612395403, -0.4138639785939766, -0.07391098436825538, 0.35431465294226383, 0.009107352464960972, 0.08241700903471327, 0.27392934019607895, 0.17850484344073025, -0.07169802025164651, -0.020578478936298383, -0.44640093434181227, -0.34908860264589026, -0.24205222548566585, -0.4122572721230706, 0.32276440098347603, -0.20094897274943824, 0.4871482163311541, 0.12703756828694446]
Bias: -0.28384699088308163

Neuronio Saida 14
Pesos: [0.366512441155456, 0.39624719024715005, -0.45910791832735465, 0.4643268882626934, 0.028598113291123828, 0.0900039002104106, 0.12442779000996729, 0.461217980890942, 0.387717218287728, 0.139798328040602, -0.10589167344462891, -0.4511841651705367, 0.4780017860689022, 0.13289075081909274, 0.062184460389849705, 0.020644199880342384, -0.10694481761984975, 0.10026980699772658, -0.026606858618414275, 0.11180272746987296, -0.4186175195309625, -0.029849427927876815, -0.3647035490449029, -0.02629884437517871, -0.3543097923359342, -0.1737418563005967, 0.14416113688634158, 0.4238439511543607, 0.13604039558954573, -0.05411590800498145, 0.42294323878794526, 0.4514303029107778, 0.4184800033076861, 0.2224745002304439, -0.2750386276174016, -0.43506207958326226, 0.34735054947066346, 0.3376471417502763, 0.11757999408037767, -0.13579257398839972, -0.14228603097806214, 0.15790877195936437, 0.4102974980064632, 0.4411317304562169, -0.09903745273753983, 0.2694662204871824, -0.05827021197176707, 0.42808139528337286, 0.3039475000781391, -0.2982236455002957, -0.3870062404843021, 0.15882303626270122, 0.11160678908479604, 0.2901889291247013, 0.11117236403643416, 0.39901734236016495, -0.12052132300853136, 0.3379662140674643, -0.33732931457296034, -0.24254665095480754, 0.3851902494321393, -0.40973161681458214, 0.266767043340443, 0.053902327553792095]
Bias: -0.13109755120951572

Neuronio Saida 15
Pesos: [0.17681959744002484, 0.07862844197947705, -0.13624980055090408, -0.21478494795215586, -0.19191517234215416, 0.4844851701718731, -0.09039172097451287, 0.4209376717261435, -0.4455831943179065, -0.13059417255384675, 0.42677562510962963, 0.08240141493837172, 0.11546011586829652, 0.3822095400605764, 0.4566381951298316, 0.25607384630809205, -0.21149331736255217, 0.10557012398878207, 0.4926833574388174, 0.2889779344712208, 0.18736182242032373, -0.2945299151112345, -0.16359942933451055, 0.15290725357933088, -0.2564166772089297, 0.18705632087137025, 0.473811260827828, 0.32242533761109904, -0.21289486862525442, 0.24398257103664012, 0.1886735401422256, 0.15327707004206104, -0.3547630812854803, -0.4784926853941831, -0.356764522298618, 0.0032309656002899034, -0.047475071601108865, 0.32018318102058785, -0.16984557744539241, 0.1393765749369429, 0.18395066014560701, 0.11514530727649086, -0.10964814367936915, -0.05649273940191668, -0.0449535727325292, 0.2956894065016308, 0.13073061777484274, 0.4652147329178473, -0.37182039726855987, 0.3617023336232079, -0.09214242544657214, -0.39336632753880496, -0.053970812656402356, -0.1954541819867841, -0.3373759350434028, -0.05391347243575584, 0.14741824202552345, -0.4163824657085111, -0.05916269898756921, -0.08287077075840166, -0.09451054296834216, 0.3491154225840183, 0.24945883802929336, -0.05106476654558201]
Bias: 0.4076342168488828

Neuronio Saida 16
Pesos: [0.3666182611865132, 0.2197741260970698, -0.15306861420072237, 0.29301796476489284, -0.13143439626834819, -0.15586647186765223, 0.030657304897403703, -0.10054835363827719, 0.157811012316441, 0.4449782492302162, 0.34027415568917996, 0.159388374679293, -0.039418985931265804, -0.18010266436360278, 0.18525421398798136, 0.48810578242141445, 0.40647363449930074, -0.2917201338043275, -0.11881119472260915, 0.4330065425091888, -0.49958219761541556, 0.14907352964447806, 0.4703263677387689, 0.1466466114410746, 0.41409865243413446, 0.47148950763707953, -0.1799622303701519, 0.41546929604916416, -0.010629635751684519, 0.2695399421019451, -0.3425519241625219, 0.020739604770930065, 0.2490915403646049, -0.15388909054921118, 0.049380618477586014, 0.2622568230067601, -0.12484196014972937, 0.2375117887829984, -0.36067013843740814, -0.3945214064762369, -0.3085324501428661, 0.05266327991839326, 0.14898871809468395, -0.38379144817690625, -0.4834598135575452, 0.0063356167799581975, -0.23059414671864875, -0.4101591044165157, 0.38285727978223216, 0.3727805120485582, 0.0963265085786853, 0.21956750011475945, 0.05942514909748853, 0.2564629610868221, -0.13967873676725984, 0.48555127979029933, 0.25005946479923646, -0.22656070779527826, -0.29680091164977906, -0.035277700047142035, -0.10919326935917872, 0.08896877627569577, 0.3752175236743466, -0.04231574405361771]
Bias: -0.26432009578819937

Neuronio Saida 17
Pesos: [-0.13029000063442708, 0.2956112991105856, 0.0886616760418375, 0.45190389748972204, -0.0591582810205703, 0.17185032423635582, 0.41628393741469305, -0.3945982342761316, 0.002791548215949846, -0.27409695840796544, 0.28333664364957856, -0.25027543743764546, 0.4256157192038571, -0.2075736218358799, 0.23584555693113807, 0.37982046245175327, -0.33392257456447216, 0.046764566770783, 0.06484805263837534, -0.23538773190165685, 0.14283336609469388, -0.23823243650420411, -0.07880856183908935, -0.11692544381707648, 0.1704972296521685, 0.43690500387917997, 0.04620659620323364, 0.2544450867316528, -0.35455499868467666, 0.3634154372633184, 0.06367753647296015, -0.03913925448173716, -0.09239317070758091, -0.03626748926641998, -0.27520009477164487, -0.24310841484748513, -0.3138870315759562, -0.4804550217637108, 0.28275433516857507, 0.3513191227016397, 0.25487026301888627, 0.09197600511069304, -0.16742176635511918, -0.36002793870205274, -0.1813791222476243, 0.3595279868001797, -0.43854531074358616, -0.23101671135221713, -0.3122458509481957, 0.3623142362248588, 0.02115473181016503, -0.2707297806750564, 0.33427202771654185, -0.07900826799240379, 0.4367221203272018, -0.2529626309846944, -0.34093367891511694, 0.1828960168552506, -0.1603771005143202, -0.059168130432897814, -0.03748375300605611, -0.24660494600075, 0.3318462639036347, 0.3385187547840167]
Bias: 0.3965669831608748

Neuronio Saida 18
Pesos: [-0.48803051696320665, 0.1933011349192647, 0.4959666498070693, -0.4357575081664401, -0.36381767267758436, -0.48093326290557137, 0.10455326419641531, -0.30737729623489873, -0.42308206549155425, 0.36633935012312124, -0.4545661336943776, 0.2863435612827123, -0.14794938204573405, 0.23615375722421006, 0.32748550857430414, 0.05605145590468341, 0.25709442359389545, -0.4543591582936093, -0.2764738977293787, -0.27800122551824846, -0.006416218210405944, -0.1978536707516687, -0.41441175105160166, 0.26179640428589435, -0.16802834253237842, -0.3613094499782148, 0.06461453209738921, 0.45768985682490615, -0.40815824209630724, 0.33534786354273816, -0.187620286370354, -0.3641613937455431, -0.4748514464493986, -0.39358752382657447, 0.21879829644425852, -0.18144991425570323, 0.08121348467286393, 0.4694272123462492, 0.01486558561805229, 0.17663683286215048, -0.29810035933258483, -0.0005233289227069005, -0.23164016985272884, -0.04558237133666254, 0.2100736442497968, 0.0929327721513814, -0.3420389427419217, 0.4267288636411647, -0.2683643728170215, 0.17191467420855244, 0.2368792184635513, -0.2576240464654108, 0.3348152339697861, 0.3694814450866243, -0.15172829477273764, 0.22641786257749164, -0.09406827213427005, -0.007525316959674844, -0.08291362887245779, 0.29564937101609734, 0.22046442124370413, 0.0010886729074691681, -0.4536873178546007, 0.23033672686536144]
Bias: -0.3132379523639647

Neuronio Saida 19
Pesos: [-0.42471899107782485, 0.20055512532714936, -0.14017813610282803, -0.2341032606561705, -0.1959519872345813, 0.4176390424732076, -0.2349410509580544, -0.24076884706846657, -0.14163541806297175, -0.3537156573273842, -0.03553446232424862, 0.3005122743108286, 0.42063314213549374, -0.45818990290984174, -0.13863704126523435, 0.10842231718605111, 0.19808485378935237, 0.3524413572505696, -0.37572751410199723, -0.24288262429852203, -0.30634276835278096, 0.4236605641262847, 0.11236716375143652, 0.2223160014222928, -0.03081316465308548, 0.23431020195801633, 0.041904592518932304, 0.2749618210256154, 0.3037783313015001, 0.31123933120526026, 0.3874391613056324, 0.1585939413897829, 0.12398323717447801, 0.09815718682665253, 0.08315919750112999, 0.08857695764920515, 0.029663460761612304, 0.11519253295190757, 0.05601933172567242, -0.30775486575025424, 0.37257226620508876, -0.008568043657391389, -0.16669470241126894, 0.062271151646236755, -0.22020894792572765, 0.12177371594724073, -0.15551638113766675, -0.4173565247812072, -0.4603360442703994, -0.16900869921437367, 0.08372921615634421, -0.33381703780804506, -0.4128030096347822, -0.18354651149400847, 0.35863197005573766, 0.12247647193191724, 0.27221447797615206, 0.21466344166450235, -0.3042207173624413, 0.04870417739088284, -0.38723945217081956, -0.11163063660495698, -0.29180065839892544, 0.40713825724198816]
Bias: -0.4909495560366186

Neuronio Saida 20
Pesos: [0.43129618801789826, -0.09182372802330396, -0.4814379914408685, 0.15614429446540934, 0.22214609539381658, -0.45590819313443776, -0.046210571619977325, 0.3861911847618724, 0.11715931676430347, 0.08691169831589418, -0.024931354996602706, 0.17323611080006995, -0.0036813377963577087, 0.0859961430522479, -0.06363115245100925, -0.01638622813964008, 0.38511711240012414, 0.16561743233242276, -0.008232444719322718, 0.27570589528568346, 0.13879732156104518, -0.29251182806491893, 0.125736792478779, -0.0028425567384510186, 0.2974482510642755, 0.3284285994427336, 0.30368868782716807, -0.29256706643131647, 0.20997627821679987, 0.15002151161111277, 0.1905459763051175, 0.21614305111032162, 0.3072503904809386, 0.07666932139676286, -0.4366064238168176, 0.1757877817167931, -0.42737013100792065, 0.3311445773203189, 0.4442486933614638, 0.14419262247292874, -0.3845222745897541, -0.37101685839063514, -0.3947071506033655, -0.055048815988058886, 0.15225164816851877, 0.15377857925967486, 0.12976335300265884, -0.2637471278654161, 0.28423398020428625, -0.26982523673180925, -0.3462809610322536, 0.36338654974386486, -0.14674310349026976, 0.22657474380519016, -0.3868666611366691, 0.24883908001941513, -0.05300800005154782, 0.42360527483744115, 0.23281911709186565, -0.0762576164237202, 0.3747881167373215, 0.26245136743307895, -0.20585666410316916, -0.39564160859663877]
Bias: 0.2629417014341966

Neuronio Saida 21
Pesos: [0.4674196448742045, -0.16260386742881694, 0.13876898627669654, 0.46902868298728484, 0.3452469243462608, -0.28203882996834495, 0.47882114111731655, 0.15621346427863336, 0.10680012659745919, 0.4873854830921084, -0.45058878374551015, -0.34932365131747456, 0.18653389983235547, -0.33330385070691126, -0.16578976452941296, -0.26191456526489143, 0.2524453259221304, 0.4089074056563624, 0.330159655651574, 0.2114548548889813, -0.27277629393503, -0.15307972778915868, -0.31373404898753954, -0.3758866651465359, -0.24125123515856794, -0.03619260772910893, -0.4200534032014315, 0.41669560780044157, -0.18288300147109304, -0.213393849721911, 0.40947284247082194, 0.4305278192886285, -0.4418840960949787, 0.40371428734408465, 0.21955758934530045, 0.008555177436259997, -0.28456315652516295, -0.13823706177539097, -0.0238064185018394, 0.22224977926260292, -0.4478975351515927, -0.3990593823599934, 0.3581450213004461, -0.4295008830104535, 0.4350854525388058, 0.08775308638880386, 0.13232378868739092, 0.49494916471892525, 0.24118717150578428, -0.2577742460062711, 0.045247975734688195, 0.3393387476667151, 0.021547312422523612, 0.009085692334634299, 0.42396955137929004, 0.11072256504438205, -0.39714049481810465, -0.3423665888248788, 0.23381882859859693, -0.2508967011679444, -0.37446438959001593, 0.1959216141103437, -0.2400560481197962, 0.02639907668675956]
Bias: -0.06110459159560422

Neuronio Saida 22
Pesos: [0.3812877581789381, 0.02806041640475665, 0.48577744594825845, 0.44874811414592874, 0.46201491411241913, -0.46256972325821266, 0.2261320598529103, -0.15425798007559754, -0.409799167378864, -0.42519302503215095, -0.00029569411737873086, -0.39813610855575654, 0.4872210571906197, -0.23350505920678222, -0.24900625770036433, 0.17433144351656205, -0.3122665728985097, 0.30796588580841366, -0.4176505361928725, 0.05294686460333031, -0.08168953698654835, -0.18197707604711122, -0.42831574283316076, -0.25711163049797914, 0.20217901809230787, -0.16421904410064814, -0.4584608304757507, -0.2260282393433648, -0.30392179758889604, -0.04051349865564713, -0.13492503218732244, 0.44219758658209907, -0.15357714742452178, 0.2523876233037001, -0.0664903282784104, -0.05867249713788536, 0.31303475886921084, -0.3708770775653669, -0.2327384941419015, 0.28256866577414774, -0.08269959820040929, 0.3137314534774124, 0.4365620908821648, -0.4110369361868471, 0.05541111984231517, 0.08139828684735684, -0.28329923939360724, -0.446985681423652, 0.30425670517358394, 0.2663757614859963, 0.1460508597798449, 0.2020391219066654, -0.22725757395844426, 0.05294721457353013, 0.24759418213942186, -0.2755975344533578, -0.13569644801702263, -0.07296276600520368, -0.3847415236567844, 0.23184085600120607, 0.2704163725560307, -0.22128200753628613, -0.4158533380702547, 0.41084164912167]
Bias: -0.4357358810936359

Neuronio Saida 23
Pesos: [-0.11935057216867673, 0.23923625653796798, 0.12487887823323651, -0.2784209580408792, -0.33591924418819885, 0.3429025982445594, 0.3571959253032404, 0.15988239818653704, -0.4384254304700439, -0.03900759293194944, -0.16741116120578614, 0.3941849563568317, -0.19684832197913016, -0.3561599399859502, -0.17484891134718916, 0.4696317559862422, -0.1543452335922647, 0.21627908041427857, 0.052843740344450496, 0.23017603290608113, 0.2701019368571367, 0.11703658451183341, 0.13688724165174204, -0.46556688235626953, -0.00829139878299956, -0.13422754332227127, 0.38169382056009915, 0.06535906940292702, 0.36634246258006187, 0.0564516724183215, -0.49193468567286214, -0.2847057736086641, -0.4549358660263305, 0.06604740716396751, 0.10838313214459305, 0.3829290087460606, -0.2619704097340462, 0.27692883018178815, 0.029827490528614997, -0.1591626248875322, -0.15548818321391966, -0.1747911672862944, -0.02804846203572242, -0.27835068838840893, -0.4062386606748086, 0.17353944233773, 0.2074842896540019, -0.3544749142878162, 0.35837239315597313, 0.05588727356919454, -0.1853040767322407, 0.45967393389963795, 0.0006549486501297164, 0.22461679235395093, 0.007908625921129397, 0.33621325434653193, -0.22008220873017303, -0.11200650429823222, -0.19646624399691992, -0.4658897258570388, -0.34323420027948925, -0.26164749614669025, -0.4392645480935483, 0.14544461615138293]
Bias: -0.09229009054299053

Neuronio Saida 24
Pesos: [-0.3286029648771285, -0.17077809535110178, 0.37482302593025163, -0.18345871567733818, 0.10840225456732577, -0.09469437972855987, -0.2771584612751984, -0.13490841461861247, 0.49732327909659346, 0.16687256701175646, -0.38544409039658434, 0.3832452212153734, 0.01995314428506678, -0.01942268989882656, 0.09108533955901188, -0.2893542779201418, 0.3724602654763439, 0.4914833246725345, -0.01995580896091298, -0.36797162156227026, -0.28885953293523703, -0.021627312814949895, 0.4350664221554065, 0.3089314456133472, 0.2644285364809139, -0.44154758119304105, -0.45999765263797787, 0.12855040535260864, 0.4871644584573469, 0.10724552737114257, 0.300707449462717, -0.030347801511703243, 0.14165176946484914, 0.4818010912621693, 0.45075909510838585, 0.4931324723599956, -0.057337304629907826, 0.21834100994344485, -0.0027636512840628624, 0.2368263391105433, 0.08709577707530525, -0.44761165829065463, 0.42108485261757833, -0.03706012759772315, -0.14858595939428698, 0.3198637560340034, 0.21539684056590536, 0.1682948584596513, 0.4447710799694854, -0.39776846966658863, -0.21801587396090494, -0.31286060565913665, -0.4526549107276081, -0.22576754652699538, 0.26838950635328884, -0.09071192476004919, 0.4178080334984212, -0.058238364858247404, -0.43918576965941525, 0.45123597633364376, 0.45560040790620726, 0.17253570987859257, 0.4322264308351196, -0.189897605291365]
Bias: -0.30858457625331026

Neuronio Saida 25
Pesos: [-0.21334230636836238, 0.14948011997237054, 0.0845088626714775, 0.1923386168870006, -0.2189617012186741, 0.189524919859842, -0.4953263723920882, 0.05393861924454035, 0.3955337649146963, 0.12914412856428048, 0.16388144463197096, 0.3673140757915021, 0.2957106447426391, -0.07342745354713709, 0.48182148510305545, 0.226646382004842, -0.46798780700235554, -0.34771313504905466, -0.44313338105665356, 0.43076229016224254, -0.1426500713378107, -0.30355919415694077, 0.26144248603765907, -0.019454491746794256, -0.06701374644697056, 0.1448196181127377, 0.380210059278137, -0.37012901360708983, -0.17152953804010185, -0.3063436969828631, -0.3587824824199365, -0.437438248761856, -0.16789519348866688, 0.10903543115970837, 0.02559081718389311, -0.23994116574103752, 0.06784192866706606, -0.26443558165631786, -0.34009800158626124, -0.11464553319189175, -0.19562535340824494, 0.46010865548648827, -0.426802785356576, 0.13535515698614953, -0.2701575655516667, -0.13145391807100426, 0.2838296123570876, 0.3012303165942012, 0.19351914199307496, 0.34978329153480525, -0.12157193769883312, -0.030694663477920603, -0.23789935427855669, -0.4543668339987035, 0.1431034530512041, -0.22543278962966307, -0.117876637102038, -0.14016246404484412, 0.4437591336172434, -0.1690988361588196, -0.1824387823479452, 0.438449131403591, 0.40326279998272163, 0.3446331099255988]
Bias: -0.42883167189514826

