=== CAMADA OCULTA ===

Neuronio Oculto 0
Pesos: [0.13942679845788375, -0.47498924477733306, -0.22497068163088074, -0.27678926185117725, 0.2364712141640124, 0.1766994874229113, 0.3921795677048454, -0.41306116737058385, -0.07807818031472957, -0.47020278056192966, -0.28136202519639664, 0.005355288103362388, -0.4734640303161364, -0.3011623493133515, 0.1498844377795232, 0.04494148060321668, -0.2795593779593033, 0.08926568387590872, 0.30943045667782665, -0.493501240321939, 0.3058192518328079, 0.19813939498822686, -0.15974948348200813, -0.34452050018821845, 0.4572130722067812, -0.16340545488737324, -0.4072541566198521, -0.403283623166536, 0.3474943663474598, 0.10372603136689107, 0.3071282732743802, 0.22973178669381789, 0.03622809145470074, 0.4731157639793706, -0.12146562279164652, 0.052040631273227, 0.32940466425299486, 0.11851975236424606, 0.36170690031077724, 0.07735214525676204, 0.20457183621492347, -0.4541756163443378, -0.27210172434845314, -0.21061203639789283, -0.4202080230763725, -0.2672091136389698, -0.3989985705902709, -0.22202639688990788, 0.13568444426440018, -0.13516782102991576, -0.12981903288311736, -0.2904929692285123, -0.23302217795088664, 0.436654587712494, 0.14803538524659354, 0.10913100566698819, -0.328861351801903, 0.22912679795034918, -0.3365975062380716, -0.12054455824235222, 0.48952335063659524, 0.13999975985409285, 0.05694974377464623, 0.1846142509898746, 0.3428519201898096, 0.2759999115462448, -0.27095192803589563, -0.46789975609596224, -0.18454695194091808, -0.23225912402429727, -0.28901715641367354, 0.44290971433505444, 0.37636762647266886, -0.18532211920152208, 0.15543866529488004, -0.10436809893933574, 0.4145475897405435, -0.0411481474126012, -0.23511983350194754, -0.25337249230601655, 0.06136813416315079, -0.23725839147706473, 0.08458599022354052, 0.397822883602477, -0.10059949485960273, -0.28067924084271667, 0.49753760649511025, 0.009526293676464515, -0.4090905878262061, -0.45288362457526543, -0.39035086964934085, 0.12744604170309004, 0.2920793643629641, -0.07784003320031596, -0.43647229384804287, -0.11838071349346324, 0.4961213802400968, 0.029114345099137018, 0.47107837761361815, 0.36077970223449807, -0.48851897805718036, 0.22072181936019464, 0.18171036902657478, 0.03697033040879516, -0.23317481004745721, 0.14096179857980806, -0.38844782640412356, -0.06523474933089501, -0.046276293670793556, 0.45381592752108013, 0.37585294037819406, -0.23661094924890924, 0.0005861130502983203, -0.32134811946986863, 0.4126278393448205, 0.3705185698367669, -0.2015552085513671, 0.13894949486600516, 0.10897021143817232, -0.3471607314503652]
Bias: 0.26251080007515126

Neuronio Oculto 1
Pesos: [0.039379030119625735, 0.2786264786305582, 0.030353672195177483, -0.4994281038720565, -0.1758439429953269, -0.4805232576141677, 0.4290986162646171, 0.3787218778231842, 0.33166552936117943, -0.19248587459733857, -0.44207483350581245, 0.37800959920404054, 0.4469494452979941, -0.4143465479321212, -0.014009536683386226, -0.4307874815316164, 0.26060216525723157, 0.26583442930698775, -0.3716085355002372, -0.024717621901268694, 0.0498035934949439, -0.2349433710599409, 0.37243304108525743, -0.07686205979911309, -0.28820179455791795, 0.03929608877945834, 0.22993106908997618, -0.2988489366103041, -0.18828370869910505, 0.49514935666089466, 0.1498780576394535, -0.06189991608549594, 0.017575841035590622, -0.3789958041317343, -0.27530266296844264, -0.16191443785254467, 0.08830871845723332, -0.269885267403423, -0.2797826155484405, -0.42900691399096746, 0.1311029572700989, -0.2710582161888456, 0.40542001300612796, 0.3596354002537465, -0.42914265011134656, -0.2619953656310048, 0.16897777829628058, -0.2857631926295614, -0.367688151274975, 0.435514240580671, 0.07104309332528447, -0.02732897368820586, 0.2846194242907534, 0.3074969977666434, -0.3095900856381223, -0.4030691857711767, -0.06894881759362248, -0.07642137698007923, -0.03297533196332503, 0.2290758494598506, 0.17336454729330153, 0.48416521136596613, -0.4015821288480411, -0.09737871789773123, -0.16069739460503685, 0.36167253635279106, -0.25134366607971437, -0.3097910915591885, -0.0513864521668681, -0.07811836016559581, -0.22145485533305953, -0.2501935521178995, 0.4232655992760128, -0.056869254946543046, 0.3613491047618306, 0.05032531244984806, -0.44941167047511876, 0.4992824684127266, 0.3360275850799519, 0.46899625728475125, 0.4263669830081276, 0.34869573441430546, -0.333688889396086, -0.01435887454928153, -0.2862527008008183, -0.09895970745054739, -0.4413646000278211, -0.1210268810230839, 0.48530884377972594, -0.23479694182784805, 0.28407060194856937, -0.044991632660856706, -0.07699251400983709, 0.4573176408596732, 0.49542268949271384, 0.055768323405618214, 0.218408275296326, -0.34520317472593587, -0.2032921745054358, 0.4687093649691588, 0.07918029081625622, 0.04219520137427424, 0.2479755603790641, -0.4428347270925169, 0.08417759445897122, 0.002850382919513561, 0.35271989204828536, -0.34256727206051674, 0.46077890327445037, -0.4198885347594131, -0.3141750390192768, 0.09503510645002766, 0.17521255360409016, -0.2647961049990688, -0.3801133860528758, 0.3902873141294375, -0.25378465221137514, 0.0945191535334412, 0.11938151033210309, -0.08077508466412753]
Bias: 0.08367228929122472

Neuronio Oculto 2
Pesos: [0.022782715531958875, 0.43470625773642724, -0.29574080057646357, 0.2161918007894148, -0.261314047384154, -0.1042141532087455, 0.17169022295997127, -0.20000292020123778, -0.18382280372814597, 0.2518644924144021, -0.4274568855068427, -0.04171447738141387, 0.49845444085444235, 0.49609644785509444, -0.426739278900367, -0.2868456877329596, -0.23479958524959865, 0.43325937799370906, 0.38086417368643954, 0.3792702424845428, -0.13047291126111604, -0.34225316764276803, 0.333744954639807, 0.20353992508737095, 0.11167776572595012, 0.4872330636315043, 0.1539763177107326, -0.49217689284784205, 0.31710413511546165, -0.2006212478000221, 0.16338871496607732, 0.4389300039271039, -0.3657088856066323, -0.3845713295808978, -0.39296402229058236, 0.053223640884815904, -0.22765178768518368, 0.10482982703022392, 0.21761218713879793, -0.29640268767254707, 0.13423795888507972, -0.2360160983695906, -0.011468147850623445, 0.40533649107932324, 0.34610371329485545, -0.4077015322872666, -0.07642422743627364, -0.22331977602774833, -0.4964543109122177, 0.2711192230196271, 0.13711337730137962, -0.2380447375656518, 0.24123090834793082, 0.05168042112639126, -0.07231308101932066, -0.49033030039166003, -0.42475613992623296, 0.38310639330014296, 0.40392857155989315, 0.04559028920552233, 0.3345950198860167, 0.08250956648979402, -0.35190621443251735, -0.37255448071786124, -0.19174165006986632, 0.39898148874259, 0.2961223048880417, 0.36070258200090277, 0.3989246365264746, -0.28992346166024596, -0.25047026077707557, -0.39720637832821437, 0.2801162418714427, 0.3841347014510089, -0.0936226101678832, 0.1206615101507128, -0.34544666166779536, 0.42988101569367443, 0.36460569621996397, 0.47620603293096286, 0.3107717199403969, 0.3814162046633244, -0.4752136381018113, 0.2365644717550821, -0.16781453205357133, 0.43081588604832555, 0.30223513893713894, 0.3640640283752794, 0.310749316574389, -0.23319429040552797, 0.28737450913547113, -0.3919043735970429, 0.37216678290608973, 0.35859325133778164, -0.27756628245433557, 0.31658660559692897, -0.039696765321057925, -0.19480913266139943, 0.2953454991528618, -0.27240451259222964, -0.4763355652985485, -0.30687021167229134, -0.17173804880229349, 0.36435294203028634, 0.46688910404836115, -0.2208750072781286, 0.1414817386076277, -0.10032161563993913, 0.4811496871982601, 0.036215732478721896, 0.4392371403247157, -0.3846582481485724, 0.47040061102222797, -0.32143218382753636, 0.46253431576155546, -0.23453363747703138, -0.3915974527852889, -0.06543624143535565, 0.2285450606527043, -0.18632268580500877]
Bias: 0.10620885330614327

Neuronio Oculto 3
Pesos: [0.011423059669478097, -0.11480456665527283, 0.07658804349659953, -0.24527749386141806, 0.2087852838341706, -0.49830872178137053, 0.4255751654990827, 0.0384519970927919, 0.2194299991448455, 0.24195007783947653, 0.17062850443299948, -0.13577852821873582, -0.4300261888736898, 0.16423768491127233, -0.1697999639574036, -0.18608435494164033, 0.3480152795063355, 0.21975426301395018, -0.19967773178873582, -0.19071533779134675, -0.09160709138078316, -0.09759961294227537, -0.20434479747405299, -0.3727122009408468, -0.0795536662270917, 0.440363670730183, 0.17731794527273292, 0.40280554573258265, 0.11551491595138053, -0.19905012543443468, 0.04793721313569821, -0.4995940603027125, -0.2130862831310728, -0.0701118500101654, 0.07998478119568198, 0.15470562370307162, -0.03501180975298579, -0.05784020069519258, -0.2862985990108997, -0.026813814090673738, 0.4011808258282542, 0.29602476012678025, -0.33030860380194527, -0.41520446327487825, 0.015452009915216447, 0.13294085576579573, -0.1648117445901991, 0.31842346453666426, 0.2511381375407322, 0.17279567055716705, -0.27535933400271173, -0.30087006727342336, -0.47557461227317366, -0.25515745592164985, -0.02486365578119487, 0.3497376946247319, -0.4271717708154309, -0.08555898900228065, 0.1297653807377137, -0.3055647632602907, 0.19635425049050492, -0.005622830989563066, -0.25601556042156115, 0.15605801111178408, -0.49445518186196824, 0.2509644766184729, 0.27004618857402507, -0.39341270343646106, -0.07485380605726588, -0.32411331829346834, 0.45796604227953974, 0.017957750443740816, -0.4497816148593591, -0.25080172034002834, 0.34833634735165975, -0.043538174529827445, 0.3014166017222645, 0.1675777325863531, 0.487892453066448, 0.0954523184694197, 0.45003960844315594, 0.391425925810437, 0.11265232276176285, 0.2192739612759671, 0.004778164824401965, 0.33056916972141503, 0.047871950610828384, 0.39720810323326217, 0.2436554421595849, -0.025325563176946675, -0.24080845153498065, -0.25276026249034045, 0.13766143677615628, 0.26581368429716545, 0.0212998128279821, 0.1267484369817813, -0.2254025530824617, -0.4225166461352642, -0.2142718491368475, -0.2282848929178154, -0.1802904315812377, 0.040152222518456404, -0.3616259384838443, -0.2687385202718132, 0.19394981229905228, 0.20641914169455222, -0.43577114928612193, -0.09240063033341328, 0.042611140503915346, -0.08422576589684405, -0.29316561048558976, -0.07985648222657438, 0.40483847834017694, 0.08407941420422516, 0.19552298649796807, 0.35673203230393424, 0.26559457611806947, -0.11961897107228836, -0.4941039164160069, -0.1482411973281753]
Bias: 0.25347512505938585

Neuronio Oculto 4
Pesos: [0.3534479505691046, 0.4534303384701063, -0.08097871737017814, 0.24751566897805077, 0.04613230973383908, 0.10325258894124134, -0.2794613056761811, -0.28057836537856384, -0.0641640239533634, -0.47097518005328476, -0.16387045630161756, 0.1791418850283497, -0.09568333086236291, -0.3349552687964912, -0.03260985076768985, -0.3723722027188393, 0.12225696097406469, -0.4730335480948623, -0.10597974366029528, 0.06439198302477411, -0.47289795365968756, 0.14274964800933576, -0.36430051276943576, -0.038301555948488275, -0.44971536651137245, -0.12089613581186043, -0.28833971578851847, -0.17315419511869146, 0.2612297078940271, -0.12087378443586372, 0.25200982355478485, 0.3319242851552726, -0.2477284682176194, -0.41809376723835745, -0.4806167129499893, 0.0394190479225337, 0.49990782850920923, -0.15003965627981608, 0.150144093249875, 0.2812330496108949, 0.15175465524388942, 0.2542332040595262, 0.44961173271598887, -0.3006393176374671, -0.47961998267966766, -0.3476176542152096, -0.37377902512579375, 0.16945884461991068, 0.06396958193001911, -0.28203545909349637, 0.1994649712461508, 0.2668980983562408, -0.33221085663219774, 0.10724749389093169, 0.24792565195528582, -0.38546712862110233, 0.31930117431108507, 0.46472077303408765, -0.3919012503423934, -0.474321574502534, -0.1880427556053048, 0.1773472868504088, 0.45817283820589594, -0.10334555848337268, 0.2150147050494684, -0.42400352215694004, 0.19061441593298034, 0.12724239560104444, -0.39809869455402347, 0.272480884951224, 0.3502932390887963, 0.10041161481684413, -0.3789449349326849, 0.4838443515146713, 0.2826353463610196, -0.15279623469155101, -0.07162198676525555, -0.12942912378194382, 0.005960789677077916, -0.15876882513871682, 0.34957562699957734, 0.3223309180900581, -0.3944611293560014, 0.4607875672145786, 0.13558510610144592, 0.3287073110024582, 0.20730864370607693, -0.06451285499232295, 0.23379530401339188, 0.46547373123807767, -0.22991760361259916, 0.30819921880675594, 0.03817290644825577, -0.016502496116803878, -0.06442550699610572, 0.23102621430512227, -0.23160446195077466, 0.35171316001933184, 0.3307310188906034, -0.4133371019443256, 0.38163118400277196, -0.256136560809044, -0.03529153339676827, 0.11033170423052063, -0.12101069587173596, -0.4713000022299104, 0.3509528363124591, -0.3181601428423082, -0.287880149820261, 0.2978323568280965, -0.15966115683571636, 0.3803199797582254, 0.2011837503322016, -0.2237314242438151, -0.4898488855613229, 0.4480625777770312, -0.41438703804197874, 0.2200746641041943, -0.011422153151212644, 0.2581646534824664]
Bias: 0.19060933944652303

Neuronio Oculto 5
Pesos: [0.14590289974095227, -0.009178664921413837, 0.29293286813231745, -0.4069466494453283, -0.27840359952746985, 0.19178715529520185, -0.1937939698699116, 0.08155558533236718, -0.026739511240475244, 0.0309219311457678, -0.07449618729478524, 0.24593543671360962, -0.16920870280406985, 0.20285494218576894, -0.22908357302380367, -0.2485963237990585, -0.3793441152476942, -0.3074157065484826, -0.38044525874494717, 0.03586396538374981, 0.26218960948410297, -0.31485015756233803, -0.2836153601213943, -0.015801412787291302, 0.22458500109305157, 0.4766070228830568, 0.02463686910860785, -0.21700129672504498, -0.39947389190920923, -0.30588242190892656, -0.2725168365174453, -0.3205584563145967, -0.48585163274393617, 0.03413508926766329, -0.2256886732167327, 0.4742949311027379, 0.0533589667986083, 0.19741739291019444, -0.3737205070415911, 0.368461197262944, -0.009121305476221142, 0.3727197349985346, 0.07406421962633225, -0.030603055069489793, -0.05953120186398975, -0.3156363296099183, -0.44862328281642216, 0.44106359676810325, -0.022270812734312306, 0.3221156452994304, -0.09929255774806023, -0.4259178297443602, 0.1294457069519983, -0.44639092570746686, -0.35080241552634484, 0.06283959708456421, -0.19616448815777232, 0.4939181227102202, -0.3815484377885384, 0.26444344532619424, 0.10631765124296277, 0.2907408298434194, -0.2743128629349654, 0.02257253513021784, -0.04948553511124576, -0.057278995980671654, 0.36016666582618007, 0.4900312604667979, -0.1946197556806396, 0.12102732107214853, 0.10963091224513033, 0.240089305484545, 0.447590200325378, -0.29221209417644867, -0.288974804694607, 0.16042813719203664, -0.34294290661912286, -0.3261864516735655, -0.4249351310988321, -0.49732427739711427, -0.049496295382297606, 0.09381119511956326, -0.2087407109689724, -0.26852376544397416, 0.20695582987903327, 0.20298755809371716, -0.045968673592956755, 0.18738492007124274, 0.4239110444825487, 0.28782802664673135, 0.12505800716422188, 0.16118304285336782, 0.43366845844551327, -0.07486103389578835, 0.044562378710578665, 0.14763472340248074, 0.4084114452126061, 0.3266311596500596, -0.42859016314418585, -0.3340772107792753, -0.19238818738576746, 0.2489577220696233, 0.06920704931909238, -0.21138941169415826, -0.3756463418252918, 0.18867799121209372, 0.1997336849757173, 0.44267624074404077, 0.00047217711792557626, -0.006204780654915698, -0.419558148100699, -0.46013921581638695, -0.06797133583922743, -0.17767841664170003, -0.2496320975879961, -0.4086731133690148, 0.4619111021928367, 0.3359586139061813, 0.07519910921993045, 0.4507862778063524]
Bias: 0.49957241687745135

Neuronio Oculto 6
Pesos: [0.17228158430323925, -0.2304889740329461, -0.4597683268553838, 0.2562688304125571, -0.02949917674836644, 0.15150948943368636, 0.4160727879267675, -0.3185108527768741, 0.08532962527785437, 0.13478471945408688, -0.008274197808986639, -0.4087575937061728, -0.15203894370534954, -0.16669160633490798, 0.17013350952118544, 0.3577330944003526, -0.1701963364210346, 0.1936736739834325, -0.21178220463854425, 0.4451935395632106, 0.3135660347379726, 0.05009660897178292, -0.045174091398270555, -0.18548284282983207, -0.17672621372400532, 0.47018472680857715, -0.09582494299925437, 0.014596252329105108, 0.48811921478175413, 0.15766038648312897, 0.04259359435719501, -0.0867524292006785, -0.3124174586054729, -0.13822064084832475, 0.2564431540555737, 0.12540874214500897, 0.25999053606101696, -0.29644176164972613, 0.04921963908533167, 0.4276727608444477, -0.06188390492762175, 0.19825002912217227, -0.37857391663738016, 0.4731468158216944, 0.10887166708196494, -0.26070253767234963, -0.3416218361947676, 0.05083900700266997, 0.052251409053733044, -0.40679079871847745, 0.49225713939521965, 0.41292987848416796, -0.0385521058212166, -0.38253385091044245, 0.33214317376890123, -0.0016244952928047285, 0.2166033259917911, 0.00887201506951174, -0.2265751032867258, 0.3347239455766944, 0.48024463260337547, -0.25626909392486164, 0.05126507688046966, -0.11641398675285008, 0.42186814993156185, 0.008240891592893984, 0.3793262551464761, 0.36402693442858813, -0.22375259717795903, 0.29000618200311346, -0.08505757644865486, 0.4342483936825201, 0.007737675809656452, 0.32054947318557836, -0.21716101671717336, -0.2014441502282328, 0.08693772241416109, 0.49890233322933875, -0.010359653344299002, -0.3514045816172109, 0.038580577703873686, -0.15487605830699247, 0.05191741707081099, 0.04343006295867302, -0.04465538313349893, -0.17822264977096258, -0.3113476262928946, 0.19749842762057135, 0.07179764198490113, -0.2664375539421069, 0.27554447509925883, -0.4563527009026981, 0.2447051515651959, 0.20522788102500256, 0.31140890256487685, -0.11392124750901766, 0.16368882948453467, 0.32074755170955505, 0.48081813865978507, -0.004671350383576467, -0.4629803886544238, 0.00229115013296588, 0.09018042930956705, 0.3697003133622154, 0.37419037405430833, -0.05969379022932286, 0.02595108680756142, -0.04307192552575778, 0.22244382757064263, -0.0900213802536356, 0.1547813264277338, -0.34563878122845115, -0.030509399015268057, 0.4692036305742172, -0.16143876594856832, 0.19270459858688205, 0.1498366525792726, 0.3517652923506914, 0.35234133656589306, 0.3593421841682666]
Bias: -0.11999060247734494

Neuronio Oculto 7
Pesos: [-0.18333884606660034, 0.218717425222983, 0.25940180933436363, 0.3723830173985363, -0.4641009001623134, -0.43157925281844856, 0.13116101685464054, 0.4209290987802967, 0.49742592295621535, 0.24676636673792696, -0.06602852807687432, -0.40155687361680203, 0.13374782878079128, 0.3725792326070907, -0.05632144833829422, 0.19400116279323454, 0.403424062050486, -0.45400903132278725, 0.2961434651622118, -0.2066322240347912, -0.12515891022468517, -0.35443020430060157, 0.03116631814876003, 0.06592806191593681, 0.29251947388095323, -0.3300163509319026, -0.42103164934000537, 0.37083959864485483, 0.11971036853741535, -0.25917020814368696, 0.4128290160235548, -0.35688227987149035, -0.038850086645002446, -0.24602266058645772, -0.24467329184084596, -0.49060256854512896, 0.3046330769751463, 0.401209423598883, 0.17761088569907946, -0.34202437792821305, -0.05827021639618557, -0.1544343755569183, 0.08757170512642143, 0.13893870236001216, -0.07569106153910232, -0.24990177559229876, 0.34530392514259867, -0.30078300089110765, -0.11530675103265453, -0.0167919389407839, -0.2627942980724254, 0.07192269235073889, 0.07481193017864507, 0.49269204362689756, -0.20476924611673064, 0.47794448457686267, 0.15822981592868068, -0.22551961982177227, 0.06592901695569897, 0.18579949273401208, 0.24466884116532517, -0.45095574922400006, 0.10640649307647454, -0.003272713476129674, 0.40415529089372537, -0.21380584854080553, 0.2988601195075987, 0.10706499816426596, -0.14767904416468347, 0.13661787800589187, 0.12089116313030412, 0.17776445862335943, 0.22092837667070897, 0.1591815403167537, 0.33833711696251656, 0.12824810368689832, 0.4034037040729679, 0.1463406088905228, -0.19106711604736393, -0.05917680983718843, 0.07957380536840275, 0.2323597679392383, -0.40986662425378106, -0.20488954837084472, 0.24748086493837151, -0.32435992955569337, -0.36784020225321645, 0.03940775898442106, 0.4714895812113399, 0.03085237370278504, 0.4134869744816969, 0.3304726195673974, -0.2430299154367377, 0.32468981254240725, -0.018152170126258804, 0.3064884937937665, 0.24655935071704504, -0.16128474619811373, -0.3848302925502406, 0.4628932928688776, -0.35924298499411733, 0.46650020946275206, 0.36014059689882183, 0.2242167120755182, 0.47994224278190345, 0.46726974730003235, 0.30458764402056193, -0.13422495059443362, 0.29068196858893747, -0.4860813448990988, 0.036572308269059106, -0.045213972266125335, 0.1728283818737536, 0.17234079735101315, 0.08456009165216605, 0.32241730122677426, 0.4402918917795542, -0.3916538978007693, -0.26617809778841683, -0.4749753503535177]
Bias: 0.3842348452148522

Neuronio Oculto 8
Pesos: [0.06140738224987885, 0.41525590874315943, -0.27863279992601, -0.43678295883980456, 0.32385535139044763, 0.40938763842789205, -0.19780982547074977, -0.09170414420458728, -0.3602229874927789, 0.44626153288194625, -0.19563541564399478, -0.007375381021794136, -0.4028080013781784, 0.3872593085285023, -0.3643359512936635, -0.04635624311110742, 0.17048621885017123, 0.24314012152317155, 0.4459740857794321, -0.08087324658527717, 0.24226901476531582, -0.345477097590165, -0.08511547256319307, -0.4009783652894715, -0.010652962210385475, -0.09188411430229948, 0.4515215253810595, -0.4672837131449531, -0.1294700412655646, -0.05661691393929835, 0.45055516985142696, 0.3554501933059546, -0.4006453753938697, 0.18568026548128536, 0.04446586148214493, 0.47784252945204675, -0.14132615878768207, -0.10186035725562692, -0.31019143783892045, -0.37784028091273625, 0.34803318846368103, -0.045282631429482856, 0.162768738061978, 0.1417044672332176, 0.09714595951954508, -0.47864254526362937, 0.28679459045461675, -0.25643110283597637, -0.3740761146919571, 0.06457797590796333, -0.4313898471756441, 0.26515737588858446, -0.2928426296533415, -0.28404864808132524, 0.3696954267695447, -0.17144044656776958, -0.3524458200585563, 0.4005310356317582, -0.49716444851998365, 0.3584061263801763, -0.355312019679492, -0.3700078685565632, -0.24934580327187617, -0.32550287909860653, 0.1610576425973168, -0.47421985021380164, -0.48513967276929115, 0.2899846642347539, -0.26206839390953696, -0.17622853803797756, -0.3257537985938228, -0.4476009821388235, 0.2417180569541495, 0.026085526597867115, 0.2456652750339957, -0.02375403457674974, 0.27801703931420274, 0.013237957609191664, -0.3909459899961545, 0.0038386897858213587, 0.4454156429701063, -0.4566349631008283, 0.2832269959803796, 0.36698090775983827, 0.021451214713084088, -0.04195747790231796, 0.4640261831220287, -0.4391745925054942, -0.02101808900163671, -0.09838274548743953, 0.1860974960622327, -0.009731145855774725, 0.4097008291152293, -0.4265092842335495, -0.4192095225892081, 0.10829742363343997, -0.4343177666798861, -0.2249840004420468, 0.13307672430101547, 0.04835643404836054, -0.17481455668133206, 0.49462775586092356, 0.030556837431324535, -0.046284582424528375, 0.10542679153531287, -0.400821538320958, 0.20177941854606618, 0.35279273729557503, 0.1509166648813054, 0.2689627301047386, 0.22083991665759917, -0.2849769336725031, -0.04844508403471848, -0.2715064256354156, -0.1610683811648248, -0.04650109709255268, -0.08401034973850474, -0.40491416072436914, -0.073235993739042, 0.1651078630603089]
Bias: -0.12569897656446316

Neuronio Oculto 9
Pesos: [-0.34736107523127624, 0.4229850357343844, -0.43286669186335225, 0.3317718884748545, -0.4067698982963226, -0.4034355674342144, 0.2387959984887157, 0.31176928527739234, 0.05637073561535011, 0.08646508273947695, 0.06158641399207243, -0.17035401858379495, -0.3777687146454407, -0.14640192036623234, 0.16534052000291544, 0.25028425025147827, 0.36809214886906494, 0.22106067874614943, 0.46839862531147447, 0.10041009122467703, -0.14835381430685102, 0.07791851838985486, -0.2872611943279939, 0.1567363029881521, -0.2757551308924344, -0.3917816180727334, 0.3453734186013451, -0.13243894938464984, 0.2626056319368497, 0.07410000433146269, 0.3072213711523444, 0.3451551613283581, 0.4745466021257082, 0.3184268595406696, 0.11357328053546478, 0.1426991638298314, -0.4737461685464166, 0.4290842909949364, 0.329460789959663, -0.23255227484588936, -0.3195839280391456, 0.20269877286560467, -0.19101531117008985, -0.16017534322274163, -0.4938942105963413, 0.36986270653643816, 0.06632109476137626, -0.09921565600048443, -0.35812534584873135, 0.13317201265551382, -0.4693429016190941, 0.24611176200570672, -0.28486711996648906, -0.08016750623549684, -0.15910401823066722, -0.1299469075229961, 0.2215959677426732, 0.276835619966741, 0.06759355661439725, -0.4150429600228207, -0.4473911735744782, -0.34259010289284686, 0.11783818192603057, 0.17396871061311303, -0.22789715645378106, 0.16193869280826123, -0.014338295109003751, -0.05795581330222088, -0.22683315563523054, 0.2549431436683707, -0.38618249188979825, -0.07008636660210965, -0.21675352991955066, 0.17848625476013302, -0.013367246635749175, 0.16713255873634958, -0.4545826373955725, -0.10473660391237105, 0.09932495694445043, -0.4923129141001171, -0.19858063798156322, -0.2887660207796877, -0.362765194742673, -0.2444804959785407, -0.17187764406215889, -0.49227009343068806, 0.2470141234297678, -0.3243051981241577, -0.11979255428476376, 0.20367126338266361, 0.0002623465562131555, 0.33335420241987823, 0.30620018656676384, -0.42792450340784216, 0.36176436202258855, -0.4576977384372086, -0.4812584634143543, 0.4211624345024124, 0.3621100136120664, 0.07575916073683109, 0.07339968088584303, 0.20949896156893422, -0.08230604015651943, -0.38482662733620177, -0.4791434409752512, -0.17523182055448616, 0.3013221543104522, 0.11812526330424022, 0.33202591307170715, 0.41976975174138464, -0.4118701187021153, 0.34448435981469694, -0.25668352517726634, 0.08887128830291191, 0.02396254300063161, -0.10423330314066703, -0.18972543816413867, -0.1604867188515361, -0.16693137750686804, -0.3318672919543134]
Bias: 0.010483284542148308

Neuronio Oculto 10
Pesos: [-0.38597336016144745, 0.009952062322971966, 0.40592273158005043, -0.1506247345276197, 0.2273791056739043, 0.31894860152485194, 0.31503700575001414, -0.2637311510532757, -0.3535557817223056, -0.30272819717601673, 0.10239898527316582, 0.26021529554689204, 0.1555090105187391, -0.32285387105277086, 0.2728480892475602, -0.005882974982611366, 0.2544458252469858, 0.25987714960774844, -0.05109474300493699, 0.42415425838565934, 0.06449178340279926, 0.13529831906059342, 0.1245217794418948, 0.36424687483141616, 0.1272174068997718, -0.3490425986069231, -0.4317137415042439, -0.05779193616371514, -0.1971795648609871, -0.22532633251384082, -0.44382787978692195, 0.007336885289778161, -0.18959214939368907, -0.048086136299317794, -0.4431099491660476, 0.33169663166312147, -0.423268998826545, 0.36425003392523914, 0.3552933714560903, 0.11500838841557359, 0.007067817333955118, -0.037288341072727715, 0.054316371338303915, 0.2918177972653585, 0.3958767655568026, -0.05026629634909374, 0.3098159176979711, 0.15183745464860987, -0.17847323711957164, -0.024370972056930507, -0.34913892330436147, -0.4381262998988993, -0.3964981227296084, 0.39912683395577353, -0.15656222416173238, 0.21431554916746265, 0.004549001500957384, -0.3274410885636351, -0.2522562764017158, -0.062241725690767025, -0.0605782082373757, 0.022748035265545585, -0.3412537920184586, -0.12714801789867292, -0.21710642138558212, -0.09123060275267969, -0.16163285315858045, 0.09788586238298946, 0.28922693156366475, 0.1473053569693069, -0.43408814572028254, -0.40549405248490566, 0.178379344840081, -0.21585302612188628, 0.22373365500246178, 0.15656408641047792, 0.4063426971636772, 0.37327966206053886, -0.1666379639394434, 0.0827395145864196, -0.35857161941568216, -0.15017921246415578, 0.4676965076927446, 0.19847996281188096, -0.10804201566463967, 0.09504122815157479, 0.4380021995657608, -0.19041811258403907, -0.12332069394369982, 0.29166195786354354, 0.31318478381480097, 0.1701163999947225, 0.3289589728944645, 0.23877467212948278, 0.18541444027757625, 0.026393339734174015, 0.14602482073348788, -0.07659363367789629, -0.1381719036532154, -0.13740233101795563, -0.31973707712315536, -0.28580733879109965, 0.44766826753434685, -0.013729079127272725, -0.27345695346611276, -0.3624346468229207, -0.4228349156991237, 0.3444283886858833, -0.39885923633210585, 0.270874720363101, 0.335119826634556, 0.3836821654925616, -0.46225250764243875, -0.16323562803571845, 0.26630760444724155, -0.368950958570492, -0.12328012917747533, -0.3377527879115495, 0.3313450566891255, 0.2710978137309884]
Bias: 0.3090437196393011

Neuronio Oculto 11
Pesos: [-0.3344608342559413, -0.06232659486165326, -0.08914138850346653, 0.1763629221885329, -0.26246979855307495, -0.05580129019472435, -0.21507206743664176, 0.2485365180954363, -0.05107203696665963, 0.034011149698261134, -0.1905321034372104, 0.3086238710907864, -0.030984394967747297, 0.3351133927257074, -0.13215904177496718, 0.44713017024412294, 0.4844397935315773, -0.03832002155901082, -0.21822826729622458, -0.11812756580928951, 0.02745978846148267, 0.4662681532059473, 0.3168912395812401, 0.3012592241515476, -0.3616014653965688, -0.24999678841099293, 0.14117903620444716, 0.374116945052237, 0.054540745424431214, -0.39741026825159065, 0.3458922767334385, 0.3511660480847788, -0.21493698594067157, 0.26311683029169086, -0.22720870040864338, 0.4053062089782412, -0.3526513440083957, -0.06252743980501918, 0.44641326301176065, -0.2779619930930194, -0.04887200977929107, -0.15041492186135108, -0.47332980919706147, -0.44674311282892554, 0.0020071146932354456, -0.26422192613656736, 0.4945253512382912, -0.12508732658223243, -0.47181245447184994, 0.4308259047499531, 0.3391762876116057, 0.14996068429418163, 0.291380637482176, -0.36240041227412834, -0.21312060268673183, 0.32976158315282256, 0.19607198857598362, -0.3612073081818138, 0.20553617528908041, -0.05139852601775341, -0.49474880169438207, -0.4207742287292787, -0.2440760715629553, 0.334963099282381, 0.04880424544383544, 0.2272347853249318, 0.02777150588672428, -0.3888131396757616, -0.21189842196076947, -0.19884880541378003, -0.4522505533811487, -0.08017445624655695, 0.29389910863943813, -0.04288638336355133, -0.389142104709985, 0.4051468856619985, 0.09673904281894696, -0.4835646477941056, 0.01537573020940608, -0.2580618655790067, -0.35642315975373995, -0.07076110689666626, 0.11480958277595066, -0.25943576119345646, -0.08343240479146019, 0.1643713017420091, -0.41438604501273824, 0.4746544909522217, -0.43232067709115396, 0.026059445322170527, 0.007327696579786602, 0.48833148559646744, 0.05415195241819548, -0.1095462674399359, -0.029864921841514014, 0.13567079146863004, 0.4810394225515603, -0.24634973893078727, -0.4837577688910524, 0.2885200162795153, -0.1551975068366087, 0.23294102145064166, 0.12825696247565643, 0.2715013741098591, 0.23518698481231126, -0.16748139162801512, -0.4556643117047918, 0.046013745207691525, 0.31350886555608815, -0.3249108729482916, 0.2791425934782815, -0.03537710025296226, 0.19538925199606394, 0.1317358477583378, 0.3114976818476064, -0.4368994629677754, 0.27619039970342174, -0.042320422552646786, -0.20655742882496875, -0.4561937243408769]
Bias: -0.30053016628481166

Neuronio Oculto 12
Pesos: [-0.458094058069618, 0.4333709799503973, 0.015383589254498786, 0.4891227022961234, 0.04303069765418588, -0.2466862347973826, 0.2532909188188649, -0.3088965692660891, -0.1430258239646366, 0.280841566978425, 0.36579827707805757, -0.16807531361865546, -0.3755249917556166, -0.13198082568532699, 0.38948651701228143, 0.24330770551962122, 0.3946374949550533, -0.11335523173930784, 0.47372358431530903, -0.003796773462977354, -0.0024766075063726856, 0.4243104666269636, 0.01927585353494199, 0.3011480874017738, 0.22708132434263573, -0.4210729939445321, 0.10245329883022725, 0.32234127953988667, 0.045474397344636985, -0.17878857178540597, -0.41993108892500475, 0.16091922145813664, -0.19350414390924753, 0.1026216277305998, -0.07388392711695457, 0.18976480844548627, -0.14845301622800788, -0.4576448371498705, 0.3700371750563921, -0.1474406896915177, 0.49815059777304904, -0.2254446399251424, 0.4800272791942791, 0.4479043786030863, -0.42495883501184073, 0.1375125378832983, -0.1366888693490177, 0.30109597556216994, 0.17941060781468987, 0.4527893962796078, -0.35722053163745027, 0.10757290332085534, 0.2813119697434665, -0.465201034201458, -0.4327666369378912, 0.2785153735068654, -0.13367152689285144, -0.11714559831122229, 0.06724464172411948, 0.1050948288547855, 0.17906205691339494, 0.44882352926555646, -0.12798662152931628, 0.2630844717985795, 0.07392177833389568, 0.029459881536289645, -0.10196595404755004, 0.14956073670603154, -0.25038834690660206, -0.38655138741498196, 0.23567485947942768, -0.0009560397435331991, -0.11301261996073653, 0.06167271075964709, -0.23822332341250418, -0.23971022886009663, -0.05372688759438382, 0.49636511215476076, -0.21442312230184202, 0.4164789095418814, -0.008799804745775908, -0.37736257809602913, 0.35282629038432267, -0.04795731475460263, 0.39867903078623035, -0.05488880725754497, -0.41220925889526894, 0.18192926025063716, 0.34552121897469945, -0.18041222790002986, -0.15257470526143546, -0.43506092168392885, 0.04217136122556231, 0.39133168235388893, 0.3513620507531259, 0.21180910400721265, 0.42732445672317776, 0.13770002256401626, 0.29369638384500274, 0.008755745174300777, -0.3786375449215431, -0.29901962882231425, -0.36112312796163426, 0.29037306080774916, -0.4737159731917343, 0.05402143725959507, -0.13108883449877928, 0.30366172628858645, 0.051646933926427496, 0.11194836262052088, -0.4137845183480673, -0.19070928247153784, 0.4995950439343869, 0.2188696598907195, 0.02569565483030012, 0.269164550374698, 0.32333939950839063, -0.426249287088761, 0.4723797315137659, 0.14233858938638133]
Bias: -0.05002550433700392

Neuronio Oculto 13
Pesos: [0.18010899064958097, -0.1554852192973003, 0.37796015165041175, 0.2802629288383084, 0.13979392936666302, -0.31803686344786264, 0.4662646139341068, -0.06738171351802513, 0.41071227094688734, -0.44458714998222293, -0.3758388793609878, -0.3469845331897994, -0.3353429201098759, -0.17733924884544439, 0.20933213252924587, -0.15397691765812693, 0.44090405493153473, 0.39492591682112443, 0.3459337061558656, -0.24939469101800094, 0.1350570913877459, 0.050841415483139696, -0.3748297048730973, -0.19717539389112393, 0.033478029768380546, 0.0025731447412626895, -0.3313640982522932, 0.44160698786859587, -0.34580573312043683, 0.1587328733837543, 0.22063276843727297, 0.10513890786185542, 0.34253000411338896, 0.06361803443129577, 0.325236267326632, -0.4716265121011224, -0.454538196708658, 0.1414537338243601, 0.07677123147737908, 0.15112997748559986, 0.2669590009163111, -0.0834132163367538, 0.13899119220887046, -0.0019619398638839325, 0.12716401029808433, -0.21032834319839422, 0.456650169954405, -0.017055181824580545, 0.30468815421573303, 0.18499084119567666, -0.2025661285702577, -0.4270269744946542, -0.440086967065331, -0.06039450007958902, -0.015748869892640793, -0.2959769864366013, 0.10666026282063634, -0.18741750075306696, 0.2183628851124375, 0.2341997548045468, 0.3607773657543253, 0.4753741279148802, -0.36923384844761353, -0.12945980194970874, 0.06165121574836918, -0.18088411359684275, -0.03352743295936356, -0.2325283255458176, -0.2520811174744544, -0.40318834743942855, -0.20978799503009848, -0.11585016649839397, 0.11537744416396867, -0.2517297196188134, 0.3653075017207177, -0.34030033786983904, -0.17256417919880507, 0.07768703789359643, -0.18728507913772696, 0.26312137513862854, -0.0017344579400911941, 0.014724839231484488, -0.0012402916023458443, -0.1914595179455707, -0.47682370178364897, 0.44523280406923726, 0.005444463023771551, 0.4666866305524754, -0.2848555774737589, -0.14710491114364466, -0.4494595953721081, -0.005105796474823676, 0.3823394763682011, 0.1542600368896171, -0.029413146631804277, 0.036690749288927016, 0.34717236539346785, -0.06907223065245949, 0.38245573091859286, 0.2275080633593919, 0.26385676416198955, -0.13406264748243701, -0.09941837898524342, 0.07028164388102931, -0.30534469811228093, 0.05322292662115169, -0.4264682502571582, 0.004255529123204704, 0.26440411470723957, -0.220279322376018, 0.4890907006207226, 0.18039864011886075, -0.38118898027641046, 0.47508281541378405, -0.10609628727139286, 0.2948972283809458, -0.1609147000474347, 0.43894856695537543, 0.2549651722927939, -0.30094211844755003]
Bias: 0.00912251622518212

Neuronio Oculto 14
Pesos: [7.790357064385578e-05, -0.45469664753292527, -0.3629636264324796, -0.1669592946472328, -0.026255849604809978, -0.04301144071712604, 0.10626052240380413, 0.015505732147253926, -0.17203415236347375, 0.113068121064678, -0.3374979541230606, 0.4906157375611401, 0.23931936057360415, -0.20076565747168174, -0.16362654784832165, 0.3282893859573759, 0.03233982987587636, 0.20873980643543788, -0.20020943526258628, 0.3157488332438242, -0.1316421901342304, 0.17380639247301655, 0.47989803117916185, 0.08370214184878633, 0.29675481393014713, 0.2253242125518553, 0.18804365120277167, -0.4733528450361668, -0.025409785914939476, 0.4670706961720509, 0.2829039914314214, 0.2761620251720721, 0.07763439586418286, 0.22140011229630674, 0.08352327704763995, -0.32948793825334066, 0.12902524114536362, 0.11973580550108942, 0.3411671249582643, -0.3522242916996682, 0.18072689505067885, -0.46842948665790063, 0.44820517078430133, -0.39010447866630316, -0.48106263249338743, -0.1863075165541448, -0.34856874188065456, 0.19050026091852545, -0.08962259067729494, 0.274972301807091, 0.42052094989721067, 0.37281770891232036, 0.23583727126868137, -0.43771871398556805, -0.3619175142147898, -0.2926582950287553, -0.17495046557394522, 0.16222679971434906, 0.02547715140003537, -0.18624740126218287, -0.32681757614267226, 0.4121241609240104, -0.15767298231815385, -0.14571301135518722, 0.27198978414874075, 0.22092456132729266, 0.1433090999994615, 0.19331331002982088, 0.11007658007875154, -0.3077358308632866, -0.2534808644726396, 0.05808665080740416, -0.2751329620071833, 0.472910627590569, -0.20238543472309212, -0.21099586259647507, -0.29272220514535974, 0.20498825974019674, -0.18295925498155197, -0.15119682579869342, 0.4337003747708006, 0.29540535600233353, -0.22654246324457694, -0.37812589426728493, 0.1766222457825457, -0.12030581462561751, 0.4801605373213622, 0.31837746013056234, 0.45460886339146134, 0.3046158339565703, -0.20954734800706443, -0.21236965838586008, 0.21414128749839534, -0.1536364859043835, -0.057623888135164614, -0.24355602452651792, -0.02092073698351682, -0.2979319927994035, 0.03857792370865276, 0.4330239337833077, 0.19617130064682264, -0.36272704519907706, 0.11567703441449229, 0.08683049857081515, -0.2575419615897132, 0.16983396489310398, 0.031041489732799188, 0.13794457340863764, -0.4475088931605372, -0.08669863395174138, 0.21735805625024363, -0.3994550952226521, 0.27076605809827914, -0.49481855359286997, 0.050352565779616665, 0.4290996801699778, -0.09309254845311654, 0.43503209859615155, 0.37839962151422823, -0.022551479559103527]
Bias: -0.3005440253323983

Neuronio Oculto 15
Pesos: [0.46391403889093574, -0.17883229788083332, 0.14589791789026985, 0.4079369587356224, -0.4105392794884837, 0.07413335317537328, 0.03515227689360467, 0.22311767824242335, 0.43666937975062603, 0.4132297256698525, -0.3249352245190369, 0.3822449731648332, -0.32421129246113745, 0.419634811850934, 0.49717180308850994, -0.10300542572170035, -0.0046161026782421954, 0.4366087447777628, 0.4621313800833424, 0.426039697896443, 0.3767431679179234, -0.4907328315199002, 0.06796186866449538, -0.392699309226462, 0.48299388837100643, -0.21543834764995373, 0.48909947008872334, 0.04330048355697491, -0.006087579658180853, 0.43856050174087235, 0.35105973857799666, -0.03197923099370992, -0.3071886017261902, -0.3873532389798455, -0.33750573746026136, -0.04108552896763884, -0.2427351197704809, -0.3138009308719323, 0.23661789549225698, 0.2907676644252557, 0.06778122242093931, 0.2572827502575612, -0.3245050861615353, 0.35614650427345773, 0.39704276178397513, 0.3269898252763096, 0.015280658959795912, -0.4132622301516441, 0.1692558534099542, -0.31521879895266003, -0.35938812436570156, -0.17639832991491722, -0.251952916332855, -0.23921472293455615, -0.2644787471984661, 0.253756651781457, 0.4540348226549126, -0.1980541603083853, 0.22288252840099743, -0.488564265805832, 0.1536833670701987, 0.19276859042273886, -0.4378756681994639, -0.3817751521960274, -0.19319365799638022, -0.09458338703160274, 0.00252047123838961, 0.39511836981625414, 0.20355703510225598, -0.1890220516153397, -0.3825842541552237, 0.41613038585063533, -0.2049623998437532, 0.114625448143849, -0.2808713990646561, -0.3664312178031959, -0.3468144353108208, 0.24773483715085654, 0.10573894808906936, -0.08415438456877533, 0.049234508818364775, -0.029171923120688503, 0.03751768769320085, 0.16409443933966383, -0.28158837734267406, -0.25253457069142227, 0.25473954972486534, 0.3731350584877333, -0.41812969352672513, -0.05325202250351668, 0.20376612515587256, -0.4218972778525598, 0.06416872227347481, -0.4382419524433162, 0.04764924871093146, 0.00548705609259581, 0.07270167422786467, -0.3501476186175857, -0.17188236225779352, 0.020341541184787038, -0.3837599778153358, -0.29459851446063845, 0.08314767844101756, -0.40905835554831216, 0.010375354032834516, 0.3086920831772372, -0.04656769982021802, 0.013247843201641518, -0.04320152428812396, -0.44226321906747523, -0.03762169426107631, 0.3069153525543925, 0.2232800798250023, -0.10405129004674252, 0.3164532259331305, 0.24580448283181566, 0.0783112650590354, -0.4547101972721712, -0.15547113343786545, -0.4362400878879168]
Bias: 0.49412366047692013

Neuronio Oculto 16
Pesos: [0.43458279888494644, -0.4309808538396862, 0.43377556258493066, -0.46826512897692096, -0.09113306418075173, 0.2689720625834827, 0.26582768292371173, 0.478333284924101, 0.14588081809716347, -0.07963806111767213, 0.49285659858087894, -0.11752038114862795, 0.36962028531070845, 0.4067673115245726, -0.12435446619801238, 0.18273035410154137, 0.16179253812546812, 0.03930026391886021, 0.15353409841870203, -0.15223011286084975, -0.3215263709958883, 0.03725848639800122, 0.028842539544009282, 0.2278581409061281, -0.2773097840337335, -0.4965267050550922, -0.4772646726780334, -0.20163701129701816, 0.17349985777656707, 0.04444533902502079, 0.03193360849675875, 0.32336043737578435, -0.25248796149622443, -0.15384026501237325, -0.2243502722048727, 0.4374103611350668, 0.2250239459089184, -0.3871553612335227, 0.30947818353919443, -0.0807594015082479, 0.26605346751390335, 0.3837566218453745, -0.48435420363645043, -0.29391837814978583, -0.39910328690749297, -0.4664237242457192, 0.09778489673155266, 0.20328626686492868, -0.4513236787562509, 0.24054107847986161, -0.09773464918909369, -0.26566072151243836, -0.2827307898224466, 0.3637302426700564, -0.44355596497553906, 0.003895848940934532, -0.21073654864608116, 0.31578625676331684, 0.23151748311601827, -0.18109630363080798, 0.09791767427726239, 0.17253190143691366, -0.17933488460701685, -0.19823556485579674, -0.3567395658366713, 0.1602124238107432, -0.27895725955396744, -0.1994990462425804, -0.43904236289323784, 0.4485202550267213, 0.37971389096388297, 0.41157766562054443, 0.12599313764832998, -0.0727994177054565, -0.0043792125069790355, 0.47229023534368586, 0.4415864098319118, 0.1713425247457223, 0.285804595980518, -0.18126554268368777, -0.08367536657855534, -0.3507823921748363, -0.12353981149286797, 0.2544160972381253, -0.026481179587780068, 0.3493409322600405, -0.1992635812048522, 0.2075767974879722, 0.30577615993488694, 0.4147411738159055, 0.06238594958690913, 0.4677861885466267, 0.05728675819927309, -0.36590724894092197, -0.25714148391041425, -0.2966632669399456, 0.1467058515479447, 0.42222610451122233, 0.34713338591961185, -0.40753600347313634, 0.2245847123072019, -0.3095183815692617, -0.2315384121450188, 0.17367192063457848, 0.10292204498907587, 0.3736204584895396, -0.3118367060672447, 0.26169641753720996, 0.22430523985214912, 0.05885047627252726, -0.020605793529085203, 0.36947385152453793, -0.16703568918117873, 0.45701976052667315, -0.48466629377150716, 0.4371597632022477, 0.462077556114459, -0.3826838005566655, 0.4995720070178117, -0.021079123657634202]
Bias: -0.2574068181542585

Neuronio Oculto 17
Pesos: [0.10440153407878117, -0.2954868570221063, 0.41512645959355643, 0.052079292547814515, 0.27551388206377025, -0.11933825562707745, 0.033650127416263054, -0.14074044444842426, -0.2384383726146474, 0.012816540023773526, -0.002722706899016658, -0.40139176843451996, 0.4813184568465767, -0.030509577977441582, 0.33973118156368487, 0.4143304988974891, -0.12929507856874156, -0.08606982942137542, 0.06252472746435433, -0.27872590168377476, -0.35407728689745144, -0.23922589009023043, 0.4347582502963535, 0.07914292603740047, -0.08242192644482638, -0.3475885898158567, -0.1701347140221401, -0.12016022525884584, 0.33336271528698513, -0.0006985176306775198, 0.1546079661210219, 0.18484661234590616, -0.24267324236511723, 0.32159193969235633, 0.46650826725034367, 0.1416944543987072, -0.009404417419217603, -0.331766354048459, 0.2949755143536341, -0.3307342891398183, 0.2203135307620937, -0.01168367874586762, 0.4168993896943668, 0.04213685535135514, 0.14180946318236654, -0.44126794841926986, -0.46617624283530945, 0.34669738318272236, 0.4451881112008982, 0.1682155433931528, 0.2643388435720192, -0.0876077775844073, 0.3425447168253485, -0.2685666079225545, 0.20716956370345985, -0.49085853830933823, 0.005732919693065108, -0.12679930731318811, 0.117835235876803, 0.1667547295533397, 0.11651936108433791, -0.016795846378174883, -0.01214561599692876, -0.4933876430078411, 0.05164356091125688, -0.48814903187210756, 0.029417646841650602, -0.22525926280216801, 0.4774793482325117, -0.4828574023975728, 0.31315722091390985, 0.17403295211921033, 0.3061676989474289, 0.4097733659987661, -0.3929835713055071, -0.40368610974859154, -0.3511025142597495, -0.3080679430083868, 0.02645598540021621, 0.3152143907132826, -0.2326752633233642, -0.10310357750192856, -0.12694841653631783, -0.09397259012611403, 0.06500218244796907, 0.4902330316397273, -0.2741427473725778, 0.1840416254703855, 0.3478671020315357, 0.1537357195591531, 0.3582191590211872, 0.25958585017684477, -0.4064994945728906, -0.12073597776018408, 0.052701439529695304, -0.4438850608710343, -0.4905498273458694, -0.32861642477895237, -0.00014160688720799008, -0.06609034802833769, 0.28437631079011116, 0.06585662795103497, 0.3579603133636694, -0.40463816452926993, 0.028159185641647988, -0.4574482423829549, -0.2885829441154528, 0.36811689058160557, 0.38755430703449356, -0.0244997123547267, -0.4534380292582567, -0.4256519400743489, 0.4255848100809232, 0.39931165086500864, 0.06350986404798353, -0.4670982198465281, 0.4287663612546593, -0.18551530677334904, 0.4614691898760058, 0.08703610408448836]
Bias: 0.25225446984686506

Neuronio Oculto 18
Pesos: [0.21271139994935973, -0.10170397960487798, -0.4230625085586541, -0.33754974928529413, -0.2595278056957132, 0.334650560091752, -0.1108433926326412, 0.3965257670027198, -0.16827016037817144, 0.2556092645208923, -0.3600494057648027, 0.4884779579141031, 0.22416357009431487, 0.0007928516377251338, 0.47432332743599637, -0.4463035680526064, -0.06291174715650083, 0.33867465761317495, -0.15940725352489404, 0.26900565336544235, 0.4548583969146658, -0.1032969506910405, 0.27355491613132243, -0.4703743410548349, -0.22667297137120268, 0.4925858784507974, -0.009396543889206743, -0.1441888022941521, 0.4411428449707254, -0.0681520537604553, 0.17969485808815888, 0.16067190751487548, -0.41430588236326427, 0.11861589025988784, 0.2980551738027466, 0.2131085326783857, -0.41796199032685144, -0.3457790361344816, 0.2116771547786167, 0.13390088196305094, 0.2396552889765946, -0.18332177131846383, -0.39344908228873887, -0.4948047776299699, -0.19173254486370195, -0.1400825026531034, -0.23023355676061352, -0.3674929955058006, -0.3126082164721228, -0.05115632297854855, 0.054740000608867745, -0.0919558249168625, -0.4737380959867028, -0.14608571265474113, -0.40693573954012585, 0.09804379779427286, -0.17556966942758734, -0.11476208260401632, -0.208152648703679, -0.11220044062160628, -0.4153004830714775, 0.40113604485643306, 0.40520757431335885, 0.47817306401388726, 0.0719604307495395, -0.3304170766076745, -0.11926797651125687, -0.36115994104058324, -0.19886873462493126, -0.006876057789215295, -0.4367328497230456, -0.06532373073725506, -0.07889766022747569, -0.015768686066071513, -0.42307863860484285, -0.24830026221109713, -0.2534099316529971, 0.12503368776889467, 0.09380639803907864, -0.30445177511973953, -0.393027632419098, -0.19534200424874304, 0.44882346239456516, -0.16778278468837304, 0.12019218787468933, 0.30407646195738247, -0.1704582837207398, -0.165263776253043, 0.31547547000300313, 0.35950846710083517, 0.47422537650460683, -0.3638755284217352, -0.17933484462491234, 0.4472789220161162, -0.2991485112979283, -0.18581671880455863, 0.4645746230947939, 0.4687252217466955, -0.20855184841994678, 0.19495776767211004, -0.00899268710789769, 0.0758792816249606, -0.2575757032194269, -0.12394469767585292, 0.31649451543291307, -0.10706487026054012, -0.3861121763880019, 0.06385050862878594, 0.09222703425038548, 0.045629085450822116, 0.18171263313008768, 0.050099156997472805, 0.453004611486296, -0.038377777166851534, 0.20836705125606347, -0.06154504569109143, -0.20866879201470467, 0.19283527932434275, 0.3189655680044585, 0.2956568359959544]
Bias: -0.09085840975509851

Neuronio Oculto 19
Pesos: [-0.0006967847110397329, 0.13333603965366359, -0.25797883232920116, 0.1586629685323181, 0.21523639129942618, 0.2890767632200629, -0.42603486441771155, 0.490700614436968, -0.020765300227373773, -0.09919490267062636, 0.0066126430295090355, 0.42039218447829574, 0.19170886589810765, 0.04364520338747768, 0.2907209170492592, -0.14047050698374008, 0.39550151536089906, 0.036905986024587834, 0.13818036701084113, -0.41501806594901225, 0.2689540479200405, 0.15760164458076564, -0.1449911805515104, 0.14699984798340426, -0.4557033064721504, 0.48360820595198273, 0.17747189586418566, -0.10038225377491772, 0.2526827777296058, 0.46571677771382824, -0.06954445610981774, -0.48945222721542003, -0.24126162959634456, 0.010676240525044678, 0.01879776684934953, 0.08051829552400414, 0.07523539827042613, -0.05422144849509325, -0.10886583132249716, 0.27234223246243205, 0.08858995654014723, 0.0004657816197345399, -0.15503261240048172, -0.4754373469742307, -0.3954506419939383, -0.08402457147428744, 0.4617278656799704, -0.38393066204102533, 0.440676158146193, -0.3583248231684517, -0.18810965610245856, -0.04466736477412292, -0.2931326737916855, -0.017074001220611534, -0.02383746879083648, -0.06183406172697292, 0.19676326552366608, -0.18109052578229956, -0.1997359168180597, 0.3101859369186981, -0.38491473330121406, 0.34918000804690974, 0.1479699172777137, 0.17713933289088402, -0.33564590714929676, 0.4839004705882779, -0.2560870534480073, -0.32554676717586606, -0.3398642887846407, 0.059848952489863105, 0.4584626217339497, -0.26814445258858965, -0.09495256371974714, -0.31554822484860634, 0.14047887666007808, -0.0678655475707175, -0.4708077256576094, 0.11410693737191979, -0.30267556421775366, 0.0922031583603683, -0.1111642196442929, 0.20473561595973444, -0.2942155206326781, 0.25232549536049165, 0.30872978863126077, -0.4374362485308356, -0.3982479512728576, 0.37197933000988515, -0.3130401643679066, -0.17401508840118152, -0.04244957779381453, -0.23764660454763908, 0.36263654745730733, 0.027715019627782667, 0.13910858566615059, 0.0969708292829935, 0.11130842113900186, 0.08700471456521797, -0.1520753625632456, 0.3455178026695592, 0.11736267933642497, 0.3137382542609338, 0.20598836094598005, -0.2025551653006481, 0.11448451571291951, -0.4152480313769722, -0.36605223034928935, -0.3821383473383433, -0.1946199974645011, -0.3169554816685165, 0.19343654171644553, 0.010824869487160882, -0.0817608937887414, -0.3621327014654425, -0.11629003716231301, -0.31424630070723436, 0.13550164205863524, 0.1934329265293553, 0.1452600950799504, 0.49989955256309204]
Bias: 0.05491257583249742

Neuronio Oculto 20
Pesos: [-0.010357973807791132, -0.35970346490220295, -0.1854199853391557, -0.04899902925334887, -0.4463887373691632, -0.14096082782863117, -0.4904165604367188, -0.3634652853375041, 0.3152159406538618, 0.46382908941493983, 0.005438019730670374, -0.005030152133596366, 0.1846966705599865, -0.08436956472588808, 0.3398918021012227, -0.011300488060314362, -0.4173293742135331, -0.4691392943569952, 0.26105661854542417, -0.20791009044129338, -0.22514708172646603, 0.03760861820481942, -0.3317910225634263, -0.042678612726550935, 0.24251825192978704, 0.2659195549436907, 0.04972618453805133, -0.38678900470797684, -0.3857933486410312, 0.2751130278639955, 0.3232828079975666, -0.13313822789457908, 0.3226109277962613, -0.4583894777297667, 0.21898024113004333, 0.0463532747219646, 0.4897757278766832, -0.3975835611225017, 0.3300707165425397, 0.2513454947436722, -0.20229106489710635, 0.4993126692789077, -0.050267657169586255, -0.1514230231776862, 0.31672858511643853, -0.06093009661666704, 0.4939576843186171, 0.2756316498807736, -0.26305394463331877, 0.3107027168394102, 0.08792389697681058, -0.14936915888601032, 0.2107539594937995, 0.13277063092713848, -0.3340183823097408, -0.3607650340732239, -0.29338034381322664, -0.293057279248234, -0.4406421663606589, -0.14918452104716906, -0.21891498120980202, 0.03876854604763802, -0.17634638414531834, 0.20405376175518852, -0.2106667565350564, -0.23265693372191987, 0.35801684494625763, 0.4854883022617942, 0.17929931592331005, -0.40477483618565724, 0.46277199499379196, 0.2856910482912973, 0.41876871182982534, 0.49248622564467437, 0.36704759043377844, -0.37311183138618975, 0.3660787949911568, -0.2503227580618602, 0.21139484883916904, 0.3284818026986326, 0.26147358747985694, 0.176234553699946, -0.010541274084362229, 0.07742552930416147, -0.23128284791251408, -0.08577491063496234, -0.04800827744963565, 0.1336277633502977, 0.3801250813073235, -0.4069052159573826, 0.015613472087699032, -0.2217743121482163, 0.4363361140885752, -0.130928825924578, 0.4502540788653826, -0.17271071983906972, -0.49752691485801526, 0.27413529043769325, 0.23272402653948698, 0.23093193748705299, -0.0415507433202823, 0.16414382083184254, -0.1417772706590128, -0.43666931393982533, 0.03442446438756486, -0.28217006498479413, -0.07035689931476385, -0.2881485335922618, -0.23146316168557746, 0.328343617048808, -0.16224484482921264, 0.07793364026095151, 0.06614211091714028, -0.014662095991494928, -0.1562603794473808, 0.18255192609320592, -0.45159073884827705, -0.40042525808379414, 0.28388976184056824, -0.040418237326433126]
Bias: -0.37576282076960155

Neuronio Oculto 21
Pesos: [0.35765159992861384, -0.05871405112357342, -0.4993240684878958, 0.45803176930397227, -0.2976817936026003, 0.18859188191151033, -0.3680869126159865, 0.1499971993406527, -0.3410225370941806, 0.4327255627259242, -0.22598054190471784, 0.15458796441879408, -0.24961072145089114, -0.12815623235323426, 0.4038002688356579, -0.3344749208406562, -0.10365843306776679, -0.1944907551557693, 0.19944137152457353, -0.26585615851558053, 0.15548522838353496, 0.20369803976404421, -0.4989136963082763, -0.02319329173908591, -0.3673002079600134, -0.27380913854059397, 0.1799827251215791, -0.49071305239153984, 0.1955971072880487, 0.31710902691329845, 0.488154909464272, -0.07768606622494012, -0.36782484890743916, -0.4291716945994879, -0.1169300743242273, 0.23076338176397104, -0.39757282955049333, -0.1866485225590938, 0.3809889949802706, -0.3628707052564544, 0.27346048365062414, 0.253157800991068, -0.36685376881378784, 0.492940155246385, -0.35714693316510615, 0.03050827654668098, -0.49152525804699043, 0.1500202131578069, -0.05990057922014813, 0.22243202636432235, 0.12808003834090254, -0.348625869155719, -0.08829010564032191, 0.18656616987573993, 0.35996252460214995, -0.4133119665340115, -0.3995348875223612, 0.25244564654795243, 0.08957391776151313, -0.1159680906568793, 0.4632487105532641, -0.18549633181783065, -0.3601698111907663, -0.22303234305515462, -0.41575128400201333, 0.053396631784730086, 0.10000786722585286, 0.10759309891552327, 0.2789696525132599, 0.1904760750146538, 0.347892104439959, 0.15840537008514388, -0.1983506664228014, 0.017749127797237474, 0.009522566114712583, 0.24784364098124956, -0.20445794875793333, -0.44543086898474704, 0.39791256035698963, 0.4546715113471528, -0.005112280056733143, -0.3872563373961915, -0.0004174587273424457, 0.09392976813772314, 0.028286500936184233, 0.4776969478433356, 0.48688253284318894, 0.43392440167421586, -0.36801711926729797, 0.36081400393674745, 0.06838038877296093, -0.1345875371519013, 0.18294204900242617, 0.26272593789558574, 0.4544529839408864, 0.27036704922461385, -0.4833105982291438, -0.4324674307272328, -0.23781472283793292, -0.46017313806281024, -0.4395311404117943, 0.2892899989930914, 0.00661060427492699, 0.12857069606057603, 0.001048965507075117, -0.0845680056245981, 0.20181063862351634, -0.4175721880753541, 0.03656481607001538, 0.116047055666748, -0.22253226426543993, -0.19009311438335807, 0.011304698295331428, -0.2968025060421722, 0.3080600809706533, 0.03639017288945834, -0.10926849703165031, 0.13429424735325668, 0.3345264691847527, 0.1810556847092104]
Bias: -0.433884916378785

Neuronio Oculto 22
Pesos: [0.19867588160549132, 0.22995837743154146, 0.34646811514077624, -0.44209405597686957, -0.4137872016085107, -0.0655164113939809, -0.04662815770285733, 0.10883240442744357, -0.1907099361264738, 0.24169350905755427, 0.24065818023417818, -0.38055699309211255, 0.20790060711809832, 0.20149961122386606, -0.33616736906459244, 0.4530162017546976, 0.023005362728408252, 0.28298710154374584, 0.220765518093459, -0.33303704580761917, -0.37306939251887516, 0.28112397993698757, -0.23123551359075434, 0.386414759740656, 0.27143029048962464, -0.4706437488271965, 0.3071078466573698, -0.22801940497864626, -0.43612801087685193, 0.21232324820049542, 0.07665167471418399, -0.42292996871361466, -0.044802222320572516, -0.13987610447824672, -0.0003899942386167421, 0.06688612823844986, -0.13231222214318827, -0.24488391896092188, -0.3970950849781304, 0.0739123051920565, 0.22277837332586647, -0.27159557684674895, 0.008824884910646813, -0.45596209273719046, 0.36292849490261125, -0.25544854964329655, -0.028235410422261853, -0.1170205256326009, -0.3499153317588499, 0.4311600771571855, 0.3574851977479724, 0.05286478849586451, 0.41394766952112905, 0.24066582810657688, -0.08063069563720149, -0.17819798552793875, -0.08374340149868464, 0.2202879214281971, -0.22874204199018333, -0.42211293003308803, -0.12719183326213868, 0.002040942559582759, 0.40194100925827136, -0.32065564972769434, 0.3043380194587567, 0.481413863941495, 0.45407940746042763, -0.4310735622272549, -0.03490582208311388, -0.21769312937909757, 0.344846504261328, -0.1726990782738811, 0.05309139532406759, -0.4920308264425445, -0.29932884654704417, 0.06380674082418691, -0.19609069273191704, 0.12271752389210455, -0.03607330941950071, 0.09169093498481617, -0.006639324145115144, 0.27261326295052435, -0.3045775761271765, 0.40044329722642324, 0.26048222032169654, -0.25487312562341713, -0.49362211724819594, -0.08996389043398012, -0.267002258140257, -0.15357630226059382, 0.3395740068961739, 0.37719861425157497, 0.4509902621434433, -0.49853795946442225, 0.1573038501759978, 0.3490059877789218, 0.2272150390409725, -0.39605098064844035, 0.029814489060012495, -0.26183240547913433, -0.0079711231501024, -0.44010492434681037, 0.4969592701075485, 0.21165247470010273, -0.4069733616419118, 0.4212744029721064, 0.3972874719314592, 0.01975921849203699, 0.20084690969867958, -0.12750802592591925, 0.4745547901682511, -0.4150975824835105, -0.40442299466261444, -0.36648614974904303, 0.319962891894216, -0.4251695156701225, 0.06782072828920827, -0.06501712156501471, 0.4642182747327408, -0.2632282652581035]
Bias: -0.23900906107638997

Neuronio Oculto 23
Pesos: [-0.18499108459024172, 0.3008168219994952, 0.20072560632154213, 0.23535286878236805, -0.1819422807338994, -0.2280441281675456, -0.4253125641975203, -0.2972873737207663, 0.2799369824688629, 0.08470803580412889, -0.3445894486780633, -0.3356250193002318, -0.033944887563338244, -0.09348744809078624, 0.03592454909002363, 0.4646347222502287, -0.29236377438964645, -0.19169228178749542, -0.2349920730852918, -0.3800864436446064, -0.3423846229344838, 0.18605484295051522, 0.32638668793964976, 0.1968779832370764, -0.4596701918913366, 0.33592475098798624, -0.17220634111520805, -0.4087870962086514, -0.2517812105387449, -0.1442572444957163, 0.013459675378729496, 0.17718337698907183, -0.2398332072787761, 0.49067662040790716, -0.46891790664124045, -0.09560777355282535, -0.0477988305989373, 0.2480784472087092, -0.2501473717784489, -0.03795675112376107, 0.30389675344385014, -0.36020696072687763, -0.488043076830587, 0.330372331894636, 0.4825672374836216, -0.36928476245602204, 0.3236734151883558, -0.12776025618400233, 0.13029754860382448, 0.14468501570850179, 0.08232380141406315, -0.24117934765347415, 0.31274709161361436, -0.47819981726138727, -0.43552796395309024, 0.40249608193328146, -0.05656867616401118, -0.3712084510029955, 0.4050779703801529, 0.32935617721741794, -0.16845010874772326, -0.4573036809095692, -0.0390050779980593, -0.3320107912709436, 0.07388419980672278, 0.32168540153228375, -0.10500131177808059, -0.4705177069997085, 0.18321291675168283, -0.3271927881692108, -0.28528389402997334, -0.31284888628883833, -0.2201454457192762, 0.3834237988936261, -0.4653505562684941, 0.11917654884589579, -0.25421522075475456, -0.20489483700028355, -0.08800779370383494, 0.05068866520398052, -0.4390209310671572, -0.22022401256102864, -0.3627639828679352, -0.30054219333341337, 0.384652516224965, 0.025814058252779715, 0.13075438882475543, 0.3021680827711275, 0.29484624430187023, 0.4894036157615339, 0.28191576684542496, -0.14088789016243497, 0.044517806034051643, -0.015320514559491683, 0.412677016598367, 0.0023932555437417014, -0.11161872543069962, -0.3201841263021308, -0.18112243267062045, -0.28097981192690547, 0.3957647816143137, 0.27853828132847447, -0.4414087697218815, 0.4915313234305708, 0.029432291965431623, 0.26684216845027287, 0.49960574681134606, 0.47397986173350215, -0.3998656626950424, 0.15686442137623424, -0.23347299893431694, 0.31628516160873477, 0.41725948257044054, -0.44409134414755025, 0.49639204850645713, -0.28058841395607514, 0.3465050904651331, 0.29739068737940877, -0.14519536543484013, 0.3392222523059093]
Bias: 0.3452209023662808

Neuronio Oculto 24
Pesos: [-0.32389963242000996, 0.09251950918141272, 0.30621022535938835, 0.19762656359957997, 0.4139800041285343, -0.47179343027284093, 0.20056080335141824, 0.4475587350700152, 0.0636064867831937, 0.06310889086401839, -0.3117663350947437, 0.4880062104046431, 0.3816263598977603, -0.007773276104594773, -0.19094692784878042, -0.009563579872520767, -0.40974262314909715, -0.2673766419167609, -0.2811910583084227, 0.026448514148510904, -0.4993165036161692, 0.4178961859206465, -0.2985356166478589, -0.3695104543808174, 0.21693763269081612, 0.418780787307206, 0.34428408643765074, -0.1764111886951628, -0.4780871037564277, 0.08660917509120947, 0.4172241474811186, 0.27436649881989195, 0.34648088757913464, 0.36066946659155075, 0.4605587502757579, -0.1264092199166268, 0.44192321346804164, -0.10440443764614571, -0.39896782981931367, -0.19823484627453092, -0.36354833114250995, -0.34249611398315416, 0.44869353202632345, 0.29184252499987173, 0.4606621003687382, 0.14918026564481401, -0.32579732904446934, 0.4687428963331677, 0.193560398292543, 0.42884520898542533, 0.28699179259557683, -0.27676278601935755, 0.08895015578310361, -0.3246483700097792, -0.19317677070204198, 0.18849843959895718, -0.3726516352764645, 0.228830955935999, 0.4487881042212877, 0.4486981598499029, -0.10839857272239806, 0.4942831305476306, 0.46518394028755095, -0.4676172570729126, 0.1023886674509712, 0.42103821641807937, 0.4675316856159355, -0.2791047495629879, 0.06555024612032045, 0.43668779355425424, -0.35935663185143163, 0.24534332810198245, -0.26200407485060306, 0.48237965494035684, -0.33211258324841586, 0.3853202533951373, -0.41127398742987364, 0.20896581314522444, 0.139102687904879, 0.38665351521782176, -0.053370065902206165, -0.23478755943712382, -0.2504591368647212, -0.4322052199357662, -0.24334205845728518, -0.39196539878537073, -0.49871884250531007, -0.11406290204659009, 0.2325844944987686, 0.4691018251056852, 0.38455199758722747, -0.006918006526152376, -0.12128742522574099, 0.04602396767845429, -0.3985714403628784, -0.020510749602839495, 0.3640507204685769, 0.1509695631134773, 0.18716040421711444, -0.3373434882515116, -0.4262906104386258, 0.34576248402456033, -0.20509138688386985, -0.18128309204334248, 0.4516621314341206, -0.4257995982333407, -0.3298947968488093, -0.12454211592000364, 0.2319850852713169, 0.04704625861223144, 0.3981241731199735, -0.4068953146193134, 0.09403054405209488, 0.11364472577889384, -0.017263213511521824, -0.469006795947825, 0.4424422581019638, -0.3350028052380859, 0.3897532704040436, -0.34289622266921593]
Bias: -0.39874218902666436

Neuronio Oculto 25
Pesos: [-0.29444952328206286, -0.31001574241161456, 0.1971967038073571, 0.22203810457567563, 0.22997400567028992, -0.23473523065002344, -0.21847692655473472, -0.26245171505275433, -0.45036455696149014, 0.07176980785774156, 0.33985450484565105, -0.3464100654832658, -0.13917107877272694, -0.0723940425542865, -0.20545055103378518, 0.16202022600986765, 0.10021552801376876, -0.30032519923905365, -0.47426430726831426, -0.3291678083077769, -0.20818853395389247, -0.41806390528700765, 0.3437690743469366, -0.19164659988227062, -0.10253265149187707, -0.010903187879342746, 0.1610400547460049, -0.40886312244932077, 0.04412602921968034, -0.31511877945795275, 0.3854926927495389, -0.13059833506805496, -0.05422472920554189, -0.23670403331711576, -0.03494204384534949, -0.2737577197173331, -0.2314380067270504, -0.4383606303399007, 0.2522351421152871, 0.16746845913456843, -0.4142926881600829, -0.15620861345395332, 0.04144900600602208, 0.47070553717357577, 0.08972644230360349, 0.05360190615790883, 0.3407971664302505, 0.31840521486537354, -0.08136792506554946, 0.03551441197892968, 0.3668940137055623, -0.02517561187808004, 0.3816538694176228, -0.02373771891853138, -0.4210449502259168, 0.40277720133915407, 0.2143056991303599, 0.0021014703156048142, 0.4004550614715918, 0.30045033672068566, 0.17753488557603025, 0.12027311434930299, -0.3797181252445667, 0.2571887556391934, -0.32712102719350555, 0.4843679902491329, 0.4721648783377569, 0.3084607213193631, -0.37381400136146026, -0.07662510068440054, 0.4882799363369157, -0.06460675446749276, 0.4972692267787756, 0.12722621223239783, 0.3341081186760042, -0.24211364001222346, 0.4108044857315942, 0.4141739368985866, -0.4329880469513876, -0.11190084698524927, -0.10264500564296408, -0.17387319463026396, -0.22379918009275068, -0.041842818877384835, 0.3734662533727571, 0.28655063882777176, 0.12305792858880815, 0.02256201044980921, -0.08040616577477133, -0.0855576012310213, -0.3518002587065554, 0.087934133281388, 0.25837738785767295, 0.43964998498710983, 0.4249281667592735, 0.06268375947732252, -0.39900955717455133, -0.2139071459511276, 0.03563348114591669, -0.15613082142253554, -0.08910996270077953, -0.11695652712294713, -0.014415207713669331, 0.1089621519524352, -0.46253432950228657, -0.22458585796524622, -0.35614732937332627, 0.10865526408562698, 0.19366125316709204, -0.4612174675182049, 0.3895742139142575, -0.1685059242657293, -0.26242070608369283, 0.24574981983913613, 0.4208349829061653, 0.3970313621494226, -0.4797671114067281, 0.31738592530527754, -0.19694504655190337, -0.21965334681535842]
Bias: -0.00838078664068298

Neuronio Oculto 26
Pesos: [0.19618284467497482, -0.40178260972725877, 0.3689000250991986, -0.3656144790315595, 0.47421942460331046, -0.05688938666857113, 0.32582333177975054, -0.23058001899123637, -0.08322727229461724, 0.14555481142764426, -0.3120643091073886, -0.2886094978941024, 0.3239694342551407, 0.24094479892000797, 0.25949329522625664, 0.3671889705502257, 0.3210173923984603, 0.015269702609556846, -0.34102755736099954, -0.18887690671109114, 0.006795275236555431, -0.3643501789829402, 0.3512953409871922, 0.379332591359856, -0.4710518406798143, -0.3072365531684418, 0.3329299330765513, 0.336976677608695, -0.2505097386757207, -0.04355133287191937, 0.4180310693411162, 0.20463394522003653, -0.22602250152564107, 0.32350629168911615, 0.005126374937163836, 0.135409809075844, -0.3761271411093, -0.46943680761800644, -0.12753323846469278, 0.0940435934521513, -0.32241630583613834, 0.37048077191846285, 0.08688024842242681, -0.15024009835534546, -0.33648638548214915, 0.3944919203121954, 0.2489611344849333, 0.18885053761595427, -0.21493062356523807, -0.11343432925901531, -0.3370925944013795, 0.07225806102030075, 0.4649176092022551, 0.3571111874383023, 0.14737989176148203, 0.17769524609097076, -0.2309164207310429, -0.09049280350445787, -0.4799476425004756, 0.28030366426064335, 0.2675727284118513, -0.49110201392995423, 0.4115154380523718, 0.14737155417502412, 0.10114195049453378, -0.4915362728851287, -0.24760955863934853, 0.30508556919548635, -0.19454030161544322, 0.4670244433683767, 0.14274031129016396, -0.07619319934038093, -0.12352454772899923, -0.15129080072791867, -0.24800129072212396, -0.03330198450278432, 0.17719615638731334, 0.3243108214706636, -0.10284746002787981, -0.39768789703139984, 0.011513717468301765, 0.16235545252625228, 0.34328395008577717, -0.12577023683892852, 0.14734212006459035, 0.10905010463801679, -0.20152407374670256, -0.39189546941415654, -0.4361629461028901, 0.48836096582176713, 0.1405947456146558, 0.3614916002518306, -0.23885309207350314, 0.21109377557179176, 0.3923737976809327, -0.20120888808101356, -0.3500707036458435, 0.26547438830362313, 0.3996870447454949, 0.3054298226335298, 0.30236374445281156, 0.10003330114557163, 0.16053032368112896, 0.1807557503873818, 0.22128319759261061, 0.1554005704624416, 0.4974690995782959, -0.24057372728801107, -0.08143431391865841, -0.11172507899454165, -0.46468099517357575, 0.2080689593758711, 0.07204243403684119, -0.3100848395886493, 0.22654987658090353, -0.2776368060237311, 0.03463510154421312, 0.284897055296117, 0.40652650550505476, 0.17186847596240884]
Bias: 0.007314855606815329

Neuronio Oculto 27
Pesos: [0.34541924424459525, 0.34063869459639995, 0.3764947843421105, -0.31886414219599923, -0.40239693618729067, -0.37205586030394666, -0.2413481494397921, 0.30834386914247014, 0.2629182183193025, -0.31693164298740495, 0.1797123692899283, -0.16436753679488125, -0.4107001779805608, -0.1447166038801676, 0.24420992934280805, -0.19291472866779147, 0.28809043680759927, -0.16868286302922353, -0.23944076459429642, -0.20594887834965725, 0.3512138882114102, -0.029463432329319805, 0.36639336969253966, 0.08357461974258051, 0.444300984000077, -0.42878426259592417, 0.38942606147038783, 0.00047737449270435217, 0.36749775469823, -0.1183307801944129, -0.20164424618253673, -0.4459380293574249, 0.35423977040334376, -0.3626347408268761, -0.2997034092048565, -0.09080815324789593, 0.06940358797345392, 0.4066209345061276, -0.042428566938458756, -0.1836165423512911, 0.21566845611003604, 0.2789411774338145, -0.01241915425189255, 0.13103277226269516, -0.32317573343653927, 0.134498969152671, -0.49528649857600615, -0.2264721377985004, 0.2611932812149992, -0.33139424341709234, 0.26448373614575793, -0.01042290936998358, 0.26356916710549927, -0.4119586562409554, 0.11447973872506179, 0.13348754070259417, -0.09660651960204958, 0.46532784013003314, -0.11668357994653933, -0.462274681525062, -0.30058574877188304, -0.12689859457262898, -0.48592288127536787, -0.17778686615193096, 0.333228666566564, -0.30942329005959546, 0.17674814167711006, 0.12668692867162257, -0.25117687712411807, 0.19352474717039714, -0.1556502259366791, -0.37106919957169726, -0.11644952369230632, 0.08867068816807189, -0.33297981273169064, 0.3238438296744104, -0.20179774650586124, -0.2091722081905134, 0.2278319114468128, 0.09636991861550237, -0.16216484879206705, 0.3879740438370417, 0.4954724098279284, -0.15726716074244007, 0.4013837761445245, -0.14074911363336762, -0.3115739661091306, 0.44808435370694266, 0.4182054088414334, -0.0966083554988747, -0.2715817151641745, 0.22716882813632133, -0.36879422358281744, 0.2340766193115209, 0.08969283479924162, -0.3310152581098529, -0.1334085486001515, 0.15054038012122473, -0.46263657230740474, 0.37654413759947625, -0.24421082607470712, 0.03473343419384045, -0.45141303841826275, 0.4946802336570648, 0.16196991583789466, 0.15356761840075261, -0.48025823348585484, 0.1897497483774261, -0.08322443482045616, -0.11974623707238541, 0.04728238472892554, -0.0256036616722628, -0.34687290187556363, 0.19519202922090906, 0.13031134016293688, -0.19888354524320773, 0.16166457609072205, 0.16248296588889677, -0.2300228504628109, 0.10563433692400415]
Bias: -0.36283647702019106

Neuronio Oculto 28
Pesos: [0.3306527204708898, -0.39508576309990306, 0.2187662245161679, -0.3822654315627607, -0.3859874473157521, -0.393736291693605, -0.3013533382937178, -0.3002506138536415, -0.23700608438626813, 0.023146107592580623, -0.2983268100178106, 0.2034367502462583, -0.20464879899938704, -0.46059429237143135, -0.0036452866319073296, -0.292306015728385, 0.43312434465187744, -0.16939638380329858, -0.4972620009426073, 0.17163313246520484, 0.4068800442697921, 0.3352321652632412, 0.16902193050164005, -0.3508555073332339, -0.4099173264240755, 0.011705346964658858, 0.22356361689847892, -0.39870952140704263, -0.24410789724933513, -0.2688397135082541, 0.4886659307576041, -0.20397782128956155, -0.03572264276385162, -0.40019108494238254, -0.3252981910546091, -0.4605554800313064, -0.20943282276232056, 0.30159610269044734, -0.18729289303723573, 0.23854019579217622, -0.4050015296694197, 0.2582040048412383, -0.4541109129065848, 0.35199872507448815, 0.16335502749084396, -0.32948772364362466, -0.14247259576225568, -0.06228548321806526, 0.1218070333325072, 0.37847553739747364, -0.4070486845625777, 0.31496428953649636, -0.3171305796963573, -0.09922248571924708, 0.46230993014975397, -0.22816690924980987, -0.11428451024068575, 0.350671578036584, 0.2998990969489501, 0.14884648387226374, 0.2969095570354069, -0.3869434436223539, 0.1961698735237949, -0.4413536043348226, 0.44246698799990003, -0.3406046025178351, -0.08397228336910345, 0.09075030299033848, 0.30226478404509594, 0.1783931362492055, -0.3187394394626979, -0.12024922088411238, -0.1414010851729034, -0.47118377042877846, 0.18446413338147283, 0.3385364765471117, 0.4734445802253693, -0.36934467045158414, 0.4203979856381027, -0.3870625206262326, -0.08871573626482576, -0.45402767462033, -0.23838713277151014, -0.1857620551261291, 0.2045681764806231, 0.17792892102016433, 0.2675287182899103, 0.07664900812337949, 0.0650122256873914, 0.4778955575507985, 0.16984435821431543, -0.16169935823157677, 0.023103175224673977, 0.2005801842975543, -0.4047578615483053, 0.161713262845963, -0.2514230051492924, -0.15425051254249633, 0.1762955683574412, -0.1151233825932857, 0.3390330212297873, 0.05834423670218791, 0.4877916247614772, -0.44543388477232415, 0.1433987165568129, -0.3430726266982588, 0.34884557477600076, 0.3518711514460662, 0.36941563461276794, -0.4251347575230152, -0.008352038855598765, -0.25910818330276886, 0.47014504878340013, -0.44964928547345606, -0.277293476831201, 0.14331731482325183, -0.09672300653827715, -0.2650000000087128, -0.04090540525176478, 0.3012612877267221]
Bias: -0.05190141433462614

Neuronio Oculto 29
Pesos: [0.3565892241780172, -0.05293188008620198, -0.38129314794636715, -0.00262665193349898, 0.15337300313837177, -0.3973566785198476, -0.08766145232445055, 0.05713101140483312, -0.49983028452166356, -0.40910445308846777, 0.10420327606179747, 0.1190661537463823, -0.19540204189635146, 0.008337740319464881, -0.29314875115010164, 0.17147437077915606, 0.4503551299933657, -0.13665752243018903, -0.44572478669443216, -0.2770818856036854, -0.045540017396415666, 0.06015084510606816, 0.1197579696770843, -0.026866318906411113, 0.15716720643113957, 0.21591350028315526, -0.3859766416442617, 0.2593199510791171, -0.27825289217981, -0.1586428854231613, 0.3298838856344012, 0.46443368345434, -0.2080164361917185, 0.021985086604135895, 0.20209605325998536, -0.4542218901449657, -0.33584463229460915, -0.35955081267775113, 0.21685611264788274, 0.2215590954513159, -0.393038494480481, 0.11085176613868375, -0.31245659946839666, 0.4302162591531453, -0.10710351008482655, -0.042953991707011085, 0.28142040364875465, 0.21678791446934298, -0.392234252712508, -0.08552965487166975, 0.4266265305373107, 0.337466237486465, 0.08881110789790136, 0.2721451736372288, -0.049495403041035946, 0.15845669500020265, 0.456190321625751, -0.3653639855693672, -0.0011713578973887584, 0.030364347519084234, -0.4514283943680948, 0.4353082808316526, 0.3388161106789165, -0.017068036464073733, 0.008332899071883282, 0.4211623140438011, -0.32279756149785443, 0.07855438570417661, 0.23049466174277777, -0.3716182179484222, -0.11259442077933401, 0.10054602180541128, 0.382695863558678, 0.00411011935316441, -0.1153373612562959, 0.47950076020504295, 0.4159102416970992, 0.2623746562617927, -0.22640412004388877, 0.46359353767975264, 0.4704916499121006, -0.04715429391863324, -0.3666281689839065, -0.0872545271923807, 0.20001428489712514, 0.24842686587791607, -0.20108686504457574, 0.20149431040738497, 0.360707546129158, 0.21187435639514507, 0.43551207746253573, 0.13258328450726387, -0.2991109176746556, 0.12416758920538817, -0.20942050452074934, -0.1547064191014189, 0.172373713051317, 0.48133549623486727, 0.15008638780697792, 0.45832645280519646, 0.00389343904324968, 0.19431197372732634, -0.1776186025861448, -0.3845947477163746, -0.1477621975371226, -0.019630077609373187, 0.07063819425309925, 0.16715723805221638, -0.08252206687447816, 0.24786872337658694, 0.3413893024169117, -0.2140720197746364, 0.3473010914205489, 0.308304779326696, 0.022729986209202302, -0.4747278587455279, -0.35467328836720446, 0.17025417876694182, -0.3000975827352832, 0.2501850186700537]
Bias: -0.33906460565677

Neuronio Oculto 30
Pesos: [-0.21338445184089005, -0.249438992541817, 0.33938181446517124, 0.19059485036401003, -0.20485943403839402, 0.253593948045165, -0.46769361675767285, 0.3140262175544687, -0.3975199936620234, 0.3680353736544103, 0.23949248017284996, 0.3648414852046026, 0.2424127358728605, 0.06127055279081062, -0.2624045274337955, 0.2843071728708866, 0.29882175248957044, -0.21236134549277974, 0.16449356859162356, 0.42648481116877957, -0.1124453513580097, 0.4567019700118268, 0.4758227220561263, -0.18734601910536586, 0.05212459753306353, -0.4870347623253617, -0.2486588716276943, 0.12056169561184904, 0.2809248928758854, 0.3701180923213351, 0.3299834819551445, 0.4114863770737386, 0.20462906889278776, 0.14763238555000058, 0.25510770520854986, 0.04661513670124129, 0.10338697728864155, 0.27614674512233217, 0.46428982312603073, -0.20582227819550847, -0.3225741015117368, 0.18265885170153517, -0.31302341846767634, -0.32620486814469485, 0.01384685277457387, -0.12280177294735439, -0.07149218559926573, 0.05659862059533294, -0.3699334698846277, 0.08398605768393119, -0.24498385186757798, -0.16943721125773092, 0.20968929631631406, -0.34519430220171377, -0.34629661643037024, -0.17736997010648003, -0.4491445588047732, 0.43238186557119085, 0.11560867609933001, 0.16189021096493905, -0.00944905884632341, 0.07267699055493004, -0.14191441183626063, 0.28403144857050144, -0.18214099462781053, -0.28003798457244256, -0.31613090246464104, -0.4318235308955741, 0.00514035045631589, -0.08406875622957832, 0.03703595253390868, -0.40805444606093355, -0.2788019188985472, -0.2866461898138041, -0.1681164850960185, -0.1392021753372673, -0.2815547142154853, 0.2526556895545169, 0.030498895606824616, 0.49663108260433875, 0.32368840092520224, 0.4811331976152965, -0.4911963037049626, 0.1689384679943866, -0.05433275371530755, 0.4044964584876921, 0.11370109706079434, 0.12113169762363396, 0.4588968160739335, 0.18255136076852796, -0.17906298949291855, 0.41593243029867544, 0.4449876704318376, -0.11412406521595608, 0.0402373129425615, -0.21717100572060255, 0.41133592662861806, 0.3221090642399662, -0.12504195783802086, 0.30281673750829385, -0.054443102428281986, -0.45614833908949826, 0.3982816089058533, -0.3074876120663229, 0.013894700127433546, 0.44821181964841805, -0.3326051907865051, 0.45627620647339906, 0.03797483096425103, -0.4926694137831549, -0.43452817789628007, 0.17033512614305668, 0.2735822663692766, 0.3649508557126312, -0.07579054805885943, -0.39607319082632986, 0.03775421402416124, 0.20274286626754123, 0.4762239213390278, 0.27520674046306126]
Bias: 0.14656115931834535

Neuronio Oculto 31
Pesos: [0.4397511115083135, 0.24689082567426213, -0.3462454227823545, -0.040774764739958336, -0.1682846245327122, -0.4124791020658014, -0.44573192910855897, 0.2942147869758903, 0.05808420531781078, 0.07496229426279155, -0.2723543650583433, -0.24135204100882435, -0.11196739635522923, 0.13021726462578787, -0.06697496536072911, -0.4831090316958587, 0.17329873232771276, 0.034834370061002096, 0.14142274648163966, 0.11834935891060216, 0.25596059669517746, 0.08560801331338919, 0.2008820313830021, -0.4274105552010229, 0.4280477501663338, -0.39386445813002746, 0.28689189766256995, -0.1986492901551289, -0.4134947785622073, 0.2652742410204625, -0.06232385053177503, -0.10488674177138235, 0.16072316490724048, -0.026012322632048557, 0.03346776381034944, -0.3636185396704532, -0.1090074345710097, 0.29748461283346583, 0.04572446864082258, 0.46013426508043453, -0.3559244625415169, 0.17728904550506253, 0.41416891638461784, 0.29501712223245924, 0.2293245766158447, -0.126869485099676, 0.4494651035305127, 0.05352418776427892, 0.0550697456402619, -0.376764841066501, -0.4949701609259949, 0.09665488745333028, 0.03715204855446097, 0.4469793892288718, -0.1953088476504916, 0.24829658673279342, 0.4035463759745459, -0.1561483501513531, -0.08734550397375207, 0.14593150356008744, 0.012552694547587007, -0.339045642435605, -0.27921203064259204, 0.3347483668680621, -0.30567378465367456, -0.31864201522634994, 0.2996600536055314, 0.3522511277674757, 0.3513877224254742, 0.4323698654031486, 0.4943130504254334, -0.038734796310406105, 0.04966460967916675, -0.20934733247991466, -0.43263724259519865, -0.40179759861962805, 0.22558925733414026, -0.01280958986625147, -0.1691490683172766, -0.37178485340404843, 0.1554729806969527, -0.3999549427245771, 0.11951577715433293, 0.4001185908429218, -0.1822140627662746, -0.04935402178506498, 0.11634243025945312, -0.19432451059327926, 0.08416993284519725, 0.06555200790510984, -0.13550656432137076, -0.18366684050367088, -0.07169260704040892, -0.4951681173353286, -0.2538248614545159, -0.27847429579348026, 0.2398162159386168, -0.06387593391031154, 0.34011005878065526, -0.36569416761711115, 0.23297279575141472, 0.37788582950796157, -0.037151623924389754, -0.14125839788640326, -0.1945282035546647, 0.051671826160197165, -0.32422983910477465, 0.10662766607086127, 0.3417929953382606, 0.35871365537079924, -0.3599983312838001, 0.03861803707802236, -0.2367653494064167, 0.38633583207889555, -0.4235376214427846, -0.42460004320662337, -0.48136970512876465, 0.007178311285573891, -0.4688057689916909, 0.08189049049392927]
Bias: -0.09486553244888596

Neuronio Oculto 32
Pesos: [0.09003631184071803, 0.40630357739818324, 0.05159399852615831, 0.04346932391811853, 0.49872817501185174, -0.027896049217074115, 0.2751972388374282, -0.13418136989699048, -0.27669335237564496, 0.27214484356046276, 0.233226827212901, -0.2090008397856261, -0.035298857829547226, 0.010411993343785508, -0.10321484235029255, 0.002167269666430882, 0.16267848937869667, 0.34798184010386657, 0.30654005692789843, 0.1140359765601281, -0.3341564479678417, 0.014136680516382172, -0.053779556160998276, -0.3208548160913792, 0.44871183161297834, 0.15941330695297673, 0.467735559837513, 0.23591980883482444, -0.01649658427256906, -0.14120446115419405, -0.28118088274097164, -0.012357851626352168, -0.4371388385865308, -0.13056481455252567, -0.4571915591613531, -0.293225925282499, 0.40772609257296066, -0.1387486354403712, -0.030325770989791057, -0.045356550205111645, -0.4535625424988219, 0.4805897820631023, -0.1759288899360224, 0.2037362528476223, 0.02137290413355064, 0.3296471556536503, 0.3348722662173934, -0.23668393061584658, 0.044350062088371445, -0.32615018355354997, 0.15367531313388427, -0.13470322200895235, 0.1533365465568498, 0.33546906767664453, 0.016662897553938683, -0.12367121895645483, 0.4072424264468196, 0.016371782167570292, -0.14710199224027432, 0.3677194218712473, -0.013138437325824426, -0.017889910286874033, 0.10421098028568687, 0.0018369844707417649, -0.3610316929228701, -0.33439417757100787, -0.42291177425875315, 0.14347700238830974, -0.28848289586424525, -0.3130943241912324, -0.13777705578490895, 0.21730270845409538, -0.38166977717645734, -0.2696536674006754, 0.31117262937296, 0.22025565887494902, -0.01848335061051387, -0.021185357279917882, -0.2892960489482366, -0.33875374013737425, 0.3333649963952542, -0.47755396184570864, -0.4568556686648346, 0.07348651135226825, -0.338870859632462, 0.12954042488815498, -0.46080913476051644, 0.07226929923046455, -0.4440879958395558, -0.24174035398329152, -0.3199624604237029, 0.4582383364845537, 0.09935752279492971, 0.0636047023357652, -0.4813799643627631, 0.2195472995040887, 0.1617450626291581, -0.21654537359435955, -0.4142514972642555, -0.05079663838054327, 0.4927758237079788, 0.3673023989920944, -0.32943321601030373, 0.3303635747042808, 0.10083871441120007, 0.2946160702604512, 0.3204531801304974, -0.31811584812990035, 0.15964875005785306, -0.2354793014547103, 0.22418679807775588, -0.15732872543966814, -0.04652985485990824, 0.0905959909323073, -0.27018621282122024, -0.11453811725815244, -0.3914298860984845, -0.2976514509118249, 0.3595916920106055, 0.00435952607071266]
Bias: -0.08020498732839387

Neuronio Oculto 33
Pesos: [-0.35043880637354397, -0.4037014232767956, -0.02413081451052268, 0.11474816948036692, -0.46096343638187176, 0.28386823483876844, 0.003329208138459494, -0.38248359342522953, -0.017759064887519105, -0.36967115922283567, 0.10347465082471052, 0.32752177865207344, 0.39696895284753164, 0.2748704230678033, 0.14923173510653387, 0.02204422966155417, -0.1296225497512199, -0.4565617166635185, 0.029816518939705605, -0.2705137436209498, 0.30230019600781377, 0.2895555851509546, -0.11876350380094491, 0.08904808614120652, 0.24139404228224504, 0.2615392270474919, 0.19670760315746671, -0.4022830916532174, -0.3661168943753986, -0.02285876299545997, -0.2674871093773443, 0.3590532473014114, -0.21673333199104416, 0.3767663131932245, -0.0913532953127848, -0.3109789862821293, 0.20914883720610788, 0.2894224823051249, 0.07798714580044619, -0.382171396018849, -0.49280594754941853, 0.1545461208031974, 0.1877667367777761, -0.18409828537072936, -0.1377302102254092, -0.3452214194381864, 0.15157593477793174, -0.24636727376801604, 0.35497692626792854, -0.07643845256663684, -0.13435590556352828, -0.22443945712001123, 0.18060570506344842, 0.25497190060983344, -0.0867718417040636, 0.2837884169635375, -0.017532242993119396, -0.129787031120853, 0.05491135629832855, -0.24622235455730368, -0.19334691332540554, -0.15564369578514636, 0.2054946079710852, 0.23578243060461068, 0.3549989228235969, 0.15928284912620305, 0.24781419507988767, -0.053405122584780695, 0.19931144229505338, -0.33820488229186374, -0.28554185846191993, -0.09943909357427716, -0.16156215369065308, 0.05057621459681805, 0.19705740872446031, 0.20678993353286979, -0.33926199086678277, 0.46457025137451746, -0.49470936652742803, -0.40891141576129597, -0.3546715641642463, 0.4258617877978491, -0.06462256544723599, -0.4359195436306894, -0.278229755380488, -0.41996026330419733, -0.46224466171492107, -0.11567398957397801, 0.4844481006312732, 0.11396559071671386, 0.02100554322055892, 0.21160583170898117, 0.0974725638140963, 0.44571585784560774, 0.3202287344282204, 0.140291314530137, -0.06102795145876416, -0.2982927571939854, 0.15688422270684288, 0.3039099091153836, -0.2139934882913046, -0.4663906486037416, 0.09951491289248948, 0.015813631552828333, -0.2683290271819384, -0.33051710818689783, -0.4639388668556512, -0.26074337471262277, -0.4997127281453766, -0.34255523914960917, 0.4968171438272063, 0.27967287897641724, -0.146872336643472, -0.1048568829487938, 0.08608016520969852, 0.01774270098929487, 0.236925540146395, -0.43138282806294104, -0.4098341424048495, -0.2155062129636206]
Bias: 0.32976480244929984

Neuronio Oculto 34
Pesos: [0.41500897394815395, -0.15190475175175755, 0.4632876650654888, -0.2234921513028778, 0.10636340799225219, -0.30547480691403894, 0.4297138408121203, 0.0749067217458147, -0.23889249432806092, -0.09286537389279836, -0.3935350436074234, -0.4276140294732961, -0.20574817553187996, 0.44701546517766255, 0.30294224257235736, 0.4567093495852752, 0.37611304624306696, 0.31314734960637425, 0.07489387877390896, 0.19419186147130008, 0.4660554556331059, 0.06316860380493017, 0.2699671927338335, 0.25747328504667244, 0.46123872530161436, -0.04115157066587605, -0.03927955853548781, 0.08682651714997947, -0.47264930246792614, -0.3837316985590774, -0.4324457393387464, 0.13366179755818852, 0.4941980333654755, 0.17691297606509993, -0.2700698614108459, -0.18426930597107138, 0.4554456871233602, 0.0165042172048383, -0.49027680828557507, 0.33217704492322864, -0.2517423906379225, -0.40699056983790827, 0.1736979167818138, 0.32107468949253015, -0.4239711794663109, 0.43139623983566266, -0.023444545910710324, -0.14646207378382892, 0.39431625287020666, -0.23092421753120096, 0.44711810906347815, 0.18310730852376855, 0.40992745898788785, -0.001000659636316903, -0.3003334609056908, 0.2354290652428307, 0.372742498408298, -0.2932213676779901, -0.2972334412117267, -0.2503045660530425, 0.11859689918180827, -0.3440044315238411, -0.3933107098946088, 0.42018812953298956, 0.17581212487652653, 0.16342407832045003, 0.11382697527575247, 0.264244212635527, 0.0414739546030245, -0.45773687326900225, -0.017707918798949396, 0.12066747483176665, -0.007659622295787982, 0.4853613293244484, 0.39699977319329505, 0.3687688356245534, -0.009194648393453297, 0.4843946826775545, 0.4160068296725573, -0.21973337681681293, -0.2779072169201867, 0.07666518634740971, -0.44585182871121587, 0.299269917779981, -0.021679923387956546, 0.04076794559182706, 0.0024752121216725653, -0.1062830771476021, 0.18633864653038945, -0.32519963788095096, 0.47650719523704177, 0.19824456809613955, -0.03992940995356997, 0.18921054905964885, -0.4881800213895511, -0.2892476142985523, 0.08100821897944677, -0.17456380008457362, 0.11277809636177138, -0.24029923090970196, 0.048563400379188604, -0.26286084749245475, -0.028654635261544548, 0.11308404313844778, -0.13407584887807322, -0.0012299833898031798, -0.28946751788934366, 0.20071262681630075, -0.12769037213118395, 0.3543260872408196, -0.22037046811931593, -0.32011077127300414, -0.3688608335012761, 0.07589272920796208, -0.2714332505003314, -0.4001302590905469, -0.2300508930974634, -0.2641948271144924, -0.0677812482691651, -0.119116617768532]
Bias: -0.35415626466246364

Neuronio Oculto 35
Pesos: [0.4591479207466692, -0.3504519427345171, 0.30566836155759014, -0.32339272334038716, -0.0004021738881493375, 0.4955617702996016, 0.3493899153966604, 0.017006974920500628, 0.22056032952463056, 0.2853329366938784, -0.19996581784655132, 0.0621384520717112, 0.0678345192053117, -0.10159809813667242, 0.19054317596064418, -0.4399636222759834, 0.3138180692068463, -0.02346057564786297, 0.12986221236215445, -0.05014518093620823, -0.16534346148543722, -0.13903797894487846, 0.060350034814264486, 0.43184457577776814, -0.2422851745475808, -0.48016466638624, -0.37876251078329626, 0.36736858397413674, 0.4631165609179141, -0.3010418893631268, 0.07589445747334866, 0.14913095189957504, -0.3254611642705416, 0.2803090980992371, -0.1448909616091082, 0.17319284014735015, -0.012506255695638346, 0.23652616476215504, 0.3896324491382205, -0.11892900158715425, -0.21347642344421092, 0.13171219048346894, -0.3551516617219326, -0.33242446451946617, 0.3077171439570685, -0.1626116900010669, 0.131273408325837, 0.07163757387379344, 0.34890077193880864, -0.4286559218234426, -0.33800051105301465, -0.27178206061212673, -0.18312175830443878, -0.20864364720558015, -0.2325276091293621, 0.14464429315518823, -0.22875189864865098, -0.05510161235202826, 0.3628064836470025, -0.13683515974957128, 0.08691977352601055, 0.4655260328224946, -0.08601093912632685, -0.316113800896616, -0.4768989076834924, 0.22777241643240442, 0.16202254780863967, 0.4404373373379956, 0.20069692842468423, -0.41993526212445287, -0.33308953496034754, -0.39699068594311393, -0.43620760040883977, 0.37869097644974137, 0.048433743818293795, -0.473635086633759, -0.10298747923983054, 0.2649963721335957, -0.41674879860931335, -0.23754773573501287, -0.34472563799983813, 0.15483267554334978, 0.3854713170963988, -0.1906293464500014, -0.25260348068480776, -0.215824719941911, 0.12648068462618967, -0.36872288937313613, 0.3385177788928746, -0.4714287069800871, 0.16354913530380455, 0.36036881741339255, -0.17479868334352122, -0.023845259344626446, 0.47498154544009463, 0.04058416139228316, -0.22758557238768584, -0.05515506762925615, 0.4695422645545462, 0.19762287690704738, -0.3229633600202879, 0.09758419883656066, 0.13104752264105968, 0.13585113642583568, 0.06398448672128743, 0.023459804354507452, 0.13952824871081204, -0.1903386718860034, -0.15283169983586908, 0.039668122136059636, 0.304707766246453, -0.05813969442346556, -0.13421667805162218, -0.24019295606227564, -0.19642708442691104, -0.49990765360507194, 0.31537978916088816, 0.3479464883826706, -0.15611508275000574, -0.030802044755973812]
Bias: -0.4916828894036267

Neuronio Oculto 36
Pesos: [0.4220883957440529, 0.4469575118681244, -0.02293292954854287, -0.49086740042366683, -0.06956468673076655, -0.20707738699761224, -0.26878460648084146, -0.49278201499423246, -0.12635612347296643, -0.08826413093386543, 0.060554358639615447, -0.10524792037981667, -0.3367305046697112, 0.23711785410337738, -0.11027673014680406, -0.12164193972503823, -0.23701972455375098, -0.07776061724630734, -0.26043818506143945, 0.26453829407661456, 0.4099544034392849, 0.3075749404275756, 0.18464029037851926, -0.21532314532654706, 0.2429268921311517, 0.30880864909903716, -0.08709612348675266, 0.35348202339160406, -0.3175928209973572, -0.21040470070871453, 0.13689270954834676, 0.11772941390251535, -0.22786586954837595, 0.1227537802755535, -0.3122105574559888, -0.48060460275300365, -0.4503679277769014, 0.03497075305976627, -0.31406240185847434, -0.39772651134346027, -0.23080486711085446, 0.21519594221127503, 0.22710707044753498, -0.26718950204404457, -0.3493163063025114, -0.006420446804254687, -0.15808714613137376, -0.18842331479694452, 0.2994623519360702, 0.4979634461655995, -0.03631553279657074, 0.29142471426529526, -0.16975135296416966, 0.34354629926807856, 0.45164404173260797, -0.4439616555981072, 0.2756529107125235, -0.42861530525094316, -0.02985322340128027, -0.3078077070735472, 0.3415392879402597, 0.3172507239995703, 0.32825204739433145, -0.37803844381422924, 0.2681456708511898, -0.2510376394927659, 0.27122533302733454, -0.05703905785707997, 0.2376190125535086, -0.4664897084297249, -0.03916536468772014, 0.27099596779018864, 0.02113912005728391, 0.4821158514056141, -0.02717445500848481, 0.1814423200578532, -0.18789063441593024, -0.17693681151709384, 0.12916425413069932, -0.45781408440526894, 0.43742092363223384, 0.020926252917509602, -0.24668725966491112, 0.1385200120420238, -0.3012763681976002, 0.3875195760435425, 0.36365766574960035, -0.28221175094489714, -0.3870715406837625, 0.13290896590174472, -0.1754865123699032, -0.33263964359171394, -0.22389995616155223, -0.38035040798926134, 0.2891437801948885, -0.49107014411065786, -0.4580066309789046, 0.28347524025105986, -0.02472932123834992, 0.09621228393161252, -0.12860133669676632, -0.41052009725032557, -0.3423015438026249, -0.408598447695787, 0.11864485843794115, 0.43084878451862707, 0.4969731029835355, 0.12513233020940673, -0.4402248683905775, 0.14457489664791845, 0.20132814002300292, 0.29146624436521273, -0.3741725423347736, -0.26732536914393645, 0.48167571096383355, 0.2885618257868735, 0.25669752320138906, 0.30552537658658585, -0.061281101903402635, -0.30703470094984153]
Bias: 0.18924998028404216

Neuronio Oculto 37
Pesos: [-0.1418325027495686, -0.36526782623904774, 0.3986630442700426, -0.014697866837486862, -0.062499995834940814, -0.20528540355910307, 0.19703777499565478, -0.31022416378034856, -0.3133732710508962, -0.15233532098173452, 0.2324024101227128, -0.22467553714169686, 0.3313495933911199, 0.41447400197804607, 0.05452031016605652, -0.4311234166388406, -0.34497452192467304, -0.20432733878926523, -0.23665073110456802, -0.13288729299546054, -0.49928017127575053, 0.13802606244353743, -0.12095643033342263, -0.31446570990285005, -0.4812801434119448, 0.35682928833421457, 0.2760165677979388, -0.2612134417839789, 0.22100356268392318, 0.15828941737981994, 0.03895652159340479, -0.11250915981926435, 0.024069768810452308, -0.0024508404304527387, 0.051467807249214514, 0.11303924235052676, -0.17739996008720604, 0.14090392978507316, -0.38953586596059586, 0.023200539193235503, -0.4333201569037344, 0.3351933578982914, -0.3702257336777539, 0.3734927775805723, -0.29792097131121786, -0.014629712763304714, -0.4012464133514677, 0.071012181354699, 0.3362995266064913, 0.1579212582849684, 0.025821362614411703, 0.20131402157471256, -0.24406146966602194, -0.13364597990570382, 0.10595362423245003, -0.429126039049878, 0.43021103680905104, -0.2912619065064985, -0.008594498571725895, 0.38976732516346646, -0.420043196767128, 0.30101994901088414, -0.4392998117139485, 0.05801988947002168, 0.43824385769986063, -0.08404679729024689, -0.1309313491415265, 0.2084337849788369, 0.3236429662774005, -0.23418436550333477, -0.45934684772565715, -0.4296118703897559, -0.1960954511319446, 0.44460348200723565, 0.46058674543712486, -0.40288074984233746, 0.2251719328091889, 0.03166105140247255, -0.3105395868933243, 0.026192021793697062, -0.2512369709459866, 0.12532505353915202, -0.3211021083710829, 0.24919435797737244, -0.08481539975025976, -0.39448581810084427, 0.13862429988804204, -0.14203663412859624, -0.041279407571625626, 0.16524235477354365, 0.3828240193732261, -0.33319068109645256, -0.3196034613999318, -0.09844282638510482, -0.16248712943843102, -0.3418235441006685, 0.4984335720532814, -0.05698783000171215, -0.14767592472966784, -0.18484500385760272, 0.4914629906181269, -0.17534589137990764, -0.12828048756462873, 0.26418436790437116, -0.06941192726675449, 0.22586768361516973, 0.10841337025703901, 0.06314470280428408, -0.2860718639562796, 0.2657082196342848, 0.4261469225926574, -0.24591087281697588, 0.4616517756313344, -0.05250021100175062, -0.10290943831059618, 0.22631327833729153, 0.4829564711785478, 0.09576282662378577, 0.017609358840329215, 0.49341200955453923]
Bias: -0.1981583460676013

Neuronio Oculto 38
Pesos: [-0.19966603827182638, -0.2781132965175599, 0.35572042550820615, -0.47829862854240046, 0.32193992244711445, 0.189719183909427, -0.22404286325639433, 0.053663153285320675, 0.056323085506768455, 0.42592245021173225, -0.3452852137812441, -0.4622636999162302, -0.1443442467145093, -0.36159180652359, -0.1329171069739361, 0.08215570635987002, -0.2670058514457656, 0.31107423678265833, -0.40809487871462735, -0.1002017515222361, 0.4178818033444678, 0.23426595387757987, 0.223580526744515, 0.29290419431427994, -0.3270975091436774, 0.32570524438488546, 0.18959510104989918, 0.07623246177669807, 0.4076556421470944, 0.09523120255958006, -0.19960674615672536, 0.2307893619562772, 0.07628369615633868, -0.42152260407714615, -0.4440772911766806, 0.27090150367013843, -0.1520697930470668, 0.3171417000465422, -0.08347828738208063, 0.3678310969512203, 0.3697865141212199, -0.2732823286378484, 0.15277918316035088, 0.10230163431654249, -0.4885656190373965, 0.27741861814404734, -0.11751303781473676, -0.19521660712075717, -0.4588177478364368, 0.039929729438669126, -0.35041998083269876, 0.0024016104472327493, -0.27920282517971484, -0.4494801858541725, 0.23157857356494138, -0.10711729548096482, -0.05438376402228928, 0.0951321912948403, 0.0047293461120347935, -0.2779143718485857, -0.21021697084331292, -0.10567759612193406, -0.36781095462912194, -0.41745488736141734, 0.07144059051062934, -0.45068890192991196, -0.10080870045305812, -0.4149210125317646, 0.001823115605794623, 0.2738251365562566, -0.36962482510482586, -0.36512923627404503, 0.05929617731354031, -0.012138900195667213, 0.15224843897916884, -0.30390069960677923, 0.11599683759420187, 0.2356677541453226, -0.25375415949288693, -0.4283560196589151, 0.2767718987916836, -0.17658835884378876, 0.42413808089508287, -0.41040535187326477, 0.17174755344973536, -0.07645939763435994, -0.15169214315347568, -0.17926163714733045, 0.09387714904107047, -0.47579316966473095, -0.1951811524536069, 0.4876519169637292, 0.1162209944545034, 0.4901591822713317, -0.05778989476574847, -0.3541815248097224, -0.45512244906862676, 0.3181719201318144, -0.30031478639424425, -0.12617920967943064, 0.2577337825930621, 0.3527641451792004, -0.38762825921489574, -0.44546198663824577, 0.4489409150257888, 0.4267296951091071, 0.36875235164496856, 0.3201339564299962, -0.4862667073065686, 0.19379522505611757, -0.38872200768353016, -0.049938429361654046, -0.477251884848798, -0.2909904588757979, 0.03800545790698606, -0.29619864712339483, 0.023265881466531302, -0.24134199657440147, -0.01697366965530822, 0.2299235835097888]
Bias: -0.3586525790760582

Neuronio Oculto 39
Pesos: [0.19875523200825285, -0.48161148744369553, 0.08300494332641573, 0.16352834199964317, -0.45651799250054104, -0.3296803529552367, -0.2159864589520093, 0.2891884945074221, 0.1179647763913978, -0.44691475134372105, 0.15475787181538703, -0.4916658247515724, -0.11135485276302082, -0.2286896209196625, 0.35208294475725865, 0.16010037332936478, 0.36428227355995346, -0.4809216760658058, 0.3674104428544812, 0.1494111447522284, -0.268831379862183, -0.11929879703715207, 0.4766119398898542, -0.40039628815746264, -0.18454403069122027, 0.3667727455281198, 0.03156064516321322, -0.313582612582481, 0.0006508228688788531, -0.04201373785221929, 0.4263499730264335, -0.47851154178565447, -0.25260786025024873, 0.02941536385511989, -0.1664303653692243, -0.10660018217272527, -0.3429947494091673, -0.15322009709245454, -0.148086917732819, 0.12523097025101038, -0.2637952342927873, 0.4782442672445463, 0.0012514611771573536, 0.3118928600997455, 0.12579236371576308, 0.3786772741911604, 0.3904020860787615, 0.314858637678337, -0.47053410154479225, 0.05493935159680552, -0.21980615537179493, -0.34829181923131536, 0.39717531496917147, 0.15693175894961264, -0.4122049828626986, -0.1177928781455917, 0.4606056934445716, 0.11244839335010548, 0.1255246004948266, -0.2725720225473245, -0.25963919182942397, -0.3472508458311484, 0.47053717309521703, 0.4097353935641712, -0.1707152616294535, 0.042233751205892345, -0.29324272533899065, -0.3614234732014634, 0.04135382685101496, 0.3001050591640936, 0.36258766158006817, -0.19100160383781728, 0.20513638778510068, 0.023805483501871727, -0.36474750615608476, 0.4956858002320087, 0.47577690906859926, -0.35484760510748814, 0.4330299464229068, 0.4171121206734174, -0.18250378915806087, 0.057340298093568776, 0.4486015641647615, -0.3816127092828213, -0.18240241080878306, 0.3796381216162653, 0.22707953326019148, 0.2654350125691849, 0.380131900108576, -0.08595984458032113, -0.08874823672065069, -0.05699551295034799, 0.43376852439119296, 0.39413009313380265, 0.43325003041580024, -0.22620383536847644, 0.2791078849727928, -0.39322856715659893, -0.3152535034254327, 0.26244748373296545, 0.11198159766902405, -0.23313738699552045, 0.06704309293897459, -0.269088651266987, -0.26781746573066434, 0.18737788517836096, -0.14073866546544866, 0.18814128473271607, -0.0233977799558146, 0.0023245874504612685, 0.10471175960275148, 0.21201912797666, -0.12604059886949903, 0.35212943246558515, -0.008554402933665273, -0.3624872776583853, -0.30674017052148983, -0.4677704467729542, 0.26453885412823464, -0.484985739548243]
Bias: -0.23014129735381872

Neuronio Oculto 40
Pesos: [-0.08695597780828024, 0.24236666166289955, 0.48824341746295663, 0.2577765897256292, -0.43386367576511065, 0.42710320617779385, 0.4856276395863681, 0.3671290026386034, -0.01005710148913641, -0.1751043731959544, -0.0424550705582879, -0.25321615913841367, -0.09513323175747157, -0.45817372494988184, 0.2353317798996606, -0.11962583124487913, -0.18710250858850253, 0.11150487467005199, 0.24246785470794474, 0.09380580139278905, 0.02523053170288958, 0.3757829718598168, 0.2869198623188731, 0.020649091223748695, -0.048390407436337934, 0.32701010165934985, -0.4575840839909022, 0.49583637152404814, 0.018702652587511692, -0.10438880336410827, 0.23517008155026742, 0.05770094981340945, 0.016126683094798477, 0.1306485530927204, -0.45070455081872396, -0.20882063776587045, -0.10196010854544069, -0.19544585217776145, 0.32762100760575075, -0.038652836036036975, -0.07753781754955857, 0.11313427924389252, -0.44545333318447355, 0.01696965026613806, -0.3577603812249084, 0.32989350442663956, -0.04830191217034463, 0.22264679149283306, -0.386828413756405, 0.27873114187603976, 0.43784245769923935, 0.19611414183979559, -0.3646933258096374, -0.08644069490238337, -0.04911414515292567, -0.3211214210563844, 0.090315475289654, 0.21263439130630268, -0.2980679952908424, -0.04531679235264918, -0.24991770592276175, 0.19171742833090144, 0.4071624630054067, 0.29648622247572254, 0.21837471971856304, -0.3764557831645665, -0.38583506117592226, -0.0506015819752782, -0.13705661084274545, 0.023817306066148847, -0.11591262573842831, 0.2910665942370252, 0.011666451484505291, 0.4497538891427194, -0.12132136858742026, -0.11939299073885323, 0.26826032378438835, 0.4122527788221324, 0.06549157851416909, 0.15953034060204385, -0.3499102654894882, 0.3688185374782038, -0.3211332353267313, 0.21204748787962258, -0.08041830876423273, -0.19048169456301822, 0.2686304223609426, -0.05374176585092749, 0.12645284966152925, -0.38244602159752017, -0.36842896818791426, -0.2971482947205537, 0.12256032798734162, -0.24688902488196074, -0.04135734217146336, 0.3554110564190316, 0.04350115960430023, -0.4942494511009461, 0.38270292053719457, -0.26212164598052323, 0.0888623271843092, -0.02428801019684612, -0.08984863428864365, -0.42059508263158385, 0.10010210429558919, -0.25528682856136664, 0.04734160958314637, 0.11976603886958526, 0.057548648268888725, 0.3252525047036826, -0.4510812000569703, -0.35174383182030966, 0.15327687821552027, -0.46327894817758797, 0.3538292872341877, 0.16699654294619493, 0.33801443579260604, -0.20155845335788225, 0.4203846982695362, -0.45096863725120095]
Bias: -0.08304307614464179

Neuronio Oculto 41
Pesos: [-0.3217516082425772, 0.17209049526140496, 0.11108975604865401, 0.1915136180806667, 0.09496898630471962, 0.2873075795335859, -0.3225807326563205, -0.04466217197973432, 0.07896629244229669, 0.43147981938600566, -0.40687371217823043, -0.2007055184034866, -0.1314305745249259, -0.1210606484095399, -0.43233332217900466, -0.07267616060890536, 0.050471082813485446, -0.20716728664326045, -0.36545421092194896, 0.194619438494801, -0.22558145724826661, 0.027052733404620777, 0.02464620925370875, 0.19582949734517163, 0.1120537449284239, -0.39069776556367375, 0.2297285197626795, 0.12897859907855547, 0.48718926375858285, -0.016337016790552994, 0.1886542782543451, 0.43389167478818325, 0.48627844234411144, -0.2128126961957395, 0.10884460693447262, -0.18351144150152776, 0.025391225331594658, 0.4950243355575512, -0.14614665562580997, -0.3702868624456974, 0.06263433766660775, 0.01970580018449375, 0.13185760749683606, -0.007495546281484078, -0.32009276834380873, 0.10940575773061534, 0.20858706750339306, 0.47925765956607036, -0.4984190827741688, -0.476013202481824, 0.1254607423896532, -0.3820742760787281, 0.34806978857018667, 0.2995643512555062, 0.4989870072501308, -0.08595886047562817, -0.16620774306617647, 0.060415504917826546, 0.1375035435880566, -0.48870273202197023, -0.2988128610699098, -0.21837329674946138, 0.29019550284621165, -0.19222745075610292, 0.006689627096009176, -0.17607616061692988, -0.49386873756470717, 0.18583578864695793, -0.1586384147699973, 0.2243966428110118, 0.11599334299648423, -0.4708826181885394, -0.3243709117620023, -0.16948516790698998, -0.162063144726457, 0.17247295736602142, 0.41616305317357516, 0.2972543838289249, 0.14565222066457484, -0.018504476879639298, 0.12720048770768888, 0.39205832678991814, 0.03696754497236454, -0.16489034546561487, 0.28398903320853874, -0.08604693466581426, 0.24258464616553688, 0.33510573596561866, -0.2006562533606393, 0.22496415434924977, -0.18449715856330695, 0.03588547571538703, -0.29173752980383016, 0.18549330034642875, 0.2995353334858003, 0.38802946951823525, -0.1464044595791919, 0.46961329243559313, -0.21953997134611647, -0.4688268353108137, 0.48361876886517385, 0.12651084761525067, 0.34240577493585256, 0.07098164115614503, -0.11043372610674129, 0.09519186702999938, 0.3645936905022258, 0.25154020866961335, 0.20526618404551944, -0.18550060160577286, -0.468371784154345, -0.08613043213786353, -0.002945565603310385, -0.26235775372696246, -0.048093670387137966, 0.4507267497675769, -0.2838601207353144, -0.1976817013694887, -0.387768727733078, 0.2849439832374083]
Bias: 0.2777903914607942

Neuronio Oculto 42
Pesos: [0.4133538461670586, -0.05622590701285979, -0.47506522537004003, -0.017336808853180785, 5.430842993980889e-05, -0.30978832140478574, 0.4236367678900952, 0.23244106675594367, 0.023627961504151695, 0.2755332091997411, -0.3567049520501391, 0.3717989854384329, 0.32213851796294346, 0.4380238467167811, 0.1767172887378956, -0.36728284355113583, 0.2245706322532336, -0.040631589385955014, 0.21367739040263145, 0.022344873218506422, -0.4958901307658754, 0.43233734402082824, 0.18705233073326955, 0.0942875807872049, -0.4129241084062327, -0.033124097517237994, -0.4538602299757092, 0.02057771210506687, 0.15898428667749998, -0.18751919997870736, 0.07755983440945902, -0.1878571015682009, 0.39213558442775664, -0.17911963015380872, -0.3074543603765415, -0.22335046133193526, -0.1808502094985016, -0.058884377247661046, -0.38234916126240637, -0.3506792772002816, -0.22636311415984933, -0.48474328250960974, 0.1229449626775515, 0.014060661959463983, -0.29342262042664957, -0.14968186207588274, -0.18151508814802697, -0.3584431712085172, 0.20435369613768783, -0.21673230399129584, -0.2551749261373656, -0.42875712877975736, 0.11326288351597713, -0.16126110747026579, -0.05635236165876556, -0.36992599793529, -0.02926442099144755, 0.1754959378425479, -0.39407308113873274, -0.44620012427777367, -0.07353425478997266, -0.3210170067498268, 0.09612136253175052, 0.09275622389816252, 0.33617440380249086, 0.199365499957176, 0.11631533768493163, -0.18755934884896808, 0.31744197903683136, 0.21289868472816453, 0.1708702654339359, 0.033484928895127775, 0.4736818888990878, 0.25574293557128513, -0.03430463695683106, -0.36820471962603807, 0.3128510177310593, 0.41968904211073665, -0.031724094619877685, -0.04441582925325871, 0.18447797480537442, 0.21021590207884822, -0.03460343576561009, -0.2683057863455395, -0.27620554608313985, 0.36109627705589575, 0.11694208724836075, 0.4128616106767158, -0.10792308164124886, 0.19961462108242822, 0.16518061854189592, 0.2887787063478796, 0.3824038902279815, -0.04671693230042806, -0.4697358677881569, -0.02466563796336163, -0.1485591793160731, -0.03875831629510029, -0.32919845519768176, 0.2679415147648412, 0.10444023143260373, -0.3726059980098183, -0.39706778969104606, 0.31755289222503513, 0.29675777336196074, -0.17413027170188833, 0.14945141278895724, 0.2924309395411471, 0.03274556592833133, -0.0991835252155665, -0.08655809433329642, 0.12087483885654104, 0.04794901727900114, 0.47389173122029493, -0.11618354122296026, -0.15928584182084993, 0.31391570489153153, 0.09097019904217485, 0.2843139766171964, -0.06464629197708383]
Bias: 0.2873267705902519

Neuronio Oculto 43
Pesos: [0.04452688019076845, -0.26384568085457794, 0.16261225692633685, -0.4221055974113417, 0.4308632590763928, 0.07418829081019895, -0.01336969350037831, 0.09216313508209206, -0.03709156568811767, 0.055087701213761386, 0.3220230523140447, -0.3238259977993688, 0.45588344637895895, -0.43039236517057433, -0.39125536616512635, 0.31406671998206825, 0.27134337887067883, -0.12108898663961709, -0.0057048526034571, 0.16016475902111993, -0.4094669951676446, 0.3170335899212713, 0.38726153657412443, 0.40325600471339007, 0.1361328200238896, -0.499815659544783, -0.35327464594780367, -0.35078356822599166, 0.03125582107531466, -0.11001733976921324, 0.07793141489595001, -0.30433337982250996, 0.18151678798664617, -0.18340228274661807, 0.07027640785535161, 0.41320426523356824, -0.19544986696167577, 0.4433332974961137, -0.06527296663976301, 0.4825803035133921, -0.15573537356935996, -0.41071259541267924, -0.491880747590283, 0.48642164849060676, -0.09580258393558305, -0.37244430294256525, -0.205815337133329, -0.1307771064260923, 0.04888513660356042, -0.44687268882361575, 0.20335412442706713, 0.32075328363996913, -0.14075536944196887, 0.3612478396461102, 0.36567963682997773, -0.2647588295361736, 0.20222188227000737, -0.10573167633105596, -0.18187269038130605, -0.11721038515841475, -0.11843495491750511, 0.045118787968278395, 0.1624875603125252, -0.025128587044262463, -0.3117731619222345, -0.1154049423089053, 0.42448204279160406, 0.33996268672671537, -0.34573270910627496, 0.49745604301047086, 0.17006608192286754, -0.36572255185542446, -0.4282540034622756, -0.48429220062497347, 0.2213392323619774, -0.013298663065383631, -0.06326488424111143, 0.49021764200758744, -0.41533655571028394, 0.14224289958135494, -0.08414453372245467, -0.043971345621478086, 0.2889284245326408, 0.10442951269679523, -0.0742958290632928, -0.3202026229024354, 0.009414914430116661, 0.05205003038101952, -0.04995423268739352, -0.14469276945485987, -0.31420896630904194, 0.10457325732283285, 0.07793850077805631, 0.3468038866736991, -0.26325003272198144, 0.0017288049254599036, -0.08916218633529216, 0.04616626036429661, -0.13302997474773326, 0.47823344944316915, 0.06814957770159935, 0.2048825425548747, -0.3868356303850653, -0.01846709130899804, 0.1904972648625307, -0.35791252009432417, 0.231293183016837, 0.4835790981303949, 0.48366837762729975, 0.27886981725260884, -0.03506367268450894, -0.4217653980601074, 0.38991547830455453, -0.4115536492673211, -0.027548427651354346, 0.24168611067337487, 0.46041104695735224, -0.42191808161084343, 0.1336876641154081, 0.29809824064097135]
Bias: -0.1875002785545654

Neuronio Oculto 44
Pesos: [-0.4472257278592492, -0.15645382899766225, 0.2785271332471325, -0.031131189658978875, 0.012663110390715882, -0.030767607882877468, 0.23381454744572927, -0.07898389285121465, 0.46058130247712514, 0.29822322200699103, -0.21079155677923445, -0.4646737598251466, 0.4228645160618164, 0.24942527937941872, 0.22697171408699113, 0.06370627329083633, -0.4385822368465361, -0.026839468045971704, -0.3309207590456308, -0.44838011520862675, 0.4903648293894023, 0.30889577967956716, 0.12431700548006652, -0.21318434562712774, -0.41748983318491784, 0.005596109307276054, 0.3514452560526342, -0.22215120306573088, -0.36746123719366075, -0.2190280685185112, 0.3578583840799012, -0.48579698993690934, -0.388450595708031, -0.3253861523409822, 0.09177012547081131, -0.3488643865350214, -0.05334683232183146, 0.3078406913235736, -0.23874741209650263, 0.20077487257268933, -0.015081486248901599, 0.2993720064117673, 0.3620144280276486, -0.15715200465864199, -0.41559853429089766, -0.35492974821072754, 0.433941854698388, -0.3458497014819517, -0.004051724428226877, 0.4935855747233917, 0.2703677891430779, -0.2620525608907097, -0.059814991608268864, 0.13757466649475136, -0.28914325253846207, 0.23436111093933154, -0.1549242805367278, 0.1422610973149202, 0.25548393144854165, -0.3840056355854631, -0.33239960324753137, -0.10125519725507548, -0.19863287004630092, 0.24615054539033598, 0.25242785306617055, 0.03252083237216852, -0.1201992058492456, 0.20560780458204808, -0.025410419235936232, -0.35485016904441924, 0.3702777358497257, -0.48813695990449035, 0.4272225260534066, -0.05117937637862502, 0.17849340525037505, 0.46176272280703046, 0.18287631091379186, -0.45898238496956, 0.41771214106152466, 0.13742415125539964, 0.45618365588962495, -0.06821412138279115, 0.4180420164172792, 0.35835567319833184, -0.16503259338195542, -0.2329121842807803, -0.4017232115913636, 0.15434328156841415, -0.10884623631009027, 0.2731510153061979, 0.24909091175941345, 0.23431345575965823, 0.08872429110480307, -0.3050743153694845, -0.16259339691908548, 0.19027832890462015, -0.32008334760911894, 0.04761255540384335, 0.17280185973999018, 0.33168949982488116, -0.48803858897649677, -0.4023012405241708, -0.39609271522239187, -0.05405779666068844, -0.2805836742725175, -0.21670298090654538, -0.30692046855358956, -0.47629952714296264, -0.4080587174230672, 0.4385054677288128, 0.1566055185643357, 0.3354591370882445, 0.45048895924825194, 0.13808288515947853, 0.20807510582950217, -0.38002289022217417, 0.3564408243051602, -0.3700927467945335, 0.15639462891115063, 0.3998972151272433]
Bias: 0.06606880428791084

Neuronio Oculto 45
Pesos: [0.46716550875282736, 0.3960016303572437, 0.19565363365607702, -0.24666426111334105, -0.0330444227123422, 0.4361820599117441, 0.13878050784352236, 0.422695390844698, -0.22361643784225638, -0.07301660111381503, 0.40339149287029497, 0.2698805091538996, -0.17659587221341888, -0.3380339683537834, -0.42600293995970884, 0.27710595028391016, -0.11720099755681734, -0.16734526309401865, -0.43994135217190833, 0.45560569921732585, -0.23533514754526708, -0.059425167222332376, -0.008278213594690165, 0.42858629823229544, 0.11030188495393423, -0.3215578299352291, -0.007942705538641959, -0.3561273996484865, 0.26870732330719804, -0.281613501802338, 0.1433381669688948, 0.41260922284112644, 0.21540031775084323, -0.39671288404717375, -0.4270804966210401, 0.07134455984491961, -0.2494036497381541, -0.05411794767704026, 0.39651239289120865, -0.3511457245583436, 0.1403352692787918, 0.4328937235313328, 0.16460583649936178, -0.23356351888472238, 0.20005519933872562, 0.4046175434539494, 0.07464025172370481, 0.015383002963704207, 0.4399110732301371, -0.00932054610446531, -0.06394233253663228, 0.3440491536838368, 0.2809370369633708, 0.28538170509114624, 0.04012871701901288, -0.4966926397053609, 0.4541553459261455, 0.31797665938608255, -0.017933658352467075, 0.06724388551193528, 0.43504218750895096, -0.14108167340278843, 0.1818357356103366, -0.09938520151976749, 0.13227252659958444, 0.45882388686444164, -0.40933302517715575, 0.034626296560034686, 0.4609255220000653, -0.419543215325612, -0.040360646244488096, 0.26650808967619133, 0.1477925718063151, -0.3233816954905132, -0.4606688174045611, -0.1158363248353147, -0.3089968390846972, 0.19588227860707574, 0.39646069785034666, 0.1306170574489428, -0.14073887849969013, -0.415137515327229, 0.1327912691085319, 0.2353241830279268, -0.3600570482336113, -0.30690728109058296, 0.21973903474497458, 0.09294542847935205, -0.010767449522260386, -0.43700736915514493, 0.04055204721843919, -0.19226912036773458, 0.0339400467645663, 0.33425029226972225, -0.05069272245038947, 0.4958336280019453, -0.46295732006963264, -0.4439455469122634, 0.2877785319165288, -0.4571854665465068, -0.3818128912770885, 0.3071037058074022, 0.1673164183133813, -0.041629635243939034, 0.1780778234466912, 0.3742553929728373, -0.3510463704090454, 0.07934571231145893, 0.42481581175352234, -0.46312233257696245, -0.35840952777195945, 0.15383152677910772, -0.02878036419168961, 0.41801907582858266, -0.4541983064809252, 0.20129681116928466, -0.36946226645734015, -0.3277509910415005, -0.450042002613378, -0.19266266509339802]
Bias: 0.2936971045828777

Neuronio Oculto 46
Pesos: [-0.04381540707330489, -0.32931061211711055, 0.09104248928992154, 0.3178001777639269, -0.39366879974171765, -0.0028565034644499887, 0.29917522233447824, -0.2794274757570766, 0.30445353092730887, -0.0737885360617705, 0.3115210297397967, 0.48219275279289775, 0.1783978372961924, -0.17576505898831463, 0.47585326942867323, 0.075967010452485, -0.36267059801824486, 0.3364270922891228, 0.29310166994655007, 0.26422788236727224, 0.09308525304084747, -0.16449627233131314, -0.3792545104481775, -0.3587631973806763, -0.08484567576608926, 0.19629578567987183, 0.053407729901418954, -0.061338787945772744, 0.42567553059746177, -0.45930110563806537, -0.4000321493219414, 0.34736671024705923, 0.11244150531389596, 0.2776616376471047, -0.48436967373172246, -0.013032525176386534, -0.49365042144638305, -0.32058714385228637, -0.41085875997885135, 0.15175579185583077, 0.386915141967919, -0.08377775778246288, 0.30741180324733786, 0.27256270852694264, 0.1923583308375807, -0.2938397814103376, 0.13982570373229486, 0.023086864131831586, -0.08796867549975407, 0.438089610446609, 0.11053798863048525, -0.4623787880221608, -0.31999953301847917, -0.00011236509643641757, 0.45029806411282114, 0.12719165404501254, 0.28258303032219234, -0.1521464331538538, -0.4954299587181926, -0.26436099267078295, -0.38249217728820806, 0.03019902092808091, -0.4043161450406839, -0.1380986954068314, 0.2611282392351487, 0.039722826388036814, -0.28072386634188895, 0.27033128311085874, 0.1593271583922855, -0.22357341607608638, -0.3062810069868035, 0.29661297164274314, 0.18524375441507757, 0.46857383781287343, -0.025587160158791922, -0.3236761826294692, 0.17014263512695604, -0.4568843986538976, 0.14486083659673532, -0.214935479986744, -0.0653283577309417, -0.1657053707777013, 0.30515367455839804, 0.2584080208327444, -0.4566825173465826, 0.24041688481313417, 0.42486134571850775, -0.3241123917844474, 0.28549201808173374, -0.01493860397559621, -0.383934914537821, 0.3950791749007987, 0.22140308055893243, 0.09270666226567159, -0.17402768567900162, -0.3012486044534538, 0.1768525458751079, -0.17431504107964613, 0.2789752789596681, -0.17386777529282826, -0.40193586619855204, 0.23774786600914188, 0.3698863029476689, -0.12446761212225899, -0.27933724169783514, -0.02900974016567881, -0.015592284095739206, 0.39048884388703897, -0.3550587280380342, 0.4278871164428707, -0.04500912742271457, -0.11266969611134325, -0.36359538541927794, 0.2198212161224702, 0.1320211169018609, 0.4755558913178334, -0.2977891092308511, -0.3727882353060351, 0.19221052951116735, -0.44034828036573415]
Bias: -0.36349850065179723

Neuronio Oculto 47
Pesos: [0.3516513665432802, -0.04142107502949366, -0.3287986832831832, -0.15642399177064337, 0.38640897195906565, 0.10363598284712516, 0.2895469650221273, 0.13799921388000347, 0.1115280904291428, -0.33006451593248964, 0.47013584191170055, 0.35500402174668233, -0.4135256676994552, 0.35697376371747835, -0.010786601437635435, 0.49566433739991933, 0.09158087129510184, 0.336989026239238, -0.22082912166041246, 0.23001775464497776, 0.23617885911910586, -0.2533458229315919, -0.17270405266993705, 0.07946703003649858, 0.39182262813657276, 0.0917716320324864, -0.35103029821995857, 0.07370078487881859, -0.494922418759973, 0.4801840412931456, -0.45994132018630585, -0.02934736957046169, 0.26860639083546645, -0.46637944559978217, 0.031121726291776786, -0.020730660783376487, 0.29801751447210834, 0.3212913207560718, -0.04755863178309028, -0.259488507486198, 0.05848696643917772, -0.48757700850695496, 0.23178628389997835, 0.44993389560287056, -0.3672879982113415, -0.20420957178576005, 0.14764019846135124, -0.40927049505762636, -0.020217048607501398, -0.19516339777556935, 0.20330448790850364, 0.3579221112309455, 0.24728669661030256, -0.4755865262715461, -0.045159202339048465, 0.27183500780630043, 0.3741990380222714, -0.09463962774764201, 0.28985871278905717, -0.1295795393972773, -0.035704212606682995, 0.13340230287137356, 0.36038265099603695, -0.42930140804589345, 0.3934344402756589, -0.16709386161774153, -0.46728582459248624, -0.07409774696165317, -0.23021061943430476, 0.44609549352900113, 0.04243510645053805, 0.29447875326235906, 0.28769184414047877, -0.4190409584309518, 0.3808472479559084, 0.23576078513445897, -0.4451883247886861, 0.44532222978773794, 0.17465296658866492, 0.38797790595563186, -0.38903345627371233, -0.13440914105361057, 0.11913345039542267, -0.13442885602688048, -0.3247325968133461, 0.058790458030057335, -0.4329940858426824, 0.20933713595252856, -0.2952874069034621, 0.4812516222516423, -0.2613672946420772, -0.3864423211735607, -0.0215065349833663, 0.43914793247190964, 0.08011938535519969, 0.45910373108717506, -0.2902060243995973, 0.24501671463911157, -0.2745627737010732, -0.1472883306597692, -0.23264214766348923, 0.18022673892176988, -0.22285466600611814, -0.4366308199404644, -0.15477341821483792, -0.013773094851895484, 0.02668259910911186, -0.3772905657428217, 0.20982528874206896, 0.1783082919223533, 0.032855465259039374, -0.2077356468738737, 0.12095126783956467, 0.29990386719484974, 0.445365322330766, 0.3087958766377302, 0.44087588700004166, -0.43437240877484107, 0.3919032132922037, -0.042125880067730326]
Bias: -0.41982959664849573

Neuronio Oculto 48
Pesos: [0.39794585987040265, -0.21162731231557952, 0.4566269299160488, -0.39063507940794373, -0.22405726379137803, 0.1970821108516606, -0.003671265017255676, 0.3749931395370971, 0.020687639356440024, 0.12727619724489947, -0.20683055805760142, 0.46957460554244645, 0.04143495806844133, -0.3679726312018565, -0.1532997532179209, -0.05613994793810517, 0.14468444154770888, -0.20848320283695565, -0.43705049140724084, 0.3717937007694624, -0.26767193649003274, 0.44744871198848246, 0.1446720312228602, -0.08830827043425593, -0.15720752138077843, 0.14605122645813495, -0.1736935862440736, 0.09335725505542258, 0.19686358071987498, 0.3419078703855627, -0.054743696317023915, -0.19591766173205039, -0.3680457480379796, 0.2893482618517801, -0.32826287456402403, -0.23999254236532797, -0.01575688740683867, 0.4707240483771733, 0.2697497371249922, -0.4526810635005062, -0.1468791046412138, -0.04407346281249935, -0.33363692746586937, 0.4241316404997548, 0.2118121723481765, -0.21475341780274737, 0.47320608925342067, 0.33933167687141264, 0.19285926896863537, 0.16635596599025482, -0.34651519983072054, -0.2620946756234964, -0.45884854351153204, -0.18337416220810143, -0.3735264879398895, -0.23959280275052686, -0.31550341691706063, 0.06248724242399917, -0.46531091134583, -0.1830562354771602, -0.15615298488777718, -0.12708506399073383, 0.039866596277547406, -0.3374023919281144, -0.19844023047767567, 0.4204339759418756, -0.09543766877748883, -0.000583084162189329, -0.3546161133960706, -0.04195926392219007, -0.17978206905682936, -0.4957056941825885, 0.23849498142410497, 0.4756010361567812, -0.1687193539198939, 0.2054513565864925, -0.026089326322246698, -0.21017281733747162, 0.44400952573241026, 0.4806897788797746, 0.07372758289342918, -0.3529165253074753, 0.06523151493477652, 0.4068807879261084, -0.057894465784099514, 0.1891469814800889, 0.23164052128032764, 0.40017446905434806, -0.3605767065435027, 0.05095999029931497, -0.19191779922846264, -0.09837007807551335, 0.3408769162026405, -0.05402730884109774, -0.40751886869693943, -0.4449663638461292, 0.1413126527901719, 0.08343144153381765, -0.2778561429583777, 0.4356650767258936, -0.22207283082816254, -0.4774513536424224, 0.03841229416021241, -0.054541918061201455, 0.17155777631419666, -0.4126230629098453, 0.011787521797594458, -0.30554996065448703, -0.1822421878339956, 0.10507782184746739, 0.4434021641019553, 0.40844695021783095, -0.13893513085277387, -0.3520540616216975, 0.3538040699633991, -0.13037003289079208, -0.12716884901977488, -0.21534963440209476, -0.1486449665718873, 0.4775236282168033]
Bias: 0.37430173576647796

Neuronio Oculto 49
Pesos: [-0.41240136909712, 0.22785335695598175, -0.05577963783198847, 0.4925971658200753, 0.3036855045147565, -0.21136598166979603, 0.30567278510332596, 0.47036067320200503, -0.07616780155446001, 0.39642882655705347, -0.36043231311804413, 0.08718006758343955, -0.41392202568322956, -0.2922162092981403, -0.02538686999393691, 0.36752581987754285, 0.48663834732336353, -0.4338842188332007, 0.46009529822080497, 0.2561140535456866, -0.4115517213447477, -0.09053936124737572, 0.4144104963043992, -0.08548598606219138, 0.055813844964801906, 0.2102470067733252, 0.25524374779218517, -0.36307296008424794, -0.313993581888946, -0.11823046736819176, 0.053866926510524826, -0.4577670855611622, 0.32624830530578564, 0.3345852016300578, -0.19608562071546554, 0.059281056671261934, -0.036548165794311305, -0.4731599853096936, -0.49755332504195005, -0.2373229764389292, 0.45602659613307717, 0.33424307135165354, -0.02745883074270994, 0.1538129722022522, 0.39268652564055495, -0.0828432278381862, -0.00811349669997996, 0.18784318599690375, -0.2552497384813236, -0.38064533647359644, -0.2227829658012821, 0.4943329540686706, -0.4332751736127487, 0.24556557358622177, 0.08106577009324656, 0.06557458964041252, 0.3683459181928004, 0.12799604748124505, -0.02395928670273173, 0.19424509866744866, -0.3804163159936502, 0.012525869406441292, 0.07526368660885896, 0.3452800680662481, -0.3371527673180812, -0.441489606006912, -0.18031888856706058, 0.3783172644174325, -0.3645026061133634, -0.33669114818507195, -0.22732964634028496, -0.08048599484378749, 0.412104621195468, -0.14401567691031925, -0.21014380237710406, 0.02961232989241569, 0.4363170197369656, 0.013866493059805252, 0.2664424376787986, -0.31675250258528165, -0.4054913476201707, 0.2526285064752095, 0.043712335248342504, 0.3724431344584407, 0.3268219966068482, 0.18496715128330288, -0.19892769104645425, 0.1854437194613181, 0.18834664197655526, -0.4041665901659406, 0.0800466414662403, 0.3233148168304377, -0.48710233616121534, 0.018170746277405003, -0.12698580489450817, -0.015100975245278314, -0.15968690871516344, 0.4107879784928943, -0.3975821419218465, -0.34544508529169193, -0.2788864982755963, -0.311583215034703, 0.3970567327637613, 0.11342835940161955, 0.3314161818660438, 0.025652824685497122, 0.032095653657221224, 0.051112828420585954, 0.25630674364105077, -0.3860332636732887, -0.03950864139176047, -0.4235996744292554, 0.31884474405074226, 0.42340975267722747, -0.020481770126447807, -0.18842653415314337, -0.13743143425126392, 0.31703870327724437, 0.3897263853816817, 0.09764863940418589]
Bias: 0.2635895458617169

Neuronio Oculto 50
Pesos: [-0.15795487037146727, 0.20989488292250225, -0.47124046277656995, 0.3145741084113485, -0.27764215224448985, 0.3568152091968375, -0.3576406636234585, -0.2734255693299449, -0.37465581886588784, -0.36978174760111004, -0.4213950378834824, 0.1908181366549706, 0.28402972304614027, -0.4222647024780035, 0.27469230804037215, 0.2573340343776902, -0.45748305919504917, -0.3921826181352682, 0.2930551816507342, 0.013479192504109228, -0.44073476292876645, -0.3810777820011281, -0.2469875287765153, -0.43375263883437365, 0.16758642353320408, 0.25455027145522524, 0.2823708141132708, 0.4200980708136556, -0.29459881344733363, 0.4011748671533497, -0.3152181754216504, -0.1484663335289127, -0.4092206869605409, 0.34586152245251833, 0.4418449795050595, 0.44879160508328186, -0.15216345822659683, -0.3394426639740312, 0.0006344153046766721, 0.22855408946392253, -0.2581774778298347, 0.07023535719765006, -0.40089431539485976, 0.078133678162426, -0.48601568841309295, -0.28300192418834846, -0.3084524798075572, -0.2181432085352134, 0.4016602915079732, 0.03712648901588411, 0.47357990388087445, -0.4013142814916961, -0.28598461359383787, 0.004195271814590673, 0.20775609072085843, -0.13353697435458822, 0.08938057113532549, -0.06033417080696157, 0.457747735882733, -0.31915146235568714, -0.14517765506132607, -0.12038494330576177, -0.2857259995173589, -0.272445787432954, -0.38715452133559114, 0.48461275036841833, -0.37638459752573306, -0.3896838387867244, -0.36408763009446854, 0.26227367938496504, 0.20473091519081033, 0.057132122830574006, -0.459391436858118, -0.17188459266936185, -0.3842773930372215, -0.21638855742703555, 0.10038950842748895, -0.18799308920616997, 0.47617904723502824, -0.056044129834522116, 0.053915891105549174, -0.20941067498205368, 0.3553656669554238, -0.31121501433272847, -0.4303908430430693, 0.3410582751217216, -0.024323203123495007, 0.17913110827983458, -0.3207027166129214, 0.49872332568585054, -0.00835162645507248, -0.3948281154306996, -0.061941649595928405, 0.15854826328544813, -0.4149940899072748, -0.3566324383406978, -0.09937571216346985, 0.0905572323320124, -0.39827784343486916, 0.42529031554183083, 0.4778533292466641, -0.43528958884097646, 0.475207494192469, -0.1613683536629119, 0.09496082994363819, 0.49066131863213347, -0.37723783230133634, 0.3381091313414588, 0.2252005003326394, -0.22148166772114486, 0.21349380736032242, 0.08191862399615324, -0.22702720942867594, 0.28949273229378625, 0.14383117812294555, -0.09976447108315456, -0.024173716703973724, 0.10316543243928855, -0.0955564008092642, -0.015467140738557927]
Bias: -0.2211093668090247

Neuronio Oculto 51
Pesos: [0.2679995555775966, -0.39196333198107736, -0.24931013964607285, -0.00272621787472227, 0.12837102966310832, -0.36539161928204067, -0.40039660976977387, -0.447147579265293, -0.43177132682401764, 0.17810744067094386, 0.47207255049866204, -0.11736701723498166, 0.17920436208662305, -0.3472633488271192, 0.1219667615237282, -0.4036663714038473, -0.4234827409604147, 0.25160974651537016, 0.2675721085979603, 0.29273141522721813, -0.29806824554828615, 0.1620932333014834, -0.009749639743605654, -0.2383347262260459, -0.1563843502887965, 0.3596723119953944, 0.046620033813047246, 0.4525804949102171, -0.4684014768100414, -0.06959359437133628, 0.41493915855239405, -0.11637012325141194, -0.18544080218021364, -0.12366343704941762, -0.04034376117601157, -0.46714020388670885, 0.0566665504828916, 0.3603607027186637, -0.19695542838647795, 0.20605920377481157, -0.00852039135485061, -0.3655117577876176, 0.21572318963021397, -0.012545073300517129, -0.3906180071170985, 0.17502458014006694, 0.1600785892738692, 0.18537416710996912, 0.07221023343368149, -0.024088944775943477, 0.3543514695488732, 0.006685048757025025, -0.10861518037772944, -0.00530886954780585, 0.47087075842766235, 0.1169396763778312, -0.1472362297291252, 0.4777829444739039, -0.17951721652281305, -0.4718530134077116, -0.4548815479263808, 0.3369341519952572, -0.15112321220671077, 0.242057134091608, -0.47310015734140565, 0.39134289045000814, -0.15874347552229928, -0.40264995077141985, -0.1548569724563843, -0.14263391932897573, -0.14873073953055416, 0.16124000582269493, -0.25238606903983596, 0.14808282488658664, 0.09253166679249503, 0.41038901871436284, -0.4344997639288012, -0.19508754376715953, -0.16240574293003052, -0.48028800980436204, -0.17388316216038457, -0.039090613590420986, 0.3633685217982011, 0.06804940488010502, 0.40140984521189793, -0.2333811147481034, 0.19595847628787078, 0.08798923359987465, 0.4857647815087015, -0.12226240657006548, -0.10969920961244883, 0.07253864480350658, 0.30832656836776895, -0.3999433167959455, 0.1751112953268611, -0.16403253751448255, 0.002768522586354405, 0.2649039005293514, -0.16046057517359247, 0.1148278735542364, -0.13666569464335032, -0.06400886772752834, -0.0030482885580942476, 0.3473340941526536, 0.2871496086964098, 0.34038048871110593, 0.03583402346134257, -0.21264444094035706, -0.4524686388871054, 0.496227693360453, -0.09797264781144999, -0.2741140229659358, 0.242888025626101, -0.4080421647600321, 0.3441868840023372, -0.40526638484102007, -0.16316193883594177, -0.4327302234885969, 0.3011856714715335, -0.024731632865176434]
Bias: -0.29026084134491925

Neuronio Oculto 52
Pesos: [0.2956517493476092, 0.151536813555203, -0.1981529853892362, 0.304126711934127, -0.06708951545166453, 0.039947579155511836, -0.2999230145341587, -0.09769904426288023, 0.12496387597448544, -0.04677139467328606, 0.2634422149327582, -0.319399149113174, -0.48139667788264207, 0.20333164569902495, 0.3627098067592005, 0.07684329524042921, -0.28704719498152875, 0.46211707460811724, 0.24220801098721467, -0.03270468661236803, 0.4371629255855557, 0.03271933502654334, 0.11442229787092384, 0.26911916514363754, -0.0662755151492661, 0.0661164427296449, 0.12675847157747788, 0.022269585733473485, -0.13572533084089544, -0.35225631117542133, -0.34952734599684543, 0.18530663673229575, -0.19972432520894712, -0.064611215813009, -0.18134681984643686, 0.3302143805558815, -0.43557247047180325, -0.296441958502181, -0.08756162027318215, 0.3237107044983252, 0.14604265362459645, -0.24355336511988268, 0.1012322696755068, -0.09413406075177033, -0.3864414233717155, -0.30808398851972696, -0.25441339018162523, 0.32722882412776766, -0.035840299089384464, 0.0598250105328344, -0.06386708898828086, 0.1469220512036653, -0.4629962652773373, -0.34064151143497257, -0.3635693711851399, -0.24160315253086517, 0.30353818295726165, 0.15867071264018195, -0.3240147781052156, 0.3525210175084499, 0.4637868905251771, -0.014158034457014912, -0.480091258471256, 0.3595840029158106, -0.41607045893442063, 0.10159974022194118, 0.367171779748661, 0.4005748849741255, -0.09299314844032203, -0.13656575477367594, 0.15743060324877012, -0.4096937075488639, 0.44316214203693316, 0.22423445316218038, -0.35943984809487206, -0.388067636110087, 0.2344804070908466, 0.43293544739963563, 0.02195755887193329, 0.32898158267453115, 0.44967450033959633, 0.43155562523946267, -0.2481919415559538, 0.3845648623276411, -0.26192314475907896, -0.37772316654629357, 0.30668724561788385, -0.17071408903349816, 0.08432622058120631, -0.11004933114467863, 0.24837422925203267, -0.26406192082539137, -0.07713100151711416, -0.3557220912962108, -0.3248457445643199, 0.46992347594013306, -0.06052458727079968, -0.24569407952651434, 0.08948094439450949, -0.009641419846788346, -0.12529501542733823, 0.44871088946581883, -0.18351005356203742, -0.07621868345995164, 0.18273844753464075, 0.4633153399656248, 0.37943354088271586, 0.4369722913571561, -0.13700198773129457, 0.21567122912212666, 0.3213653661919489, -0.4789257895544352, 0.46680515933952793, 0.10581473287052978, 0.3414729665178784, 0.16222343444035436, 0.440848276426437, 0.19068245528234007, 0.28880271070896524, -0.2603241707907402]
Bias: 0.05272790331162669

Neuronio Oculto 53
Pesos: [-0.19073149830885938, 0.45848361179692143, -0.1371449015799382, 0.312250298896792, -0.37794623125411064, 0.36695293513224936, 0.3576471391499251, -0.11152898514370546, 0.4097890999968943, -0.10702443176874976, 0.477992854400923, -0.2444663099878419, -0.409749672291261, 0.32270772573849504, -0.26453954504860266, -0.28961350873547254, 0.39024672776629943, 0.41589080124233546, 0.13135270265627164, 0.37946724751776273, 0.2667409006091169, -0.09371118404479772, -0.46611831878098464, 0.3664445883042704, 0.3231977803964665, 0.4404954201854159, -0.028908716611996566, -0.08703868145870264, 0.3411634663695261, 0.21738601790641243, 0.3767612272392674, 0.3202413104504016, 0.32440086573618154, 0.19848218754656666, 0.006334513920301377, -0.14814365341610813, 0.10211594201051877, 0.31342804840004235, 0.23778552060401692, -0.046738246864005184, -0.47264910666662874, -0.44790117709805977, 0.14159251141354157, 0.13015634151849864, 0.29101931781395374, -0.3639077767500595, -0.09933815002385293, 0.12829627324303639, -0.18627819734953832, -0.41776794857659794, -0.3421775605559084, 0.016365891051023707, 0.4696645868391346, 0.3306213814704162, 0.2631627032912742, 0.34696042980265707, 0.18575337834891825, 0.2926422949091957, -0.18060087076209563, -0.021634520042644212, 0.23517210881046802, -0.23932012041301265, 0.18746687168643184, 0.32676860934183316, 0.2995286679401794, -0.30133628037274673, -0.085503575447205, -0.3181107461937206, 0.3763900129297377, 0.44475715484230993, 0.3843414304434549, -0.27551286652136875, 0.44810921715922714, 0.4231123518834261, 0.14710668930413684, 0.12662735751798182, 0.4068447805119795, 0.4741275717498725, -0.30173379732829964, 0.2012611542033469, -0.33124404363495885, -0.09896508888897271, -0.07109663188164883, -0.23984222002885347, -0.4109387326387103, -0.1320798458894873, 0.4472435084524966, -0.3826494811913751, 0.21858342383681006, -0.06484126468480145, 0.4199890489003425, -0.04629213491635442, 0.1736100427370446, -0.38148765098688053, 0.21356371196467694, -0.30945583473106986, 0.36193672428587387, 0.2821219434306237, -0.21203802714911835, -0.005831842258024911, -0.3698006687215821, 0.35633772765551464, 0.1000827864972248, 0.4952074499732918, -0.21703275496730168, 0.17718865118446325, -0.08166900887809792, -0.09147589808357115, -0.3540571478845692, -0.209807038485049, -0.23820053610588898, 0.1176802400572351, 0.4073282349729386, -0.13036226046902633, 0.18426708614256648, -0.04183588858143483, -0.4896797577375054, -0.36679506397661965, -0.17675402034521726, 0.19302355794276826]
Bias: 0.18685244926972433

Neuronio Oculto 54
Pesos: [0.2133359490595419, 0.20845316665836378, 0.23610410539206816, -0.2437744060676127, -0.4047205779179933, -0.4412476863554671, -0.16713745943408753, -0.2651585603435903, 0.40822653736398873, 0.4967394367335324, 0.43932194017463577, 0.46720984430796275, 0.09823206595753098, 0.24824184037635433, -0.4544881283837484, -0.24634311717344826, 0.11965787694556762, -0.19749264435824854, -0.10530318564726404, -0.12909878691853405, 0.46805781045724404, 0.05956038863304991, 0.08048690989145801, -0.23970834784309203, 0.003746721840201417, 0.43032694115621395, 0.37789675197068495, -0.368080466317773, -0.18268261320698587, 0.03042380089260377, -0.35820426597888766, -0.38315794383533597, -0.4558378385117904, -0.3721285052656337, 0.37167955915161577, 0.3348040378168273, 0.24782336771929414, 0.42623704247240735, -0.21707449180787308, 0.37693638550651354, 0.11293157063118497, 0.2615639189386135, -0.23624205949177834, -0.1869896841363955, 0.3926718098296509, -0.18445708053656495, 0.49456506588514726, 0.26367541365363223, -0.34873525384310855, 0.35303366126755475, 0.15741947767624398, 0.29822018325321076, -0.4467778117290143, -0.3513791929590169, -0.2701394544307789, -0.4641377518307602, -0.2397760364148397, 0.20596286257455376, -0.06357013347727036, 0.4952017433581889, 0.42720634113930744, -0.459208291459682, -0.14347988375411502, 0.20902914226691804, -0.014800485538246533, -0.007011449988999385, 0.3458383509499129, 0.3668793003861137, -0.376345765966145, -0.4064221217950158, 0.36817310962167715, -0.31934503588859997, -0.3317049983893585, 0.008737763930646736, -0.22720844624007208, 0.3908945222432738, 0.08567740181383598, 0.08354739098254249, 0.4716273546526262, 0.026015406599995683, 0.07078781113452348, -0.08358100861003104, -0.42316453720511926, 0.26825342698477783, 0.1769085160963626, 0.3873676980186833, -0.4740378313937691, 0.18131234482924985, 0.18063940943770807, -0.10583019723327236, 0.09033849782607284, 0.451219850078746, 0.33697720858110736, -0.3462245313162021, -0.418936763255051, 0.33069922557254616, 0.15953932315003194, -0.04594448485704716, 0.45520153097300553, 0.09420425935094279, -0.4941946392549059, 0.4697705138016268, 0.15617275701735056, 0.45089596847520763, -0.17508453169898397, 0.23154521733389122, 0.23431955953596795, 0.45740277913982763, 0.06915843583136938, -0.2886331389600125, -0.4513177513960156, 0.14364402952010935, -0.17682915331313787, -0.444464976014197, -0.42927591095003326, 0.45190018864193204, -0.11860907008833432, -0.10114150304225167, -0.32198919922053726, 0.46504930981157333]
Bias: 0.3655155107298289

Neuronio Oculto 55
Pesos: [-0.41081169232344605, 0.352345833243599, -0.3370593161247455, 0.27949254514572197, -0.2150641110005379, 0.25255856629038187, 0.15406429882447914, -0.37939801589737343, -0.00915490239038752, -0.06764158058249004, 0.30635319591835, -0.18989869278867344, 0.1849619418644428, -0.36871333152767827, 0.16552029621684172, 0.33205287432265895, 0.012653225659364886, -0.010376964170914826, 0.38541303864188137, -0.023560313370232344, 0.06305707693353846, -0.07692941956056398, 0.25649064349037665, 0.3109943596142234, 0.11386778344479076, -0.0658940774896275, -0.07398290117869188, -0.45956191038085925, -0.15825515260344902, -0.0364751243856547, -0.27576978767208304, 0.18623653585937228, -0.34493029914298945, -0.004677746241698366, 0.12955958133358791, 0.02467778387643471, -0.20929697552160054, -0.06264448106897536, 0.40720771105248244, -0.022388634827783305, -0.35139346134523874, -0.372210251656816, 0.4029036186665941, 0.34153795427570866, 0.023092057017473855, -0.20451836609441276, -0.4522717256024903, -0.4234674802623539, -0.4549050963415614, -0.3923678285580011, -0.07508647879198638, -0.4055156375120842, 0.16085525393716982, 0.0684782103659567, -0.2466196689348099, -0.245139795649291, -0.4182304384660217, 0.0034445674439421703, -0.3860645090005088, 0.16157832341550993, -0.320447804136745, -0.3177918654463454, -0.10704266246215466, -0.416709434865031, 0.3767553471355032, -0.20235248421172536, 0.08720838818024601, -0.04500185133997903, 0.1702598664905719, 0.12381039416666373, -0.2349256102641346, 0.46671962677025736, 0.3713448182493896, -0.3128082661996159, -0.3149126091732046, 0.24702931927283245, 0.10405287339775016, 0.3716157948479709, -0.3936693412527523, 0.03437600298162713, -0.49415293041665975, -0.3833217396340922, -0.32826464879661077, -0.022880126087643116, 0.19180622998693275, 0.368780520988383, 0.4658038075584682, 0.10188744012945439, -0.013277506062388644, 0.11849937448749293, 0.473921892171687, -0.13927121690912336, 0.17380314292864207, 0.19029335435556083, -0.10500276234268602, -0.19734334135327392, -0.37491051006977305, -0.48612408197818635, -0.3880874975326045, -0.4841147534844843, 0.4705203636603139, 0.3590120302648492, -0.2907705196655006, 0.14862322170402242, 0.14973982603684222, -0.06421152619950699, 0.12605915112934518, 0.29001153661744694, -0.30908554728259485, -0.19908213041930545, -0.03657444456096259, -0.026010912493771188, -0.47818317177549885, -0.3338945068239023, -0.34757776007964336, 0.20259810570825587, 0.46386687073891486, -0.028510801347883308, 0.35979644544062217, 0.0852262693839494]
Bias: -0.2986615799752519

Neuronio Oculto 56
Pesos: [0.06943046174534229, 0.33383853280345643, -0.44907781978063244, -0.4921257190207875, 0.13040988033733902, 0.21309281462272955, 0.4794869379377804, 0.3486162610031903, 0.23707831337050544, 0.09583955057768923, 0.054304525248902724, -0.20922546806173614, -0.012503486874100855, -0.013899039377602063, 0.0910392755613787, 0.11149529319465867, 0.1786679171403731, 0.31668923696603024, -0.012098504365192553, 0.2142903287761262, 0.028308808945265773, -0.07799545246062167, -0.18414984976309778, -0.4364894310545261, 0.392877196135374, -0.08286254190548814, -0.026662028454685682, -0.005211199650938192, 0.4389644760353849, -0.15323588663097187, 0.19751444038920107, -0.4791930752893282, -0.21198921854638209, -0.30779870249896923, -0.15615261019683868, -0.26789688685807633, -0.28029765495912207, 0.4090701541675186, -0.16084700136083674, 0.10210013280401964, 0.34246713455914823, 0.15695813647260726, -0.3688414329053954, -0.2066059580222145, 0.2113851859448196, 0.4598033682768127, 0.33308074579534663, 0.17310729363933341, 0.2345846322197881, 0.2959726637030008, 0.2997550589661422, 0.34453128398974053, 0.1218423784316226, -0.21754278473036337, 0.24925430183255592, 0.16705645235545752, -0.37090344597927405, -0.3005157771981203, 0.10574900725622272, -0.39909627442447504, -0.08401563806046031, 0.49376723538134304, -0.1963481066024385, -0.2905670586464516, -0.45295066387011695, -0.4818694043249879, 0.380906106984675, -0.14295612516307943, -0.3413945348954589, 0.3279486884136622, 0.3944574706515588, -0.4680299922316109, -0.4363344137539361, -0.06937953744851588, 0.11756292154409176, -0.3793119671793175, -0.2759043612601959, -0.24217785899592326, -0.1596757860117719, -0.14475902341772695, -0.45332364164222116, 0.3777136471645709, -0.23250876444341473, -0.3488216262056817, 0.19013558234047645, 0.0153874427399745, 0.16948589015112825, 0.20640491731779298, 0.42663209845325145, -0.06217329353848933, -0.04286436019355733, 0.34159697410288703, -0.3890691550473887, -0.39410814060529775, 0.11057254381221415, 0.2821562577663913, 0.44738349394401933, 0.32361022802049566, -0.4580305627934208, -0.3945889162492283, 0.12992611615403993, 0.370869474153118, 0.41098577053575536, -0.34296745264269957, -0.20787701228139288, -0.05848208992209525, 0.0058966167151256466, 0.23255189411709243, -0.40070576105791533, 0.1470929709355302, -0.1653924746873917, -0.3622275358216207, 0.3485950917146379, -0.06089153908463818, -0.08425016128108431, 0.26903316383501563, -0.2546839353828627, 0.30914521570252873, -0.158679930219365, 0.005022728229029383]
Bias: -0.4147661383001833

Neuronio Oculto 57
Pesos: [-0.12756364259720043, 0.2548452125117824, -0.13935659356832208, 0.16499525491484457, -0.34838878547246566, 0.2535071710471084, -0.0782777906416674, -0.27181799606983126, 0.3017686786414895, -0.08659058125302155, -0.09069068060766716, -0.041246936084028074, 0.3523904794168121, 0.29460734637229613, -0.13822563034489566, -0.47023707298503303, -0.3544156941015135, -0.4900512865362635, 0.3062468656700007, 0.44364284030781076, -0.41522178546858113, -0.185195428120711, 0.4819449243871319, -0.3356753182852844, -0.4385316715146135, 0.2591923850558231, 0.16017617227523662, 0.14146575444155995, 0.40251113157389506, -0.44219017045398823, 0.13160756215488212, 0.21336951702140838, 0.16036163177947194, 0.019778363202967775, -0.20427557513635386, -0.09799718196851881, 0.1808706574200868, 0.053610428225594475, -0.1956769770268274, 0.24269750202965157, 0.4092308532011312, -0.4920977664962146, -0.22021925523721786, 0.027791735607393453, 0.42045059164510523, 0.20029506388260476, -0.053810949296658195, -0.2948664286167938, 0.04442529100447645, 0.28834157897671653, 0.15203708739685873, 0.1974709655735687, 0.38767489650719666, 0.2815630931314602, -0.0954942943498468, -0.3027042457388738, -0.19846858766465691, -0.4630298276436814, -0.1655070752650981, 0.22509868233561914, 0.24005222231057, -0.3739943540061288, 0.4919239695429073, -0.21607214053172985, -0.40718043214327393, 0.051785851361247914, 0.02133586511544039, 0.2570463242805414, -0.33997265977098245, -0.4721087747043421, 0.2965986992413747, 0.09250360174991323, -0.25866022085972895, 0.2741577871437526, 0.22650924639959535, 0.4869547002410485, -0.3895580937565404, -0.440054261374597, -0.12702113196435239, 0.1269895323179615, -0.14552665409585075, -0.4522671270626788, 0.1509624193708824, -0.37525019460367504, -0.20203888734850828, 0.23685869578431096, -0.0468528394477048, 0.48295056250763924, 0.30538756210921747, 0.4890000788986222, 0.06559722657983835, 0.3943388978953616, 0.1277443518155853, 0.0332886565066558, 0.0955489146250329, -0.14966286495922798, -0.2154645050546351, 0.2847892628243508, 0.21485446820233556, 0.17243380203821868, 0.2143509788637289, 0.019666647445502283, -0.2523666686920306, -0.1721530369188501, 0.08236904585775173, 0.3228427229713612, -0.13873246718712462, -0.4020121682692077, 0.21164042074748968, 0.3284376294318806, -0.4180528365653112, -0.4378063274555898, 0.3885092968498417, -0.02374692846250237, -0.05383591295724599, -0.13070578368885488, 0.026255603155148743, 0.08823945789760679, 0.018944999417846775, -0.10521752482641644]
Bias: -0.2363062904454487

Neuronio Oculto 58
Pesos: [-0.001172694292209009, -0.07657780500865152, -0.0599200450702172, 0.43103560766443627, -0.010458933325730668, 0.4732724831769045, 0.32381183030339156, -0.3556538186536291, -0.37287602212455573, 0.21115056766355633, -0.37061481201625024, 0.20452468479562902, 0.36327165759459956, -0.3819418423289753, -0.2873574610394808, -0.026644438262228842, 0.2464963060381985, 0.4440695610569916, -0.13066794036554286, 0.45182175277744274, 0.10160021373866346, -0.09138014085340385, -0.37913357191096275, 0.07176475442640906, -0.4597178584130295, -0.34669548930419825, -0.1285326458146827, 0.491020101118533, -0.1967399172933304, -0.014074459463523481, 0.291203701070468, -0.35786019426738847, 0.08962424413678771, -0.45134895341977, 0.3942529283848699, 0.3890572062394194, -0.2844185442993259, 0.3191250692282641, -0.011206343754487147, -0.3776720944975518, -0.15135105648961267, 0.37042653593929464, -0.08242484568673059, 0.07305909178928938, 0.06576397607009421, 0.40028728796409996, 0.28134934885282536, -0.024772451561242526, 0.2200334953791161, 0.1057097102165937, 0.26195123149843724, 0.004763861272187975, -0.03906383542955838, -0.050070608651483495, -0.05092526116235119, 0.3663455525626551, -0.1747837134501713, 0.2998116211948575, 0.16450231241874003, -0.09037167290422976, -0.26717771664079715, -0.10460287079961694, 0.04099445079132691, 0.4580794920805382, 0.3900431651107683, 0.23591279445122992, 0.1459165296594045, 0.36595357332836664, 0.2072086261570758, 0.07199479363940064, 0.29615878143604946, 0.20739884904658845, 0.06104435507327077, -0.3762183886474805, 0.05935282323622726, -0.30757326666140317, 0.11870405481632296, 0.07685558317314956, -0.4471256140076161, 0.07024438322897097, -0.31060412711979024, -0.024164307842859722, 0.39686428024369524, -0.37971682356108427, 0.4361818099905508, -0.3202565985740963, -0.4810264164584688, 0.2867570460275187, -0.2547133056097437, 0.20561770229725118, 0.3876558287408407, -0.05577053066605375, 0.3069210241253961, 0.10685482114874689, -0.09820213475158046, -0.45501635602509205, 0.361974335714048, -0.47673675164612717, -0.06298258021095393, -0.08506357651906515, 0.3596484104387593, -0.18261756463340684, -0.24282220683228162, -0.3853553758577547, -0.4006663669513221, -0.3318440073329827, -0.35596574706830886, -0.2444454746819683, -0.41037143651971697, -0.193205781637395, -0.09272356570803697, -0.3308089520118108, 0.1144754287684212, -0.17470930381523198, -0.4728288075827016, -0.44149821774643416, -0.11006028876644214, -0.17995853615954116, -0.08717718800149099, -0.1757822092031368]
Bias: -0.12448684169666835

Neuronio Oculto 59
Pesos: [0.3277413986586146, -0.3790337364980719, -0.29744054198546, 0.252133738972281, 0.0860290768481129, -0.007020559097668078, 0.2523899786503706, -0.11495132036986166, -0.38491862811679, -0.4393680220966306, -0.0351764667546669, -0.09292353640900397, -0.01582849004189346, -0.09250621025606032, -0.26625954424042186, 0.3861558960275563, -0.23084026162270266, 0.4634746878309003, 0.17509742901853775, -0.2536839040891954, 0.05470745005869049, 0.28521418665030107, -0.19538715803440188, -0.09325407858206147, -0.4160916444191497, 0.13579899445498267, -0.2965430931532266, 0.46791151272033915, -0.12669477954179242, 0.4853087154640877, 0.2820236626651993, 0.03753562981346714, -0.07624754338449169, 0.4114927318331021, -0.04825799881076753, -0.4989989413869105, -0.03534794627789828, 0.32937178478188744, -0.21075054516599445, 0.47208180403248723, -0.49945706829298275, 0.4335068160430394, -0.01781374012453163, 0.09786775150067317, 0.3394877216219737, -0.11984648556082056, -0.1485820796904067, 0.13220694074596562, 0.08515916646036648, 0.010328421602482263, -0.4545152696861603, 0.23918294559485676, 0.06308157794129265, -0.19936165146741947, -0.10469509885885342, -0.3770230350606285, -0.3603497317055332, 0.05647908150271508, -0.22054170162767706, -0.06803756795190152, 0.1104453094662744, 0.45741717369896584, -0.18169605818441803, 0.18210099596834528, -0.15736474368594677, -0.23863946661621083, 0.2526940011065758, -0.047281918875775264, -0.2540717150101288, 0.4830219471576679, -0.15837019525003515, -0.04020065844809506, 0.09951366728884903, -0.4841253838388754, 0.19184506039117077, 0.1464432919193639, -0.49795248650918345, -0.02347104993254512, 0.4014449939845398, 0.17270640413117422, -0.08683696720160061, 0.3952681772149349, 0.2032996750546746, 0.2624652414976886, 0.038131453701472084, 0.28730523494422644, 0.14909727611591272, -0.4224768836896917, -0.46905247947147355, 0.3320838646296903, 0.1716130781559405, 0.17224591317337445, -0.14700526764959831, 0.31278124732059565, 0.327466835091344, -0.14203425953722726, -0.3228133630816208, 0.2679658443620033, 0.19703013437834005, -0.4915686240437339, -0.03730746827661524, 0.4362478494121943, -0.055422343243932026, -0.27847923529785545, -0.4802183303354607, -0.2188655161816303, 0.42139868966637384, -0.14217898106938842, -0.4100334807017385, 0.11344270873991069, -0.19682146751571827, 0.21780952976009005, -0.26574205621988245, -0.006191328411575436, -0.13700082125666713, -0.21924364199610158, 0.4045075901154257, 0.20696800653656544, -0.2909136786525295, -0.30391320597929117]
Bias: 0.32112347065237234

Neuronio Oculto 60
Pesos: [-0.1039138204533866, 0.36991623250654004, 0.06910223141555216, -0.005988678556106297, 0.051785187376813924, 0.15983842118691516, 0.06570704782139913, 0.18238360138962073, 0.06514023375160127, -0.43463937499996586, -0.37175360511263134, -0.43495067859119996, -0.2403755192938194, 0.06990329068510948, -0.27203482478109686, 0.023079959518453874, 0.2822527086312172, -0.30814845228443166, 0.1779787169629149, 0.491951353623053, 0.19298581538896598, 0.03294151734155826, -0.24707892775028684, 0.06011597725079898, -0.046073876306750194, 0.437890368902046, 0.1409662863098068, 0.4430742237719152, -0.4481372024576381, 0.4387593293413464, -0.06745182838781516, 0.49510647659656326, -0.22596440373571447, 0.18017347543161555, -0.033413272383997494, -0.1385281568970017, 0.2590217146535565, 0.3838024416656812, -0.27545179391678687, -0.22206696928745895, -0.07993793090872259, -0.05113850298343625, -0.4948407158862138, -0.30539186049471934, -0.4181910985700902, 0.07181961691135841, -0.4746280611286712, 0.23744417895099512, 0.4780956111069691, -0.07617974312770603, -0.42555963309857836, -0.2500158384675025, -0.3355184247402502, -0.1891941423502258, 0.12599468697082028, -0.40327390262579366, -0.02003357982673548, 0.3080590741636121, 0.09253077057913617, 0.1262971083451867, -0.16569746404508068, -0.2495905291501167, -0.3921593466879687, -0.2616407874315779, -0.15919803207727146, -0.4455671398219929, -0.16641154498103983, 0.29411111948448165, 0.4435475772091063, 0.27574947178337494, 0.11956655560828355, 0.2640985704635884, 0.12534875755351915, 0.07893446925898173, -0.4144653009286108, -0.43931305470530413, -0.46665632443580685, -0.18672056578037344, 0.34769214461269726, -0.43497178120429636, -0.3724642093330456, 0.4191157877623073, -0.05808159668155888, -0.1985289259944958, 0.12618521177648745, -0.4342097408933373, 0.17756445747457406, 0.05925805160554598, -0.20508322976582272, -0.11854451595482929, -0.4041697485945972, 0.2519633577101529, -0.2668880159811472, 0.09957585325445828, 0.15972403156763426, -0.48939345439217063, -0.11607997518622071, 0.2951646777101288, 0.3799381674841843, 0.11923055426238416, -0.16038352511136666, 0.437584852246762, 0.2829291375426357, -0.04592323662927089, -0.17180633106966803, -0.30751868256921633, -0.397310346273418, 0.09517510766759063, -0.43245552783543995, 0.28941642374381016, -0.3063854582282157, 0.07321213279650818, 0.1373637356527001, -0.24371389779902097, -0.07899299650341796, 0.22462303653993365, -0.055375686392758805, -0.2568475221270867, 0.29702558401279733, -0.4395088171386663]
Bias: -0.18833314191905937

Neuronio Oculto 61
Pesos: [-0.06415187185163995, 0.45974135139364725, 0.2543736350368234, -0.18881175977240572, 0.38522191003817097, 0.27549566437024386, -0.3525909373944718, -0.1913255855193028, -0.15709968439441968, -0.13117000482774488, -0.4919181576544003, 0.08643991245088578, 0.17830037433356327, -0.4426823538736452, 0.0071078674434407185, 0.3351749297935509, 0.3587022055283732, -0.07793885958331748, -0.3045928703508469, -0.29962809651676725, 0.4085002184008153, 0.28526380709114496, -0.15844807632747615, 0.1678601389804859, 0.19478157678128027, 0.4819232558265506, 0.09976230332563696, -0.1688545655309508, 0.07841074888480382, 0.46306488913044686, 0.11610313728177235, -0.08130471163526887, -0.33772001337373336, -0.04569790604631996, 0.2891913869272398, -0.4578078501229683, -0.28059411853586447, -0.49630292774165385, -0.27697491129323426, -0.26972598979967277, 0.12392001757873972, -0.26098096012513194, 0.23458617753050026, 0.45258822899053, -0.1684848904067926, 0.24008138757878394, -0.2946836397028524, -0.3157554877841151, 0.48987804358247955, -0.13718285404226116, -0.4262688431301217, -0.4699824113049239, -0.3848107074022147, -0.20942378461056865, -0.30559655553598275, 0.08568639243177145, 0.26553273469142047, -0.456095174138924, -0.47031442672667756, -0.3021750056438083, -0.32585339085053633, 0.38538222955166435, 0.21883667390260486, -0.16018250698198244, 0.054504955157371304, -0.32145856919893956, -0.478507971941848, 0.3428814207150682, 0.4106489501982198, -0.47900623953755406, 0.17745237899753097, -0.12107724208482218, 0.2874140805379415, -0.3890309904636199, 0.43611410416839547, -0.1949276219591225, -0.2598500671264481, 0.3094877702917922, 0.16090871521353567, 0.4411617556730414, 0.47710184603201466, 0.49769491421583123, 0.3816637950667594, 0.3783878364484171, -0.43462248058249564, -0.35556775418875286, 0.4241554672330221, 0.29489811651141284, -0.30831870784942284, -0.12180447061096211, -0.12574469806289967, 0.09954916260793922, 0.47698154029356643, -0.25545036106546526, -0.4538048076399984, 0.11602800777052247, -0.31089783568355867, 0.035468342111876106, 0.2895877893907347, -0.1723193954887119, -0.44674102493033463, 0.2956119200592734, 0.3728514919166157, 0.3515026383718064, 0.4683843075043128, 0.3858342877700227, -0.2907624265007783, -0.41859229814510635, -0.02933270639928276, 0.16350219856863057, -0.43512695903008036, 0.008613805384306894, 0.25130803795473333, 0.14507156425070955, 0.009158517228559315, -0.0014122238837751544, -0.035732722438882925, -0.1781768671237911, -0.12612127866241585, 0.1945096737392027]
Bias: 0.2156498726885906

Neuronio Oculto 62
Pesos: [-0.005207974659218295, -0.23166454150388627, -0.09905392946224223, 0.4211852236883675, 0.0839826215038989, -0.4633955120503933, -0.28047371734019655, -0.2969995032840963, 0.36316826369154886, -0.10410002456163081, -0.19400096368027597, 0.3887089295467955, 0.07137038675851615, 0.43549890698814087, -0.12589264471434625, 0.050551973914793935, -0.3656696844725106, -0.41597185064071407, -0.055494684585774556, -0.14842504836486603, 0.08396222473042392, -0.03474688893361333, 0.12112581980507053, -0.07389765641725665, -0.032449011262464134, -0.09104722464448267, 0.30450446529346, -0.18297957425550027, -0.11762907337607298, -0.3204342689984404, -0.26620960037689756, 0.1453548526457581, -0.1409070648143005, -0.41758148897798497, 0.3426033891868957, 0.012790989478319026, 0.1436543992024586, 0.2858732959361743, 0.42660591921017754, -0.40159089029887407, -0.4286513227206701, -0.4617186148015704, -0.2996934031415147, -0.30335367713043604, -0.17075870744866406, -0.19728441726258894, 0.31556477970244623, 0.18353932980781962, -0.22553544349489785, 0.2056426376404914, 0.49799570543963545, 0.49840509783475995, 0.2523833566619854, 0.23982100593392275, 0.4123825301314551, -0.49146612159851133, -0.20052584795769113, 0.3223088558512356, 0.283128254092055, -0.09618885855514558, -0.09424151612921572, 0.07995378045593249, 0.1553085074714624, -0.027996006204999757, 0.012646973053176858, 0.26116053723908106, -0.35071885686020465, -0.10249471494869522, -0.27307369766134115, 0.24913707531895501, -0.025561748193776768, 0.015825350485769163, 0.2859746482418123, 0.25762129924251376, 0.2225103513479062, -0.038598862732503125, 0.2919148883661319, -0.18692516650407265, -0.3121534479499387, 0.27013106600887904, 0.19794126911228793, -0.29041524649649264, -0.050028064452528054, 0.05844681732434087, -0.12529983267970224, 0.07750844861380912, -0.37165435920974665, 0.44335400117788504, -0.4903188459590062, 0.3104013849709043, 0.3342988815505984, -0.1601777581461472, -0.08085268418699998, 0.18576280588378147, -0.0966312828448298, 0.2786434046217695, 0.037604006377139676, -0.1739204854745039, -0.47676015967445506, 0.2853578107968642, 0.4221441905136014, -0.34630876051453263, 0.45263754572166026, -0.1697494717822159, 0.12983930706341396, 0.10300278599375623, 0.10783727149574995, 0.36694475554589834, 0.4801721154251587, -0.2957953814514528, -0.10936385345675614, 0.03449058075572431, -0.3116613218577381, -0.3913616439041394, 0.06951501192106413, -0.04846467346695593, 0.394743794982474, -0.40675849339795367, -0.3956868225717133, 0.0529067753079242]
Bias: -0.46794084588829565

Neuronio Oculto 63
Pesos: [0.18902454974773453, -0.011386677422832725, -0.31330789477379073, -0.4305089644242428, 0.4629945560238816, -0.21618237938067097, -0.2669605740077382, 0.15956989321407444, -0.4300205673674965, -0.44254681938400675, 0.01853168018942386, -0.32817428315600705, 0.35970734737673726, -0.08913876569937718, -0.34296454496983353, -0.3892560517107124, 0.036453019219735205, -0.021748857623765216, -0.43123700924968056, 0.45509676563432433, 0.3656994939333177, -0.3700677166100661, -0.2943229950237485, -0.06779932366388963, 0.20967161405677082, -0.02521997571899559, 0.10370944868841303, 0.43915425472195246, 0.08749195339510463, 0.002475021159440538, 0.18483592911777225, -0.22455902247352355, -0.49255669123615986, -0.35730801190635875, -0.43602995705170466, -0.10076308544837986, 0.3075658324870476, 0.02585650480457735, 0.41030253894052704, 0.379239391468157, -0.039795439968292046, 0.07613275229248984, 0.237290710889568, -0.21208821500614938, 0.3809940734423388, -0.04369337598396961, 0.20031653972446517, 0.2116479336645214, -0.2025512725778642, 0.11302751171163916, 0.3099847648281149, -0.32487371254673036, -0.2508651824326955, 0.3999646203051247, 0.23324395293054434, -0.042171847934536766, 0.4108330954542758, -0.3165556810906378, 0.06861526590238631, -0.10644868240770144, 0.4456873613868986, -0.26030474241419277, 0.37053959189304875, -0.22622372297528515, 0.12808320326907585, -0.20811040947841908, 0.41629633357185014, 0.1980439925680887, 0.222409389184674, -0.2827451310400928, -0.006512422775640014, 0.4923897218842863, 0.052823894629110524, 0.4953163815195267, -0.4234663638815518, -0.39477543902102985, 0.2665390802883404, -0.17398686401474428, -0.04906401660413218, -0.24723338181248244, 0.006064571772777749, -0.03783251325251258, -0.4268045079792543, 0.19448571410493598, 0.24973614112961262, -0.11884443205850048, 0.2459574371527271, 0.3557731449187068, -0.10332567216623834, -0.4892626386090686, -0.3853172830559344, 0.4171369756495995, -0.17288963742333974, 0.24867602783624487, -0.015240762670658548, -0.4317628288079156, 0.04842854035662558, -0.2577063909651225, 0.4500184240767632, -0.3597442398161611, 0.3204266896779975, 0.34156253309075923, -0.32941090435910336, -0.4819338723496456, -0.3994848789480582, -0.20585534629112945, 0.0346538330722338, -0.10915049785037811, -0.4224147001550187, 0.2635890469790295, 0.17738314176538783, -0.3465035226892085, -0.14191301034435466, -0.2833275667249242, -0.46555515458667507, 0.17504413077457848, -0.2838335004295548, 0.1967423636299075, 0.33650114115171437, 0.3115118259405677]
Bias: 0.14101218925818748


=== CAMADA SAIDA ===

Neuronio Saida 0
Pesos: [0.2164104332032829, 0.3970098801165318, -0.10938161097208632, -0.19167574909339335, -0.4475847438111503, -0.4953342672536918, 0.27240969521847014, 0.2671142384539399, 0.4288205523021502, -0.1253552965167435, -0.2614596769214743, -0.4086135699150083, -0.07831726947468398, 0.48929062496542897, -0.16288335755075112, -0.3078481802347338, 0.16894945549347606, -0.27943214804868965, 0.3822860575959325, 0.2969241651548823, 0.3304506664284226, -0.33211711254707355, -0.33295274493088944, -0.08431999003514579, -0.39231617141049857, -0.17285853383928862, 0.06205411722351928, -0.3104524640390772, -0.29288068462664363, 0.04170265343087842, 0.43892322799474215, -0.3791960386007418, -0.28622001330639935, -0.1434236740815057, -0.3263784422353315, -0.09786051024501952, -0.1837597786487537, -0.11081334044957214, -0.04122406825351577, -0.43398371593682694, 0.31508489160580644, 0.14994499552182394, -0.1310200389926215, -0.43266873146995866, -0.28143914482670407, -0.19846575135331512, 0.09886909648460163, 0.48310249291713747, -0.39818641012511324, 0.036181530291287345, 0.4905312875078909, 0.3504650337189813, -0.3285408895318199, 0.4590347043778342, 0.09986714515353945, 0.4814158948575997, 0.19631536594454524, 0.17790052238519038, 0.4723668528452992, 0.1937207440505283, -0.16795345265171646, 0.1353534516820034, 0.3839670321913443, -0.18203302489205064]
Bias: 0.3515542124686434

Neuronio Saida 1
Pesos: [-0.017869621012259418, -0.16489478187524687, 0.1085333221562449, 0.08503691441499861, -0.11762860036621892, 0.1405919547514164, -0.2675745226188001, 0.08746854740849974, 0.48838086436161154, -0.2673940955012041, 0.116348674587466, 0.3967794263665092, -0.19115137132707005, 0.237913283918037, 0.25724574359912966, 0.11976622849248075, -0.44007698344025403, -0.12547637150640434, -0.2033852696268873, -0.3483294146079724, -0.295614669903823, -0.46209328444254427, 0.4234091395535202, 0.09807518861108544, 0.44587649735604373, 0.23925563601651711, -0.1713101481328383, -0.22187355669186526, 0.14360207160540572, 0.26049388229554493, 0.020872859595565174, 0.4775675044573351, 0.14804642507963284, -0.21154489554054356, -0.47630666770778585, 0.34693484554345255, -0.1687297273969024, -0.2577510162754548, 0.039311752126171995, 0.40663205770908417, 0.16500601908844914, -0.25166195033899097, 0.18734983873574462, 0.2195022197249833, 0.10806319767762551, -0.11851407944059433, -0.17836300891976453, -0.05763910986645138, -0.49395734023588245, 0.36986673989625485, -0.430015080022356, -0.3075345527223732, 0.13436695927390874, -0.35846798912976297, -0.29577998723416776, -0.4082406075769974, 0.09263065121208947, 0.3312208786251626, 0.4318126902310053, -0.2636898718221147, -0.4218354863953605, 0.22498910477067713, -0.18853703018904622, 0.22167376576018527]
Bias: -0.2550750417708101

Neuronio Saida 2
Pesos: [-0.3235644951026795, -0.25103056950047087, -0.2146471099822087, -0.051728807630197715, 0.1356037721142247, -0.22813921524267256, 0.2812889254180394, -0.4199840281083198, 0.4725552004544581, -0.10175552682789057, -0.3322339618897924, -0.05862392915265824, 0.005292554269687888, 0.23492810453050195, 0.26032446440963786, 0.3196038078796678, 0.2935586011558825, -0.48018892286770576, -0.1185806883320415, 0.35404221030498184, 0.2588583224002795, 0.42153249904685874, 0.095183361598832, -0.34720129107794073, 0.22664823513999066, -0.24270827784798865, -0.036348765299862085, -0.04639689413289916, -0.1248531150658273, 0.10602535665664325, -0.42806035031948886, -0.36334365073693276, -0.030741518767805842, -0.34527554425498896, -0.31037418541177697, -0.4871657277520365, 0.000699808674817004, 0.22534537594212445, -0.008546282317077769, 0.4256910712705564, 0.4402849852640158, 0.4704926367267518, -0.12685510230036512, -0.010448885650852224, 0.1410487218761597, 0.08830900543357689, -0.09121241506189426, -0.4611731023157205, 0.4216032484507375, -0.11517398854993621, 0.06560859205098735, -0.3057717996615853, -0.06370205464141909, -0.24474158308453586, 0.4130859952537521, 0.2222452934725484, 0.009608363428178834, -0.011378156878205092, 0.1884893951429466, 0.19645541204292039, 0.15090633470813297, 0.4265187563303138, 0.2356642056017504, -0.25764713080431856]
Bias: -0.46549242793419554

Neuronio Saida 3
Pesos: [0.3131264102564326, 0.13095271368741201, 0.17642559877228792, 0.19747142244633753, 0.1453335370710811, -0.23866930152896326, -0.04452922981779861, 0.18106648435717365, -0.24571196550566854, 0.10214932693795697, 0.45177824543867007, 0.3415158999072567, -0.48766261252216525, 0.27097218552459623, 0.14439739072031865, 0.4168828530933538, -0.10233307848818773, 0.08616042862941009, 0.4009956499960148, 0.018537043854215285, -0.31117674800749007, -0.07705514009428327, 0.3297495650266965, -0.2471287646007777, -0.1977804340373962, 0.4676834310084679, 0.1584860599536514, -0.11721138964533984, -0.19202113349785332, -0.08839100783718945, 0.37640047016978695, 0.22765207938416265, -0.411126560648724, 0.13618024865248568, 0.2766911148841228, -0.15560718764194836, -0.35728651829793057, 0.24873007245008305, 0.43001686594106436, -0.10202978030585508, -0.19189965720161573, 0.4870254931479594, 0.3163893780985717, -0.4984214224154453, -0.43015850503933706, 0.19631670726716222, 0.024961988753395614, 0.1545211917783339, 0.23304223590306627, -0.3293657438725137, -0.12534861127734165, 0.2040471966142361, -0.3019794710988458, -0.31801566852171914, 0.44848331146119713, -0.04933921570262223, 0.3143704549414915, -0.31436195819869006, -0.4410179350531419, -0.3172706007273598, 0.2591646849504473, -0.2406480835158593, 0.40227328890275615, -0.09120759784631105]
Bias: 0.12683737958201313

Neuronio Saida 4
Pesos: [0.1244214557796377, 0.36836199191535735, -0.3338738673939571, -0.20687441463986744, -0.12227146234600561, -0.22323779713911984, -0.15784808226178104, 0.08564640011474578, -0.022102881333274094, 0.17280459225575318, -0.3991908579356479, -0.4389435331070368, 0.2517986964822838, -0.4927733416458795, 0.08244544855659575, 0.4876188340921651, -0.4031581490407262, 0.022334544299442594, -0.4927380429531202, 0.10298487186487104, 0.4868968424354335, 0.2613639702337667, 0.4321283808792096, -0.026768216811778878, -0.16297003176531533, -0.07054637866802371, -0.1292148777703942, 0.3901521961620259, 0.4994451352598056, 0.3168471920460241, 0.4409910467357234, 0.16507828532510505, -0.1215643017678778, -0.4427584560565274, -0.1439707661190821, -0.16974474634028824, -0.3998226374157916, -0.043080740641493365, 0.19830826969301962, 0.22522018727228899, 0.38797055128989455, -0.36113697271287126, 0.10190917643081043, 0.3690052817063729, -0.22053246981604446, 0.19926462137281697, 0.3150517586509707, -0.13157010486783038, 0.11835169558364811, 0.1588761051733275, -0.024800572433218426, -0.08687340721317827, -0.3120650648837604, 0.48618140547032096, 0.45754714266909435, 0.31261904777723226, -0.4833696958886289, -0.13979438786629972, -0.4542457165599051, 0.30755781185487674, -0.17447480054252285, -0.055693840730498434, 0.106763016317309, -0.09983480916019805]
Bias: 0.11259234543115182

Neuronio Saida 5
Pesos: [-0.41863076874364946, -0.07208371952858017, 0.4314834694674432, 0.4308445042082809, 0.4868714634950384, 0.3571000002287308, 0.405202762040911, 0.23427774298830728, -0.20613702679295987, -0.3049230448011907, -0.3568385551135338, 0.020054428847387396, 0.07189262498067273, 0.3568026104321005, 0.004636615751279494, -0.3721386455154043, 0.2968207604221246, -0.19865169501040802, 0.17306216058362078, 0.04874666025653185, 0.37478577693405035, -0.3319471486180382, -0.05371329966894378, -0.38432135818773105, 0.16264211044213106, -0.2590983864414991, -0.2883591788229868, 0.2532525207415959, 0.15974510237506778, -0.410568184364813, -0.06510659312187539, 0.21576515606956015, -0.33976472222057386, 0.42896735911444417, 0.40264851885653885, 0.26630882382659493, -0.279623965031095, -0.24237145732393361, -0.02369768208634948, 0.39751088373810994, -0.37690188984963024, -0.364243567565559, 0.03454330290517349, 0.22541440644829558, -0.40955824557289144, 0.19178454825878966, 0.3719406070098743, 0.4317799551484889, 0.2663373866963945, 0.10067942041655642, 0.14398654060979021, -0.12298967756206458, 0.21744273411458592, 0.23600248787573042, -0.11834949512839588, 0.1421022026619455, 0.06189994488841288, 0.3561410116923023, 0.30844748194044413, -0.27644916430790767, -0.3843100347297155, -0.4123196593569032, -0.41086057320059954, 0.24058121884018535]
Bias: 0.43721065065381204

Neuronio Saida 6
Pesos: [0.24461775229876992, -0.3838937761423066, -0.13226297402815923, 0.3533303090436182, 0.4540686188652746, 0.0769168416926107, -0.49832150853575086, -0.43811506338372996, 0.03560304038120554, 0.3471185966442937, 0.4798494981504864, -0.18035701087652967, -0.13497615756453474, 0.1793021703803923, 0.2965653026573908, 0.019751382349005087, 0.1016176386980413, -0.2778584427640891, -0.10468761616059752, 0.038292943331316276, -0.0393972298806442, -0.3552992134083215, 0.442889908677515, 0.33721665456074645, -0.00016733497395426955, -0.04421546945403998, 0.10146541359568251, -0.35412930140599663, 0.16535070426112009, 0.30129175504856764, 0.20296680952864776, 0.09888030827149263, -0.19110857321040342, 0.4903351119801401, -0.37653598730673987, 0.4968486044382249, 0.20652226786294536, -0.021717253095827505, 0.3286873043753583, -0.00497447482127622, 0.2041404766328312, -0.12329137281468083, 0.48114279516197866, -0.166855453307165, 0.3278846943137519, -0.28938691431231844, 0.23265810261989306, 0.310418652184842, 0.20040741365943526, -0.4474336957696241, 0.3654318956735636, -0.3209797676147611, -0.012495348398421258, -0.10819213614536993, 0.48438954215505836, 0.15925031090063124, 0.348518246108243, 0.4910632149991826, 0.047942909540873546, -0.16258985234471068, 0.17789868618116977, 0.4903142999731537, 0.2577141850543224, -0.10893690532577627]
Bias: 0.027844434430856935

Neuronio Saida 7
Pesos: [-0.21696013001826353, 0.1963763156761511, -0.3049078233457456, 0.35625221988566236, -0.1062275462052259, -0.3690993165715145, 0.25226647996364127, 0.08038367976140548, 0.3050717864492781, 0.3498097206248002, 0.20958753156717125, -0.042467499862358093, -0.33630553202958846, -0.362439040527614, 0.19595552595288834, -0.20891843067692162, -0.35517711781139416, -0.2818635269674775, 0.24838251766305464, 0.23531889655618365, -0.4908674853874313, 0.22595751178369883, 0.07568209694287054, 0.17831780601664815, 0.48848418785952596, -0.35239454078260224, 0.45039815442786024, -0.07288893551047704, 0.3416600910441794, 0.4259853367234133, -0.40395226809692497, 0.4741587599655669, -0.3203671206156672, -0.44752788456270964, 0.4802767598288892, 0.1500978048032955, 0.09339239026473034, 0.46972697338885305, 0.12697254659645563, -0.09600600417702643, -0.466007172176223, -0.25914457889910947, -0.011374106238114856, 0.18798410591598946, 0.45455536374812566, 0.15279696691930467, -0.12462835925929394, 0.19179484986636008, 0.2953252097274056, 0.1585188514710303, 0.277730811116649, 0.3648957894608017, 0.15031093643680893, -0.224783959743876, 0.15319547388790755, -0.13267694405017483, -0.3799996143830744, -0.41736300943753457, -0.010781559039582889, 0.16879220983742504, 0.009748497791104316, -0.476973238685351, 0.07298190882317224, 0.07263056546075908]
Bias: -0.22627519299294174

Neuronio Saida 8
Pesos: [0.24535929482097352, 0.29434371436297146, -0.3189034060838828, -0.01580852270160482, 0.14459664898169766, -0.06634352133897436, 0.07142309937802283, -0.4005587449280249, -0.4365016988384117, 0.4088805233106798, 0.29522482706242104, -0.3151101514299921, 0.3128679372425519, -0.480253611551251, 0.056060163806846974, 0.03641678976621143, 0.31219625867968537, -0.011436737597497859, 0.018901115932642876, 0.08472153945998684, 0.21374912425002157, 0.2900676924862017, -0.37591067140170775, 0.2529881910045725, 0.46568104370372276, 0.39760229823981275, -0.3193358267694456, 0.09910260658872039, -0.3200624435743392, 0.05472176855230981, 0.30051297183555425, -0.3769546967808667, -0.37118400949924424, -0.29377009978413215, -0.33878973806037815, 0.0624962095674908, 0.3514501061519141, -0.4649947204842395, 0.479928434824326, 0.0061483107401275605, -0.13644035930725817, 0.04442715027632704, -0.0769486727036306, 0.44522848470627785, -0.49991443568216953, -0.19940002228195775, 0.4462146158948137, 0.019443071667995304, 0.2828018240138651, 0.15915757815616127, -0.055079712421782, 0.07707146920593688, 0.1951014944384697, 0.022666259935372635, 0.4860195219278124, -0.14788287426403068, 0.038209486831652706, -0.2901604943876691, -0.40099086863832933, 0.3197632956857648, -0.26289964439918145, -0.31192634894201665, -0.20029077041085686, 0.33262780469069575]
Bias: 0.45742292802190776

Neuronio Saida 9
Pesos: [0.10214438700728579, -0.28396003252429414, -0.14093483777794458, -0.3715078850902289, 0.12231274263571956, -0.42564034052305966, -0.24503262891862965, -0.11821768693798085, 0.40365993353217366, -0.09994062441536977, -0.4167459238712454, -0.24582060667480776, -0.07465663596839223, 0.19451537089976623, 0.035904319612405367, -0.42944195397519924, 0.2326748987242555, 0.495359269031285, 0.19680293385365022, -0.3073725796159732, -0.12785774049429488, 0.15731805300542046, 0.3205082082109707, 0.10494469228418968, -0.08031352742338327, -0.34650859001010414, 0.49244899144607823, -0.06637286857558866, -0.4740901368557089, 0.10360724663360177, -0.42247540302481335, -0.3753787761072057, -0.3900098675192949, 0.04836878483579499, -0.43404064082087945, 0.14017748898993543, -0.1371805153098301, -0.1664826513970573, -0.22674699763708095, 0.36885537056697426, -0.2742345312711091, -0.490136667356291, -0.12284401819493473, 0.46877348588575096, -0.12136764860314986, -0.3949972705339372, 0.42563586029040434, -0.324268627714547, 0.2283274149560326, -0.19345044651011345, 0.32134324913321555, -0.010381399873341968, 0.028960118807108692, 0.20045553574083796, 0.36539834947881633, 0.05154223196993735, 0.10746694430013104, 0.3965702432987338, -0.32925258339944197, 0.4465103056421348, -0.11043666913604377, -0.15482711191412069, 0.24129713831701782, 0.4680002837534799]
Bias: 0.031682137784895925

Neuronio Saida 10
Pesos: [0.09461697848156936, 0.3496300161082391, -0.023138131258561345, -0.37242779687746597, -0.4905025311808412, 0.013565418967773413, -0.34450871752528156, -0.3736316402057548, -0.1211993353995624, 0.23542237481005412, -0.4471353745576617, 0.22541927277440932, 0.47449984677248214, 0.20750241560882443, -0.25088837237495765, 0.10870299054863852, 0.20678676260848783, -0.31689547420322894, 0.4862462755590782, 0.2984688987483517, 0.002229245653894929, -0.22417702561157704, -0.07223491727862763, 0.44167700945188704, 0.3813877100036438, 0.31402325055572466, -0.1948125687566754, 0.3579214743296971, 0.4474546485070996, -0.09348521552549005, -0.18726308759118915, -0.4098594066897282, -0.4205251330383628, 0.2299530300500745, 0.4448669485273481, -0.33488687444242315, -0.44258847769658927, 0.2434094569522951, 0.05415977485171708, -0.007149466810025928, 0.37435296185832223, 0.46216633132395657, -0.07601637633865288, 0.00868236223192076, 0.2307973663242785, -0.0203440524801225, 0.015011487045301863, 0.4979544257877332, 0.38808053383536145, 0.19788195285716337, -0.09452854831591062, 0.11628660701352356, 0.4108864056423114, 0.24591726070113662, 0.2141600729896046, 0.20259171377364404, 0.24966795254543883, -0.25577375297083005, 0.23898315177242535, 0.45086838990791844, 0.32336339353895116, 0.38033189583526084, 0.02811141821800245, 0.10919360848036386]
Bias: 0.10737354642638586

Neuronio Saida 11
Pesos: [0.46464738375345116, 0.17452216841418555, 0.3819305655636671, 0.023516415832926407, -0.27493142206360255, -0.42487762594930134, 0.33940893510966597, 0.013684484014596987, 0.452483602247436, -0.07727773118385783, -0.12090523413953214, -0.1267163010706872, -0.3867664908024774, 0.41404517500894644, -0.25023477649892567, 0.03911962248963896, 0.2664139111176592, -0.3821345993126576, -0.20082200703677033, -0.20645496051944212, -0.286934055371327, 0.23802572213989825, 0.06884194458739068, -0.28253680524933067, -0.1951802005685196, 0.4331114438111703, 0.14297363546139752, 0.3257273874686498, -0.4645708729668381, -0.03694301923741472, 0.11774869150185419, -0.011733538974100899, -0.14425593610189036, 0.11553024843598803, -0.17144819871820027, -0.14610725561407167, -0.49484558887987073, 0.39019627662326084, -0.3138422936047012, -0.14546767615628442, -0.39866222120222594, -0.007953880745586561, -0.415256220630582, 0.01431859954081438, -0.34628933362127057, -0.37615735148557194, -0.012587845273983156, -0.34436959945077006, 0.1566334459940698, -0.2739047671057383, -0.10464117397137385, -0.20071504738557566, -0.07165853014444279, -0.3178179596630679, 0.3115438540986305, -0.39130500711970595, -0.06142793106824429, 0.3393574613284819, -0.33816569939349295, -0.14626222292265978, -0.066039845304115, -0.14076325384098098, 0.37051407031133343, -0.3015353820423362]
Bias: -0.31043293114826265

Neuronio Saida 12
Pesos: [-0.45974369247495883, -0.10545399471330819, 0.24392398693571615, 0.4009978103012334, -0.3396874989106893, -0.30100807586032274, -0.020705014767506413, 0.1652428953567795, -0.23420037985747832, -0.07890467726388706, 0.05012367289936237, 0.29982008547884575, 0.21432095861013223, -0.17511230147562995, 0.2643927095855585, 0.3817665308704675, 0.0018585825413058865, 0.4235612507305532, 0.3430629136088439, -0.11115149310665084, -0.3902672159844742, -0.392120415026598, -0.4788477932950588, -0.3444580112090666, 9.314242671587536e-07, 0.2673849514457409, -0.26349506488412744, 0.178310318513481, -0.15785900183271584, 0.47643852678751064, 0.23743155604622423, -0.06567148506497589, -0.21053337095511437, -0.014070756117888661, 0.26089989713543604, -0.25225270079364515, -0.3475042750742393, 0.011239835522027564, -0.2505332136069326, 0.26672760482892377, 0.3641668056214654, 0.49425706044551554, -0.2526456291501936, 0.3206094162848512, -0.30158754085084183, 0.20646089898583975, 0.3099524684478706, 0.2011449540440493, 0.0023339436285230164, -0.31881175049641, 0.49255166839712794, 0.09119619897684383, 0.13447719178144701, -0.2706158077682467, -0.36770418732402355, -0.46163356845183945, 0.490398795844446, 0.4290983315274799, -0.07369702296211322, 0.11646735816928366, -0.40906456958986737, -0.44904463454818244, -0.09270280953518173, -0.19355405345440768]
Bias: 0.1333099751183714

Neuronio Saida 13
Pesos: [-0.26857235117424105, -0.1638221485460114, -0.020804762383179964, 0.0098636927237572, 0.14387315550189828, -0.19571001000661448, -0.2307539108129133, -0.21944405926019894, -0.14897548622201684, -0.08192580009275208, -0.1801591150827242, -0.4524436057973532, -0.45911087095338166, -0.44786936297691804, 0.2447547042492002, -0.2880224489769566, -0.027941835819487726, 0.40848197494836014, -0.3992383000932074, -0.31515999695462704, 0.44832818576161815, -0.1364187573322494, -0.19564330494755056, -0.4031127790440058, -0.4863384166139252, 0.05176822670149528, 0.36197427012255845, -0.16878826647573186, 0.24129210270967516, -0.13861503643593187, 0.2788083075650861, 0.028862063621832412, -0.12840771497598136, 0.1502483433183055, -0.28996669810766573, -0.11595064336634309, 0.3871937998113447, -0.36951459475190473, 0.24258743674930272, -0.37964565276325546, 0.0865614560867114, 0.4121768316927654, 0.15435515953160184, -0.30956639950776477, 0.20466005389220854, 0.42550063951788397, -0.42512039883570374, 0.046579022847193174, -0.15710203124972877, 0.22535065914838392, 0.4896446150614918, -0.29800088306101, 0.22076946611458326, -0.45618889385587025, -0.30829327241918036, 0.050495681998156905, -0.24747449240396435, 0.37707534253116803, 0.35343829427725093, 0.4068148475911173, 0.47512615730866437, 0.39491302792736904, -0.05151777990263229, 0.21732587454787589]
Bias: 0.4108491795966458

Neuronio Saida 14
Pesos: [-0.43229150412365336, -0.08099583891210893, 0.43133232707116176, 0.0038694276726630727, -0.4781251015742487, 0.0991536622803556, 0.19670622771596113, -0.37106576346116993, -0.4545547741964242, 0.06617476836438019, 0.2943903801774531, 0.1938033341630616, 0.2407151968369894, -0.1025061719490149, 0.18469427922718107, 0.37025571997081996, 0.4715384175999874, -0.33448177994977735, 0.25072779140828816, -0.11584958015010816, 0.2793721734750785, -0.09915104055987023, -0.22850581104364553, -0.315933659645911, -0.33999694457726204, -0.2821922779670898, 0.19672174758360772, 0.3791550169037826, 0.29064687723514193, -0.04455901307003385, 0.2077540212912795, 0.02507320239271682, -0.19658982863668295, -0.27966367232528566, 0.2082547043898303, 0.05215092092084428, -0.32889090311579816, -0.4543875341596768, -0.2617832251500838, -0.4609093245892574, -0.351860523655668, 0.3836024722289778, 0.4272479573858633, -0.22956514452857646, 0.2906213183069226, 0.14241312429326514, -0.25099192567515183, 0.32341026671210216, 0.034594924123472204, -0.4986000385236331, -0.1525381011315966, 0.10515953579707904, -0.1308898380058865, -0.41675384382584824, 0.20546171727766382, 0.04927507239608597, 0.2220795909584432, -0.09165711776662055, 0.11148203384053212, -0.17536485951199177, -0.44273656885359214, 0.31592215605384244, 0.3239317860862847, -0.2807204072886954]
Bias: 0.4652274644351736

Neuronio Saida 15
Pesos: [-0.32326476085195543, 0.47160470497338836, 0.037388694713395676, 0.4787623872457588, 0.2781859929786391, 0.28051318662808244, -0.3935572674676613, 0.24576978898134372, -0.1180190224524118, 0.15382471872378256, 0.37002578844301126, 0.1343055412496752, 0.05087780360995975, 0.3168470296426481, -0.27936096247834696, -0.23120649752081468, 0.0816637995079208, 0.30773296101556213, 0.2528976976533488, -0.3443585228468783, -0.268276857362599, 0.22628612394559056, -0.13135999330629278, 0.4021681433842099, -0.40630893784790356, -0.31848645613051874, -0.3149719773560913, 0.36235217136227005, -0.3111400785322638, -0.009481616740263599, 0.22947999224369697, 0.14756427170369213, -0.47895269609868363, -0.3370813512410742, -0.32226573066786535, -0.10580266499991109, 0.10782207688575995, -0.43054588032124674, -0.4279513103783501, -0.2547461654616583, 0.40913105491637247, 0.47038546504456025, -0.399766201344826, 0.026778549978817123, 0.22676462494167826, 0.30799272665223865, 0.10329351648487106, -0.1221248702407588, -0.4792840845135189, 0.3265622482713465, 0.26344575606671816, 0.1444821129342745, -0.4562599574612153, -0.2516570555409966, -0.4164044539059961, -0.35736439422817246, 0.1273843765231757, -0.48650309598147556, 0.46636076278534655, 0.4576176910971157, -0.3936610553982097, 0.23613151027452461, -0.16161008288919776, 0.20745575491313029]
Bias: -0.2976783578155183

Neuronio Saida 16
Pesos: [-0.01957456946617553, 0.0628512344687453, -0.05567380178373371, -0.33685555825095637, -0.16824368030646164, -0.3454866763665613, -0.44412449342365246, 0.19204119792175767, 0.12748585301349236, -0.37692448481017427, 0.32492490145955866, -0.39718468826530806, -0.20326150877352, 0.011542416263050304, 0.3364833847827067, -0.35816497354797716, 0.41216696220869375, -0.4759991301098828, -0.0728645668522786, -0.35262348984696046, 0.15536459749077414, -0.2741156077258966, 0.3789901039333453, -0.11525619263376086, 0.38422391351201524, 0.32278487012993284, -0.3875913285328405, -0.3304409385415312, -0.3898643462022956, -0.39826374533424913, 0.45584906847636597, -0.14269209596298682, 0.11569676796886907, -0.3816490295492597, 0.4233196074120865, 0.4198736033201538, 0.3955864909540625, 0.10450638198184192, -0.3219322232259184, 0.030480640641183054, 0.09961148486558702, 0.17943331171009347, -0.3497799642896835, 0.1672733849820548, -0.19843623321683512, 0.31756254499409753, -0.15161431673614556, -0.396077437169155, 0.416234355414292, 0.1617317152702249, 0.432881834100194, 0.31071941485244514, 0.21130668221923365, -0.4236305073733917, -0.49782123519693344, 0.4330949483666525, -0.3513570518956778, 0.15585412194273685, -0.17974399665161833, -0.10940042550343732, 0.22134346363582258, 0.285546094002867, -0.021567986796425576, -0.43268636529770477]
Bias: 0.077842879499891

Neuronio Saida 17
Pesos: [0.45958531444302, -0.2215238575289561, -0.40955298153271225, 0.4947716826761942, -0.3181276636754319, -0.1149826023533288, -0.18068422008897012, -0.07616793005698519, 0.19342083463705229, -0.08605565427435113, 0.2935015904650403, -0.16653485493197095, 0.3021409283878673, 0.15395422221425847, -0.2540918783606201, -0.08134036846951209, -0.0028977055940982988, 0.03377064684481468, 0.03247443241039327, 0.3214041980364509, -0.11537274655984553, 0.08096393730432572, -0.07815923894237031, 0.07787643951619083, 0.19349895277091922, 0.24828349962334317, 0.20309331333078606, -0.2648069310060931, -0.49713389424026266, 0.4939053121998541, -0.48284534839988924, 0.0583744680428977, 0.4576157713949134, 0.42090410076198215, -0.4404226101088381, -0.15065246551589273, 0.3487514991263234, 0.3667725084621226, 0.31901045247427573, -0.20530271187135296, -0.35585975769719236, 0.3533122059069602, 0.4718196014414858, 0.4129539088985098, -0.25750259152995525, 0.3278218077464937, -0.4441343341246593, -0.3621986872163728, 0.4620519853814, 0.20396285610703058, -0.12253921677856505, -0.4736531175961902, 0.46491319257549, -0.12831576873299977, 0.20140176345415284, 0.1627473203957608, -0.4262297043440747, 0.33743719454054266, 0.37047697721550754, -0.4698142696403961, -0.13475578173043212, -0.42100670751150104, -0.422934703435915, 0.06918315463563784]
Bias: 0.31371125889193163

Neuronio Saida 18
Pesos: [-0.35028277512328554, -0.3175754884647971, 0.243557938487175, 0.24810712432451565, 0.1985639255401921, -0.20049230404060714, -0.08847751675130866, -0.1626630094351349, 0.28139690790211513, 0.19524702439613206, -0.2132309294397633, -0.3441126640140951, 0.38115714224021346, -0.46788089272250544, 0.2511329291282609, 0.0032954227950333648, -0.4891324237257937, 0.3326800944180843, 0.17990354409994147, 0.3759765137307085, 0.054155921275964025, 0.32951823069195707, 0.41915023008037455, 0.0018724374922659548, 0.20935281535472605, -0.07632973841242319, -0.34319936281571095, 0.4731223292048016, 0.02150104476183856, 0.47792628371024903, -0.374866643971691, -0.2881357565492212, 0.11904376041886822, -0.28109358703873344, -0.31630622727792745, 0.24599573743333958, 0.05929428789826774, 0.34171298948831286, 0.31655883559902454, -0.031563904304681256, -0.18681033959463278, 0.1418908343099048, 0.32725367978565434, -0.33517564047372606, 0.30333926060406957, 0.14664719569848395, -0.3052694106853041, -0.3915991179317232, -0.42219142345561367, 0.10319016709027629, 0.3466092745622371, -0.47195114016883144, -0.21779306856721348, 0.04156791498113077, -0.4346808328337227, 0.09711075582338125, 0.25652144036953906, -0.19087988743376882, 0.05169137717579242, 0.13838896102608667, -0.4676332083319489, -0.23083198752224932, 0.47666314669044885, 0.06479681316669683]
Bias: 0.06373932202528387

Neuronio Saida 19
Pesos: [0.29022570314859586, -0.4543193873163395, -0.18541970779589623, 0.4435091414198641, -0.4915212692279993, -0.14335085636616185, -0.21759782017216822, -0.10186361148792444, -0.3051162934715119, 0.2518422707218029, 0.22568812486408119, 0.473850742947436, 0.20265681054209483, -0.40262016407163304, -0.09271343874550486, 0.24145134168549176, -0.39899711681770456, 0.30749433320060504, -0.3498133419179521, 0.0871755093043245, -0.11788826825504728, 0.08635820350656165, 0.35202709613299576, -0.20988061903996025, -0.3484621891202482, -0.03689377696251239, 0.38520387281442225, -0.40670913493023597, 0.21846270733751405, 0.3844020680758893, 0.3074760338772813, 0.15422014997052114, 0.2688257151734421, -0.33895297353404297, 0.46366735921516944, 0.016300797404936396, 0.2287206397111633, 0.15139491500919366, 0.4302272034334854, -0.15858471060186474, 0.2853518585204897, -0.16097929111986176, -0.13968364429868196, 0.3559525530050779, -0.0690985542534821, 0.3906799309906548, 0.27417500080819035, -0.11236572832531766, -0.29117935898147906, 0.1103872329509038, -0.42500171096611283, -0.34759859318360053, 0.12778964634541068, -0.0024771757617143564, 0.30472644429610485, -0.35737747873129466, 0.37045748017387314, 0.04713605245600394, 0.4689471185012387, 0.2814455173547181, -0.4128323160192947, -0.40588600594693536, -0.18628129981668573, 0.4340559713215245]
Bias: -0.33852751502274103

Neuronio Saida 20
Pesos: [-0.21988267767048164, -0.1366717342036331, -0.41077075845648414, -0.32081374741602675, 0.2719405104275133, -0.24205590049815695, -0.026739046137901012, -0.2439736965064231, 0.3766578692350192, 0.15029208305597874, -0.3595527564001868, -0.37603377571939944, 0.0687334499378427, -0.4604073586801283, 0.3590032554166396, -0.0990607857031135, 0.35700095906617857, 0.41714011639792303, -0.37101576148846993, -0.13326773410678472, 0.34483564365380925, 0.4520449587229297, -0.12631690439961452, 0.18220089683826435, 0.005942429975362651, -0.2371725672676518, 0.3755364566389333, 0.1825555864175824, 0.1206137238251539, 0.1438667852957447, 0.24104256026886872, -0.25518321469615934, 0.3212350350677997, -0.4920570540833308, 0.3530597843624502, -0.2093393998159343, -0.3417941959937385, -0.10071957965322442, -0.42702132297269046, -0.11177700106681232, -0.03772142775989651, -0.4064968798388693, -0.03412240394585808, 0.14248448263940028, 0.4001265154651533, -0.035147003016478995, -0.4141774536648888, 0.23177812329194192, 0.4174603518809984, 0.4224907487403219, 0.2682166504346907, -0.30052900015175, -0.1712793628538286, -0.18271513773185366, 0.4964382320968018, -0.013704983795917225, 0.20229083851937024, -0.02378053132946467, -0.22162493724689902, -0.4617176611342936, -0.34425888248880454, -0.03003245483701089, 0.14021638194821873, -0.17981338077629683]
Bias: -0.4686767459823882

Neuronio Saida 21
Pesos: [0.10107741336677611, -0.11971517605781368, 0.43645966655413493, -0.13850724108845647, -0.06989026085614547, -0.026590360601091212, -0.445922484908306, 0.36802060174154283, 0.4526450094477563, 0.18367144035488625, -0.23015188983029666, 0.13568729293425097, -0.4164087165762641, -0.4307409504510067, -0.09493151991286053, -0.2016631970273265, 0.2122067023174533, 0.37128912970216466, 0.024777943000978908, 0.16964439968074396, -0.2405527741903195, 0.3305490915011039, -0.40755873996796776, 0.40164173713724527, -0.1579808521019983, 0.2531760506101324, -0.3354667186840974, -0.150723740891057, -0.08089892207365301, -0.02450058210263939, 0.18883049327028834, -0.33931084002860024, 0.1966900858043431, -0.14530762350113835, 0.19290143676338245, -0.1108620328976535, -0.49006849109449657, 0.28307237396969853, 0.0971286386144159, -0.4221912866627896, 0.1679624883717995, 0.11651237416727267, -0.17626742523861727, 0.48636794703829145, 0.43896905879942016, 0.242836347410343, 0.2367192859435574, -0.18348471064726435, -0.3494937204085208, -0.041340932743106795, -0.35251341388042523, 0.36430134859984986, -0.386393123924607, 0.4699761247183778, -0.09361336184440039, 0.020691698210582365, -0.49632310876072494, -0.04944103253391585, 0.33251082790841957, -0.374282794935308, -0.05067134917589733, 0.4694575114427284, -0.40255394550795875, -0.28137722800889964]
Bias: 0.47903198888642295

Neuronio Saida 22
Pesos: [-0.07982389109994414, 0.04608622770297821, -0.33389897196782115, -0.12244342851536516, -0.15191444598314863, 0.4523768811759278, 0.4717445051642376, 0.07683642920184475, -0.48562898210990124, 0.31377934935535823, -0.48380873127323043, 0.3966549136263535, 0.0020852000940703164, 0.3677581483479242, 0.19931714608617612, 0.14891167729383825, -0.044002514972882545, -0.08961318916284311, -0.14778877922754097, 0.042467016174265626, 0.023169822797701856, 0.26508113992085014, -0.3866200005535122, -0.3241861949948701, -0.07161638607739296, -0.3231048393789413, 0.0948918101389492, 0.04276287880447627, -0.11843667712041794, 0.3450916086107909, 0.18855065614195043, -0.06250632826904035, -0.21675163729419844, 0.12037648959384506, 0.4251355968854037, 0.3569972671510656, 0.49536322122529275, 0.3059397625717112, -0.3961879604336773, 0.14962458622773356, 0.11626037159932212, -0.08872033578399352, -0.003595070913853693, 0.2517267586575872, 0.4272289093191455, -0.4002979276066635, -0.055896643524158685, 0.08123358194433627, -0.46736446270562615, -0.210095540793946, -0.07935914239383401, -0.2771206291252356, -0.04537012017080255, -0.11892016891761792, -0.3044397618149025, -0.030425757538143583, -0.3755594391330058, 0.4676161020528615, 0.4140293185706967, -0.08706525781755481, 0.320417975223507, 0.20383495676990715, 0.24115305688834598, -0.4923948650090635]
Bias: -0.12535619897994366

Neuronio Saida 23
Pesos: [-0.27606340119569894, -0.21639557728462566, 0.37960716082663715, -0.2355009294495234, 0.33848417477811166, 0.2951382093827255, -0.08528347556813953, -0.2584455609011833, 0.4001872532744635, -0.08544333999846421, -0.484469935102412, -0.3466246516219518, -0.12559425949476943, 0.3167070114535334, 0.32003439025018676, 0.09994567422174627, -0.16491006187788593, 0.4591605929448265, 0.49282912485316155, -0.2581688869316908, 0.4734903230619608, -0.3073395966271467, 0.14443435812978245, 0.3285498995451702, 0.30133164623335273, 0.07785361579881933, -0.37112953559017403, 0.1362734913111604, 0.4773556346305661, -0.32628272918523094, 0.4041713723400603, 0.01727707802089784, -0.06259841299824787, -0.40042207606118285, 0.30117197428889775, 0.004257046568190481, 0.13144106847743497, 0.2842812939883185, 0.3430307266277959, 0.12731838164229214, -0.23976987721519272, 0.052905508570769144, 0.4487003037512647, -0.2962374233211993, -0.40673459302157, -0.06257896116720052, 0.12889412619197538, 0.09328819180316184, -0.47218166576251663, 0.2075759138440525, 0.4205943940013638, -0.42122749558244776, -0.11759515087835593, 0.24233962397403386, -0.3694519848867194, -0.04629373822761218, 0.13150179220430358, -0.14187864820245533, -0.26027811577526694, 0.39790924058672206, -0.2030774936539761, 0.03541722029787886, -0.25474558229511524, 0.2800289527110561]
Bias: 0.28604819907327705

Neuronio Saida 24
Pesos: [0.2703915853834131, 0.15925769546440882, -0.22503517506298898, 0.4349758933765405, 0.12743800895766033, 0.13838656980393704, 0.07935457577510951, -0.3965807697852588, -0.04087227637172475, 0.09589444192263719, -0.39292334659520256, -0.2175369615704219, 0.3946047885762728, -0.40722285898490684, -0.005754948819997829, -0.13860268210828963, 0.33831588333824614, -0.10919979139662006, -0.008963042531598742, -0.47804303159009576, -0.4264240303150022, 0.4592171730524507, -0.42368731491047174, 0.1873364107303851, -0.1247456305495388, -0.18641506408488906, 0.40830239989518013, 0.3085490551673147, -0.3201935641560333, -0.4898597083714741, -0.321322927924496, 0.06729384981999842, 0.10665485899753069, -0.46854952635461744, 0.47591587411471037, 0.4937395777313688, -0.0160890072962937, 0.11400499641889972, 0.04648277167241688, -0.34161173163541747, 0.2416968290098087, 0.4265831792473317, -0.307154740347633, -0.4704447572234707, -0.4769618249088905, 0.01174472094298129, -0.34765398341188936, 0.3668742579586106, -0.3852115430044206, -0.2830422145910739, -0.17246027187582091, -0.28023888853607515, 0.2277438990146049, 0.439848103572281, -0.23240946774433202, -0.01842512786956485, 0.45322936096764976, -0.1514466203146907, 0.05149711409154922, -0.20567912260410381, 0.24519445604839718, -0.004198294609323305, 0.01265654672939831, -0.1000578483764224]
Bias: -0.30694576166500787

Neuronio Saida 25
Pesos: [-0.3270404845634368, 0.18705745671716156, 0.3873148911997387, -0.21891723601615953, -0.10717407537330248, 0.08364825541640242, 0.26644886722846983, -0.18841487045844563, 0.2940995261507615, 0.4537620747242893, -0.012168210495474452, 0.38285733346758577, -0.07626267823331223, 0.24707927012200592, 0.315892199566578, 0.12291096231012866, 0.1072956501174408, -0.07068702429741047, 0.06714203471627456, -0.12603951321620743, 0.13269846751795478, -0.435733747114216, -0.3327509471070045, -0.466239989116062, 0.01135681013065315, 0.0868692428604384, -0.20652645376412504, 0.32668641863206094, 0.14509797059281226, 0.46514524914695454, -0.1477466642982761, -0.4700600496333096, -0.32009576403319495, -0.17731883801976744, 0.2908963723921395, -0.1422554832300682, -0.42735966879737264, 0.15695461162671664, -0.12803571563184513, 0.2795145535055763, -0.37769639484857775, -0.18141085886737396, -0.48909897568223915, -0.17113061089983272, -0.03462337279715211, 0.29523942114085877, 0.398743973915642, 0.06164058347221568, -0.11440911677767152, 0.10180191108714909, 0.027262361477787933, -0.39707980632067696, -0.22195153149764524, 0.10790437419914489, 0.38336012368967, 0.3599126388977838, -0.4251758040938647, 0.3926640201082089, -0.07824985919794503, 0.2562012034297404, -0.18221670528207368, -0.1798785910148143, -0.3028767477746328, 0.302725192114221]
Bias: -0.001349031576575066

